id;step;opp_next_step;camp_next_step;points;distribution;bicolor;suit1;suit1_count;suit2;suit2_count;first_pass;won_tricks;def_tricks;lost_tricks;fit_cards;stops;hist_bid;function1;function2;arg2;function_bid;arg_bid;raw_bid;sense_id
1;OPEN;;OUV_2K;>=24HL;;;;;;;;0;;;;0;;;;;;;2K;1
2;OPEN;;OUV_2K;17H-23HL;unicolore;;Majeure;;;;;9;>=2;;;0;;;;;;;2K;1
3;OPEN;;OUV_2K;17H-23HL;unicolore;;mineure;;;;;10;>=2;;;0;;;;;;;2K;1
4;OPEN;;OUV_2T;20-23HL;unicolore;;Majeure;;;;;8.25;>=2;;;0;;;;;;;2T;2
5;OPEN;;OUV_2T;20-23HL;unicolore;;mineure;>=7;;;;9;;;;0;;;;;;;2T;2
6;OPEN;;OUV_2T;21-23HL;;;Majeure;5;;;;0;;;;0;;;;;;;2T;2
7;OPEN;;OUV_2T;22-23HL;semi-régulier;;;;;;;0;;;;0;;;;;;;2T;2
8;OPEN;;OUV_2T;17H-23HL;bicolore 5/5;;Majeure;;Majeure;;;0;;3;;0;;;;;;;2T;2
9;OPEN;;OUV_2SA;20-21H;semi-régulier;;;;;;;0;;;;0;;no_good_major_5;;;;;2SA;3
10;OPEN;;;15H-17H;régulier;;;;;;;0;;;;0;;no_good_major_5;;;;;1SA;4
11;OPEN;;;15-16H;5-4-2-2;;mineure;;coeur;;;0;;;;0;;;;;;;1SA;4
12;OPEN;;;15-16H;5-4-2-2;;mineure;;carreau;;;0;;;;0;;;;;;;1SA;4
13;OPEN;;;15-16H;6-3-2-2;;mineure;;;;;0;;;;0;;honors_in_short_colors;;;;;1SA;4
14;OPEN;;;15-16H;5-3-3-2;;;;;;;0;;;;0;;honors_in_short_colors;;;;;1SA;4
15;OPEN;;;13H-23HL;bicolore;;mineure;>=6;Majeure;5;;0;;;;0;;;;;long_suit;1CL1;;6
16;OPEN;;;12H-23HL;;;Majeure;>=5;;;;0;;;;0;;;;;long_suit;1CL1;;5
17;OPEN;;;12H-23HL;;;;;;;;0;;;;0;;;;;best_minor;1;;6
18;OPEN;;;12H-23HL;bicolore 5/5;pique,trèfle;;;;;;0;;5V;;0;;;;;;;1T;6
19;OPEN;;;8-11H;;;Majeure;>=5;;;2;0;;;;0;;;;;long_suit;1CL1;;5
20;OPEN;;;8-11H;bicolore;;mineure;>=6;Majeure;5;2;0;;;;0;;;;;long_suit;1CL1;;6
21;OPEN;;;10-11H;;;pique;>=5;;;3;0;;;;0;;;long_color_points_H;>=4;;;1P;5
22;OPEN;;;5-10H;unicolore;;Majeure;6;;;;0;<=1;;;0;;;long_color_points_H;>=4;long_suit;2CL1;;7
23;OPEN;;;5-10H;unicolore;;;7;;;;0;;;;0;;;long_color_points_H;>=4;long_suit;3CL1;;8
24;OPEN;;;5-10H;unicolore;;;8;;;;0;;;;0;;;long_color_points_H;>=4;long_suit;4CL1;;9
25;OPEN;;;10-16H;unicolore;;mineure;>=7;;;;0;;;;0;;;long_color_points_H;10;;;3SA;10
26;INT_N2;;RI_BI_N2;;bicolore 5/5;coeur,pique;;;;;;0;;6V;;0;1m;honors_in_bicolors;;;;;2K;1013
27;INT_N2;;RI_BI_N2;;bicolore 5/5;carreau,coeur;;;;;;0;;6V;;0;1T;honors_in_bicolors;;;;;2SA;1014
28;INT_N2;;RI_BI_N2;;bicolore 5/5;trèfle,coeur;;;;;;0;;6V;;0;1K;honors_in_bicolors;;;;;2SA;1015
29;INT_N2;;RI_BI_N2;;bicolore 5/5;carreau,trèfle;;;;;;0;;6V;;0;1M;honors_in_bicolors;;;;;2SA;1010
30;INT_N2;;RI_BI_N2;;bicolore 5/5;pique,trèfle;;;;;;0;;6V;;0;1C;honors_in_bicolors;;;;;2C;1008
31;INT_N2;;RI_BI_N2;;bicolore 5/5;coeur,trèfle;;;;;;0;;6V;;0;1P;honors_in_bicolors;;;;;2P;1009
32;INT_N2;;RI_BI_N2;;bicolore 5/5;pique,carreau;;;;;;0;;6V;;0;1C;honors_in_bicolors;;;;;3T;1011
33;INT_N2;;RI_BI_N2;;bicolore 5/5;coeur,carreau;;;;;;0;;6V;;0;1P;honors_in_bicolors;;;;;3T;1012
34;INT_N2;;RI_BI_N2;;bicolore 5/5;;mineure;>=6;mineure;>=5;;0;;6V;;0;1E;;;;;;4SA;1016
35;INT_N2;;RI_BI_N2;;;;mineure;>=7;;;;0;;;;0;1E;;long_color_points_H;10;cuebid;3;;1017
36;INT_N2;;RI_BI_N2;;;;mineure;>=7;;;;0;;;;1;1E;;long_color_points_H;10;;;3SA;1018
37;INT_N2;;RI_CO_N2;8-18HL;;;;>=5;;;;0;;;;0;1E;;long_over_previous;True;long_suit;1CL1;;1001
38;INT_N2;;RI_CO_N2;11-18HL;;;;>=6;;;;0;;;;0;1E;long_suit_1_unnamed;long_over_previous;False;long_suit;2CL1;;1002
39;INT_N2;;RI_CO_N2;11-18HL;;;trèfle;>=6;;;;0;;;;0;1T;;;;;;2T;1002
40;INT_N2;;RI_CO_N2;14-18HL;;;coeur;>=5;;;;0;;;;0;1P;;long_color_points_H;>=4;;;2C;1002
41;INT_N2;;RI_UP_N2;5-10H;;;Majeure;6;;;;0;;;;0;1m;;;;long_suit;2CL1;;1003
42;INT_N2;;RI_UP_N2;5-10H;;;pique;6;;;;0;;;;0;1C;;;;;;2P;1004
43;INT_N2;;RI_UP_N2;5-10H;;;;7;;;;0;;;;0;1E;;;;long_suit;3CL1;;1005
44;INT_N2;;RI_UP_N2;5-10H;;;;8;;;;0;;;;0;1E;;;;long_suit;4CL1;;1006
45;INT_N2;;RI_SA_N2;16-18HL;régulier;;;;;;;0;;;;1;1E;;longest_major;<5;;;1SA;1007
46;INT_N2;;RI_X_N2;12-18HL;;;;;;;;0;;;;0;1E;takeout_double;;;;;X;1019
47;INT_N2;;RI_X_N2;>=19HL;;;;;;;;0;;;;0;1E;;;;;;X;1019
48;INT_N2;RUBEN;RI_OSPE;>=9H;irrégulier;;mineure;>=5;Majeure;4;;0;;;;0;1SA;;;;;;X;1020
49;INT_N2;RUBEN;RI_OSPE;>=9H;irrégulier;;Majeure;>=5;;;;0;;;;0;1SA;;majors_at_least_4;2;;;2T;1021
50;INT_N2;RUBEN;FREE;>=9H;irrégulier;;carreau;>=5;;;;0;;;;0;1SA;;long_color_points_H;>=4;;;2K;1022
51;INT_N2;RUBEN;FREE;>=9H;irrégulier;;coeur;>=5;mineure;>=4;;0;;;;0;1SA;;long_color_points_H;>=4;;;2C;1023
52;INT_N2;RUBEN;FREE;>=9H;irrégulier;;pique;>=5;mineure;>=4;;0;;;;0;1SA;;long_color_points_H;>=4;;;2P;1024
53;INT_N2;RUBEN;FREE;>=9H;bicolore 5/5;carreau,trèfle;;;;;;0;;;;0;1SA;honors_in_bicolors;;;;;2SA;1025
54;INT_N2;RUBEN;FREE;>=9H;irrégulier;;trèfle;>=6;;;;0;;;;0;1SA;;long_color_points_H;>=4;;;3T;1026
55;INT_N2;;RI_OSPE;14-18HL;;;;;;;;0;;;;0;2M;takeout_double;;;;;X;1027
56;INT_N2;;RI_OSPE;>=19HL;;;;;;;;0;;;;0;2M;;;;;;X;1027
57;INT_N2;;RI_OSPE;11-18HL;;;coeur;>=5;;;;0;;;;0;2C;;long_color_points_H;>=6;;;2P;1028
58;INT_N2;;RI_OSPE;11-18HL;;;pique;>=5;;;;0;;;;0;2P;;long_color_points_H;>=6;;;3C;1029
59;INT_N2;;RI_OSPE;11-18HL;;;coeur;>=6;;;;0;;;;0;2C;;;;;;2P;1030
60;INT_N2;;RI_OSPE;11-18HL;;;pique;>=6;;;;0;;;;0;2P;;;;;;3C;1031
61;INT_N2;;RI_OSPE;11-18HL;;;mineure;>=6;;;;0;;;;0;2M;;;;long_suit;3CL1;;1032
62;INT_N2;;RI_OSPE;16-18HL;régulier;;;;;;;0;;;;1;2M;;;;;;2SA;1033
63;INT_N2;;FREE;;bicolore 5/5;carreau,trèfle;;;;;;0;;5;;0;2M;;;;cuebid;3;;1034
64;INT_N2;;FREE;>18HL;régulier;;;;;;;0;;;;1;2M;;;;;;3SA;1035
65;INT_N2;;FREE;;bicolore 5/5;coeur,trèfle;;;;;;0;;5;;0;2C;;;;;;4T;1036
66;INT_N2;;FREE;;bicolore 5/5;coeur,carreau;;;;;;0;;5;;0;2C;;;;;;4K;1037
67;INT_N2;;FREE;;bicolore 5/5;pique,trèfle;;;;;;0;;5;;0;2P;;;;;;4T;1038
68;INT_N2;;FREE;;bicolore 5/5;pique,carreau;;;;;;0;;5;;0;2P;;;;;;4K;1039
69;REPOUV;;;5-10H;irrégulier;;;;;;>=2;0;;;4;0;1M passe;;;;support;3;;213
70;REPOUV;;;>=11HLD;;;;;;;>=2;0;;;4;0;1M passe;any_short_color;;;;;2SA;214
71;REPOUV;;;13-15HLD;;;;;;;>=2;0;;;5;0;1M passe;;suit_length;T<=1;;;4T;215
72;REPOUV;;;13-15HLD;;;;;;;>=2;0;;;5;0;1M passe;;suit_length;K<=1;;;4K;215
73;REPOUV;;;13-15HLD;;;;;;;>=2;0;;;5;0;1P passe;;suit_length;C<=1;;;4C;216
74;REPOUV;;;13-15HLD;;;;;;;>=2;0;;;5;0;1C passe;;suit_length;P<=1;;;3P;217
75;REPOUV;;DRURY;>=11HLD;;;;;;;>=2;0;;;3;0;1M passe;any_short_color;;;;;2T;218
76;REPOUV;;DRURY;>=11HLD;;;;;;;>=2;0;;;>=4;0;1M passe;;;;;;2T;218
77;REPOUV;;;8-10H;;;;;;;>=2;0;;;<3;0;1C passe;;suit_length;P>=4;;;1P;219
78;REPOUV;;;8-10H;;;;>=6;;;>=2;0;;;<3;0;1M passe;;;;long_suit;2CL1;;220
79;REPOUV;;;8-10H;;;;5;;;>=2;0;;;<3;0;1M passe;;long_color_points_H;>=7;long_suit;2CL1;;220
80;REPOUV;;;8-11H;;;;>=5;;;>=2;0;;;>=4;0;1C passe;;long_color_points_H;>=5;;;2P;221
81;REPOUV;;;8-11H;;;;>=5;;;>=2;0;;;>=4;0;1M passe;;long_color_points_H;>=5;long_suit;3CL1;;222
82;REPOUV;;;6-11H;;;;;;;>=2;0;;;<3;0;1M passe;;;;;;1SA;223
83;REPOUV;;;6-10HLD;;;;;;;;0;;;>=3;0;1M passe;;;;support;2;;201
84;REPOUV;;;11-12HLD;;;;;;;;0;;;3;0;1M passe;;;;;;2SA;202
85;REPOUV;;;11-12HLD;;;;;;;;0;;;4;0;1M passe;;;;support;3;;203
86;REPOUV;;;13-15HLD;semi-régulier;;;;;;;0;;;4;0;1M passe;;;;;;3SA;204
87;REPOUV;;;6-9H;;;;;;;;0;;;5;0;1M passe;;;;support;4;;205
88;REPOUV;;;13-15HLD;;;;;;;;0;;;>=4;0;1M passe;;suit_length;T<=1;;;4T;210
89;REPOUV;;;13-15HLD;;;;;;;;0;;;>=4;0;1M passe;;suit_length;K<=1;;;4K;210
90;REPOUV;;;13-15HLD;;;;;;;;0;;;>=4;0;1P passe;;suit_length;C<=1;;;4C;211
91;REPOUV;;;13-15HLD;;;;;;;;0;;;>=4;0;1C passe;;suit_length;P<=1;;;3P;212
92;REPOUV;;;>=13HLD;;;;;;;;0;;;>=3;0;1M passe;;suit_length;K>=5;;;2K;206
93;REPOUV;;;>=13HLD;;;;;;;;0;;;>=3;0;1C passe;;suit_length;P>=4;;;1P;207
94;REPOUV;;;>=13HLD;;;;;;;;0;;;>=3;0;1M passe;;;;;;2T;206
95;REPOUV;;;>=11H;;;coeur;>=5;;;;0;;;<3;0;1P passe;;;;;;2C;208
96;REPOUV;;;>=11H;;;mineure;;;;;0;;;;0;1M passe;;;;long_suit;2CL1;;206
97;REPOUV;;;>=6HL;;;;;;;;0;;;;0;1C passe;;suit_length;P>=4;;;1P;207
98;REPOUV;;;6-10HL;;;;;;;;0;;;<3;0;1M passe;;;;;;1SA;209
99;REPOUV;;;6-12HL;;;mineure;>=5;Majeure;>=4;>=2;0;;;;0;1m passe;;;;long_suit;1CL2;;238
100;REPOUV;;;13-23HL;;;carreau;>=5;Majeure;4;>=2;0;;;;0;1T passe;;;;;;1K;238
101;REPOUV;;;13-23HL;;;trèfle;>=5;Majeure;4;>=2;0;;;;0;1K passe;;;;;;2T;239
102;REPOUV;;;6-23HL;4-4-4-1;;;;;;>=2;0;;;;0;1m passe;;;;best_major;1;;238
103;REPOUV;;;6-23HL;4-4-3-2;;;;Majeure;4;>=2;0;;;;0;1m passe;;;;long_suit;1CL2;;238
104;REPOUV;;;6-23HL;;;;>=5;;;>=2;0;;;;0;1m passe;long_suit_1_unnamed;;;long_suit;1CL1;;238
105;REPOUV;;;6-12HL;;;mineure;>=5;Majeure;>=4;;0;;;;0;1m passe;;;;long_suit;1CL2;;224
106;REPOUV;;;13-23HL;;;carreau;>=5;Majeure;4;;0;;;;0;1T passe;;;;;;1K;224
107;REPOUV;;;12-23HL;;;trèfle;>=5;;;;0;;;;0;1K passe;;;;;;2T;225
108;REPOUV;;;6-23HL;4-4-4-1;;;;;;;0;;;;0;1m passe;;;;best_major;1;;224
109;REPOUV;;;6-23HL;4-4-3-2;;;;Majeure;4;;0;;;;0;1m passe;;;;long_suit;1CL2;;224
110;REPOUV;;;6-23HL;;;;>=5;;;;0;;;;0;1m passe;long_suit_1_unnamed;;;long_suit;1CL1;;224
111;REPOUV;;;8-11H;bicolore;;Majeure;>=5;;;>=2;0;;;>=4;0;1m passe;;long_color_points_H;>=4;long_suit;2CL1;;240
112;REPOUV;;;8-11H;bicolore;;carreau;>=5;;;>=2;0;;;>=4;0;1T passe;;long_color_points_H;>=4;;;2K;241
113;REPOUV;;;8-11H;bicolore;;trèfle;>=5;;;>=2;0;;;>=4;0;1K passe;;long_color_points_H;>=4;;;3T;242
114;REPOUV;;;>=18HL;unicolore;;Majeure;;;;;0;;;;0;1m passe;;long_color_points_H;>=4;long_suit;2CL1;;226
115;REPOUV;;;>=18HL;unicolore;;carreau;;;;;0;;;;0;1T passe;;long_color_points_H;>=4;;;2K;227
116;REPOUV;;;>=18HL;unicolore;;trèfle;;;;;0;;;;0;1K passe;;long_color_points_H;>=4;;;3T;228
117;REPOUV;;;4-10H;unicolore;;;7;;;;0;;;;0;1m passe;long_suit_1_unnamed;long_color_points_H;>=4;long_suit;3CL1;;229
118;REPOUV;;;4-10H;unicolore;;;>=8;;;;0;;;;0;1m passe;long_suit_1_unnamed;long_color_points_H;>=4;long_suit;4CL1;;230
119;REPOUV;;;6-10HL;régulier;;;;;;;0;;;;0;1m passe;;;;;;1SA;231
120;REPOUV;;;11H-12HL;régulier;;;;;;;0;;;;0;1m passe;;;;;;2SA;232
121;REPOUV;;;13-15HL;régulier;;;;;;;0;;;;0;1m passe;;;;;;3SA;233
122;REPOUV;;;6-8H;;;;;;;;0;;;>=5;0;1T passe;;;;;;2T;234
123;REPOUV;;;9-11H;;;;;;;;0;;;>=5;0;1T passe;;;;;;3T;235
124;REPOUV;;;6-8H;;;;;;;;0;;;>=4;0;1K passe;;;;;;2K;236
125;REPOUV;;;9-11H;;;;;;;;0;;;>=4;0;1K passe;;;;;;3K;237
126;REPOUV;;TEXAS;<=8HL;bicolore 5/5;pique,coeur;;;;;;0;;;;0;1SA passe;;;;;;2C;1509
127;REPOUV;;TEXAS;9-10HL;bicolore 5/5;pique,coeur;;;;;;0;;;;0;1SA passe;;;;;;2K;1508
128;REPOUV;;TEXAS;11-15HL;bicolore 5/5;pique,coeur;;;;;;0;;;;0;1SA passe;;;;;;4K;1512
129;REPOUV;;TEXAS;>=16HL;bicolore 5/5;pique,coeur;;;;;;0;;;;0;1SA passe;;;;;;2C;1509
130;REPOUV;;STAYMAN;7-8H;irrégulier;;Majeure;5;;;;0;;;;0;1SA passe;;;;;;2T;1507
131;REPOUV;;STAYMAN;>=9HL;;;;;;;;0;;;;0;1SA passe;major_4;;;;;2T;1507
132;REPOUV;;SEQSA;8-9H;semi-régulier;;mineure;5;;;;0;;;;0;1SA passe;;;;;;2SA;1501
133;REPOUV;;PASS;10-15H;semi-régulier;;mineure;5;;;;0;;;;0;1SA passe;;;;;;3SA;1502
134;REPOUV;;SEQSA;9HL;régulier;;;;;;;0;;;;0;1SA passe;;;;;;2SA;1501
135;REPOUV;;PASS;10-15HL;régulier;;;;;;;0;;;;0;1SA passe;;;;;;3SA;1502
136;REPOUV;;SEQSA;16-17HL;régulier;;;;;;;0;;;;0;1SA passe;;;;;;4SA;1503
137;REPOUV;;PASS;18-19HL;régulier;;;;;;;0;;;;0;1SA passe;;;;;;6SA;1505
138;REPOUV;;SEQSA;20-21HL;régulier;;;;;;;0;;;;0;1SA passe;;;;;;5SA;1504
139;REPOUV;;PASS;22-25HL;régulier;;;;;;;0;;;;0;1SA passe;;;;;;7SA;1506
140;REPOUV;;TEXAS;;;;coeur;>=5;;;;0;;;;0;1SA passe;;;;;;2K;1508
141;REPOUV;;TEXAS;;;;pique;>=5;;;;0;;;;0;1SA passe;;;;;;2C;1509
142;REPOUV;;TEXAS;;;;trèfle;>=6;;;;0;;;;0;1SA passe;;;;;;2P;1510
143;REPOUV;;TEXAS;;;;carreau;>=6;;;;0;;;;0;1SA passe;;;;;;3T;1511
144;REPOUV;;TEXAS;<=9H;;;mineure;5;;;;0;;;;0;1SA passe;;;;;;passe;none
145;REPOUV;;TEXAS;10-15H;;;trèfle;5;;;;0;;;;0;1SA passe;any_short_color;;;;;2P;1510
146;REPOUV;;TEXAS;10-15H;;;carreau;5;;;;0;;;;0;1SA passe;any_short_color;;;;;3T;1511
147;REPOUV;;TEXAS;>=16H;;;trèfle;5;;;;0;;;;0;1SA passe;;;;;;2P;1510
148;REPOUV;;TEXAS;>=16H;;;carreau;5;;;;0;;;;0;1SA passe;;;;;;3T;1511
149;REPOUV;;FREE;>=16HLD;unicolore;;;;;;;0;;;;0;1SA passe;;long_color_points_H;>=5;;;3K;1513
150;REPOUV;;FREE;>=16HLD;unicolore;;;;;;;0;;;;0;1SA passe;;long_color_points_H;>=5;long_suit;3CL1;;1514
151;REPOUV;;PASS;12-15HLD;unicolore;;;;;;;0;;;;0;1SA passe;;;;long_suit;4CL1;;1515
152;REPOUV;;;6-10HLD;;;;;;;;0;;;>=3;0;1M X;;;;support;2;;261
153;REPOUV;;;11-12HLD;;;;;;;;0;;;3;0;1M X;;;;;;2SA;262
154;REPOUV;;;6-10H;;;;;;;;0;;;4;0;1M X;;;;support;3;;263
155;REPOUV;;;>=11HLD;;;mineure;>=5;;;;0;;;>=4;0;1M X;;;;long_suit;3CL1;;264
156;REPOUV;;;13-15HLD;semi-régulier;;;;;;;0;;;4;0;1M X;;;;;;3SA;265
157;REPOUV;;;6-9H;;;;;;;;0;;;5;0;1M X;;;;support;4;;266
158;REPOUV;;;13-15HLD;;;;;;;;0;;;5;0;1M X;;suit_length;T<=1;;;4T;267
159;REPOUV;;;13-15HLD;;;;;;;;0;;;5;0;1M X;;suit_length;K<=1;;;4K;267
160;REPOUV;;;13-15HLD;;;;;;;;0;;;5;0;1P X;;suit_length;C<=1;;;4C;268
161;REPOUV;;;13-15HLD;;;;;;;;0;;;5;0;1C X;;suit_length;P<=1;;;3P;269
162;REPOUV;;;8-10H;;;coeur;>=5;;;;0;;;<3;0;1P X;;long_color_points_H;>=4;;;2C;271
163;REPOUV;;;8-10H;;;mineure;>=5;;;;0;;;<3;0;1M X;;long_color_points_H;>=4;long_suit;2CL1;;270
164;REPOUV;;;8-10H;;;coeur;>=6;;;;0;;;<3;0;1P X;;;;;;2C;271
165;REPOUV;;;8-10H;;;mineure;>=6;;;;0;;;<3;0;1M X;;;;long_suit;2CL1;;270
166;REPOUV;;;>=6HL;;;;;;;;0;;;;0;1C X;;suit_length;P>=4;;;1P;272
167;REPOUV;;;8-10HL;semi-régulier;;;;;;;0;;;<3;0;1M X;;;;;;1SA;273
168;REPOUV;;;>=10H;;;;;;;;0;;;;0;1M X;;;;;;XX;274
169;REPOUV;;;7-10H;;;trèfle;>=6;;;;0;;;;0;1K X;;;;;;2T;276
170;REPOUV;;;7-12HL;;;mineure;>=5;Majeure;>=4;;0;;;;0;1m X;;;;long_suit;1CL2;;275
171;REPOUV;;;13-23HL;;;carreau;>=5;Majeure;4;;0;;;;0;1T X;;;;;;1K;275
172;REPOUV;;;7-23HL;4-4-4-1;;;;;;;0;;;;0;1m X;;;;best_major;1;;275
173;REPOUV;;;7-23HL;4-4-3-2;;;;Majeure;4;;0;;;;0;1m X;;;;long_suit;1CL2;;275
174;REPOUV;;;7-23HL;;;;>=5;;;;0;;;;0;1m X;long_suit_1_unnamed;;;long_suit;1CL1;;275
175;REPOUV;;;4-10H;unicolore;;;7;;;;0;;;;0;1m X;long_suit_1_unnamed;;;long_suit;3CL1;;277
176;REPOUV;;;4-10H;unicolore;;;>=8;;;;0;;;;0;1m X;long_suit_1_unnamed;;;long_suit;4CL1;;278
177;REPOUV;;;8-10HL;semi-régulier;;;;;;;0;;;;0;1m X;;;;;;1SA;279
178;REPOUV;;;>=10H;;;;;;;;0;;;;0;1m X;;;;;;XX;280
179;REPOUV;;;7-8H;;;;;;;;0;;;5;0;1m X;;;;support;2;;281
180;REPOUV;;;7-8H;;;;;;;;0;;;6;0;1m X;;;;support;3;;282
181;REPOUV;;;7-8H;;;;;;;;0;;;7;0;1m X;;;;support;4;;283
182;REPOUV;;;>=9H;;;;;;;;0;;;5;0;1m X;;;;;;2SA;284
183;REPOUV;;;6-10HLD;;;;;;;;0;;;>=3;0;1C 1P;;;;;;2C;311
184;REPOUV;;;11-15HLD;;;;;;;;0;;;3;0;1C 1P;;;;;;2SA;312
185;REPOUV;;;11-12HLD;;;;;;;;0;;;4;0;1C 1P;;;;;;3C;313
186;REPOUV;;;13-15HLD;semi-régulier;;;;;;;0;;;4;0;1C 1P;;;;;;3SA;314
187;REPOUV;;;6-9H;;;;;;;;0;;;5;0;1C 1P;;;;;;4C;315
188;REPOUV;;;13-15HLD;;;;;;;;0;;;5;0;1C 1P;short_in_interv_color;;;;;3P;316
189;REPOUV;;;13-15HLD;;;mineure;>=5;;;;0;;;>=4;0;1C 1P;long_suit_1_unnamed;long_color_points_H;>=5;long_suit;4CL1;;317
190;REPOUV;;;>=11H;;;;;;;;0;;;>=4;0;1C 1P;;;;;;2P;318
191;REPOUV;;;>=11HL;;;mineure;>=5;;;;0;;;;0;1C 1P;long_suit_1_unnamed;;;long_suit;2CL1;;319
192;REPOUV;;;4-10H;;;mineure;7;;;;0;;;<3;0;1C 1P;long_suit_1_unnamed;;;long_suit;3CL1;;320
193;REPOUV;;;4-10H;;;mineure;>=8;;;;0;;;<3;0;1C 1P;long_suit_1_unnamed;;;long_suit;4CL1;;321
194;REPOUV;;;8-10HL;semi-régulier;;;;;;;0;;;<3;1;1C 1P;;;;;;1SA;322
195;REPOUV;;;>=8HL;;;;;;;;0;;;<3;0;1C 1P;;;;;;X;323
196;REPOUV;;;6-10HLD;;;;;;;;0;;;>=3;0;1M 2E;;;;support;2;;324
197;REPOUV;;;11-15HLD;;;;;;;;0;;;3;0;1M 2E;;;;;;2SA;325
198;REPOUV;;;11-12HLD;;;;;;;;0;;;4;0;1M 2E;;;;support;3;;326
199;REPOUV;;;13-15HLD;semi-régulier;;;;;;;0;;;4;0;1M 2E;;;;;;3SA;327
200;REPOUV;;;6-9H;;;;;;;;0;;;5;0;1M 2E;;;;support;4;;328
201;REPOUV;;;13-15HLD;;;;;;;;0;;;5;0;1M 2E;short_in_interv_color;;;cuebid;4;;329
202;REPOUV;;;13-15HLD;;;mineure;>=5;;;;0;;;>=4;0;1M 2E;long_suit_1_unnamed;long_color_points_H;>=5;long_suit;4CL1;;330
203;REPOUV;;;13-15HLD;;;coeur;>=5;;;;0;;;>=4;0;1P 2E;long_suit_1_unnamed;long_color_points_H;>=5;;;4C;331
204;REPOUV;;;13-15HLD;;;pique;>=5;;;;0;;;>=4;0;1C 2E;long_suit_1_unnamed;long_color_points_H;>=5;;;3P;332
205;REPOUV;;;>=11H;;;;;;;;0;;;>=4;0;1M 2E;;;;cuebid;3;;333
206;REPOUV;;;>=11HL;;;;>=5;;;;0;;;;0;1M 2E;long_suit_1_unnamed;;;long_suit;2CL1;;334
207;REPOUV;;;4-10H;;;;7;;;;0;;;<3;0;1M 2E;long_suit_1_unnamed;long_over_previous;True;long_suit;3CL1;;335
208;REPOUV;;;4-10H;;;;>=8;;;;0;;;<3;0;1M 2E;long_suit_1_unnamed;long_over_previous;True;long_suit;4CL1;;336
209;REPOUV;;;>=8HL;;;;;;;;0;;;<3;0;1M 2E;;;;;;X;337
210;REPOUV;;;>=7HL;;;Majeure;>=5;;;;0;;;;0;1m 1E;long_suit_1_unnamed;;;long_suit;1CL1;;338
211;REPOUV;;;>=11HL;;;Majeure;>=5;;;;0;;;;0;1m 1E;long_suit_1_unnamed;long_over_previous;False;long_suit;2CL1;;339
212;REPOUV;;;7-12HL;;;mineure;>=5;Majeure;>=4;;0;;;;0;1m 1E;long_suit_2_unnamed;;;long_suit;1CL2;;338
213;REPOUV;;;13-23HL;;;carreau;>=5;;;;0;;;;0;1T 1E;long_suit_1_unnamed;;;;;2K;339
214;REPOUV;;;>=11HL;;;trèfle;>=5;;;;0;;;;0;1K 1E;long_suit_1_unnamed;;;;;2T;339
215;REPOUV;;;7-23HL;4-4-4-1;;;;;;;0;;;;0;1m 1E;;;;best_major;1;;338
216;REPOUV;;;7-23HL;4-4-3-2;;;;Majeure;4;;0;;;;0;1m 1E;long_suit_2_unnamed;;;long_suit;1CL2;;338
217;REPOUV;;;7-23HL;;;;>=5;;;;0;;;;0;1m 1E;long_suit_1_unnamed;;;long_suit;1CL1;;338
218;REPOUV;;;4-10H;;;;>=7;;;;0;;;;0;1m 1E;long_suit_1_unnamed;;;long_suit;3CL1;;340
219;REPOUV;;;8-10HL;semi-régulier;;;;;;;0;;;;1;1m 1E;;longest_major;<4;;;1SA;341
220;REPOUV;;;11H-12HL;semi-régulier;;;;;;;0;;;;1;1m 1E;;longest_major;<4;;;2SA;342
221;REPOUV;;;13-15HL;semi-régulier;;;;;;;0;;;;1;1m 1E;;longest_major;<4;;;3SA;343
222;REPOUV;;;6-8H;;;;;;;;0;;;>=5;0;1T 1E;;;;;;2T;344
223;REPOUV;;;9-11H;;;;;;;;0;;;>=5;0;1T 1E;;;;;;3T;345
224;REPOUV;;;6-8H;;;;;;;;0;;;>=4;0;1K 1E;;;;;;2K;346
225;REPOUV;;;9-11H;;;;;;;;0;;;>=4;0;1K 1E;;;;;;3K;347
226;REPOUV;;;>=8HL;;;;;;;;0;;;;0;1T 1K;;longest_major;<4;;;X;348
227;REPOUV;;;>=8HL;;;;;;;;0;;;;0;1m 1C;;suit_length;P<4;;;X;349
228;REPOUV;;SPOUTNIK;>=8HL;;;;;;;;0;;;;0;1m 1P;;suit_length;C>=4;;;X;350
229;REPOUV;;;>=11H;;;;;;;;0;;;;0;1m 1E;;longest_major;<4;cuebid;2;;351
230;REPOUV;;;>=11HL;;;Majeure;>=5;;;;0;;;;0;1K 2T;;;;long_suit;2CL1;;352
231;REPOUV;;;4-10H;;;Majeure;>=7;;;;0;;;;0;1K 2T;;;;long_suit;3CL1;;353
232;REPOUV;;;11H-12HL;semi-régulier;;;;;;;0;;;;1;1K 2T;;longest_major;<4;;;2SA;354
233;REPOUV;;;13-15HL;semi-régulier;;;;;;;0;;;;1;1K 2T;;longest_major;<4;;;3SA;355
234;REPOUV;;;6-8H;;;;;;;;0;;;>=4;0;1K 2T;;;;;;2K;356
235;REPOUV;;;9-11H;;;;;;;;0;;;>=4;0;1K 2T;;;;;;3K;357
236;REPOUV;;K2TX;8HL;;;;;;;;0;;;;0;1K 2T;;;;;;X;358
237;REPOUV;;;8-10HLD;;;;;;;;0;;;3;0;1M 1SA;;;;support;2;;381
238;REPOUV;;;5-10H;;;;;;;;0;;;4;0;1M 1SA;;;;support;3;;382
239;REPOUV;;;5-10H;;;;;;;;0;;;5;0;1M 1SA;;;;support;4;;383
240;REPOUV;;;>=11HLD;;;;;;;;0;;;>=4;0;1M 1SA;;;;;;2SA;384
241;REPOUV;;;>=11H;unicolore;;;>=6;;;;0;;;;0;1M 1SA;long_suit_1_unnamed;;;long_suit;2CL1;;385
242;REPOUV;;;>=11HLD;;;;>=5;;;;0;;;>=4;0;1M 1SA;long_suit_1_unnamed;;;long_suit;3CL1;;386
243;REPOUV;;;>=9H;;;;;;;;0;;;;0;1M 1SA;;;;;;X;387
244;REPOUV;;;>=9H;bicolore;coeur,pique;;;;;;0;;;;0;1m 1SA;;;;;;2T;388
245;REPOUV;;;>=9H;;;;;;;;0;;;>=5;0;1K 1SA;;;;;;2K;389
246;REPOUV;;;5-10H;unicolore;;;7;;;;0;;;;0;1m 1SA;long_suit_1_unnamed;long_color_points_H;>=4;long_suit;3CL1;;390
247;REPOUV;;;5-10H;unicolore;;;>=8;;;;0;;;;0;1m 1SA;long_suit_1_unnamed;long_color_points_H;>=4;long_suit;4CL1;;391
248;REPOUV;;;>=13HLD;;;;;;;;0;;;>=5;0;1m 1SA;;;;;;2SA;392
249;REPOUV;;;>=9H;unicolore;;;>=6;;;;0;;;;0;1m 1SA;long_suit_1_unnamed;;;long_suit;1CL1;;393
250;REPOUV;;;>=11H;unicolore;;;>=6;;;;0;;;;0;1m 1SA;long_suit_1_unnamed;;;long_suit;2CL1;;394
251;REPOUV;;;5-10H;unicolore;;;7;;;;0;;;;0;1m 1SA;long_suit_1_unnamed;;;long_suit;3CL1;;395
252;REPOUV;;;5-10H;unicolore;;;>=8;;;;0;;;;0;1m 1SA;long_suit_1_unnamed;;;long_suit;4CL1;;396
253;REPOUV;;;>=9H;;;;;;;;0;;;;0;1m 1SA;;;;;;X;397
254;REPOUV;;;8-10HLD;;;;;;;;0;;;>=5;0;1m 2K;;;;support;3;;398
255;REPOUV;;;8-10HLD;;;;;;;;0;;;>=5;0;1m 2SA;;;;support;3;;399
256;REPOUV;;;8-10HLD;;;;;;;;0;;;>=3;0;1M 2M;;;;support;3;;400
257;REPOUV;;;8-10HLD;;;;;;;;0;;;>=3;0;1M 3T;;;;support;3;;401
258;REPOUV;;;8-10HLD;;;;;;;;0;;;>=3;0;1M 2SA;;;;support;3;;402
259;REPOUV;;;8-10H;;;;>=6;;;;0;;;;0;1T 2K;;;;;;3K;403
260;REPOUV;;;8-10H;;;;>=6;;;;0;;;;0;1K 2K;;;;;;3T;404
261;REPOUV;;;8-10H;;;;>=6;;;;0;;;;0;1m 2SA;;;;;;3P;405
262;REPOUV;;;8-10H;;;;>=6;;;;0;;;;0;1M 2M;;;;;;3K;406
263;REPOUV;;;8-10H;;;;>=6;;;;0;;;;0;1M 3T;;;;;;4T;407
264;REPOUV;;;8-10H;;;;>=6;;;;0;;;;0;1C 2SA;;;;;;3P;408
265;REPOUV;;;8-10H;;;;>=6;;;;0;;;;0;1P 2SA;;;;;;3C;409
266;REPOUV;;;11HL-11H;semi-régulier;;;;;;;0;;;;0;1m 2K;;stop_suits;C,P;;;2SA;410
267;REPOUV;;;11HL-11H;semi-régulier;;;;;;;0;;;;0;1T 2SA;;stop_suits;K,C;;;2SA;411
268;REPOUV;;;11HL-11H;semi-régulier;;;;;;;0;;;;0;1K 2SA;;stop_suits;T,C;;;2SA;412
269;REPOUV;;;11HL-11H;semi-régulier;;;;;;;0;;;;0;1C 2C;;stop_suits;T,P;;;2SA;413
270;REPOUV;;;11HL-11H;semi-régulier;;;;;;;0;;;;0;1P 2P;;stop_suits;T,C;;;2SA;414
271;REPOUV;;;11HL-11H;semi-régulier;;;;;;;0;;;;0;1C 3T;;stop_suits;K,P;;;2SA;415
272;REPOUV;;;11HL-11H;semi-régulier;;;;;;;0;;;;0;1P 3T;;stop_suits;K,C;;;2SA;416
273;REPOUV;;;11HL-11H;semi-régulier;;;;;;;0;;;;0;1M 2SA;;stop_suits;T,K;;;2SA;417
274;REPOUV;;PASS;>=12H;semi-régulier;;;;;;;0;;;;0;1m 2K;;stop_suits;C,P;;;3SA;418
275;REPOUV;;PASS;>=12H;semi-régulier;;;;;;;0;;;;0;1T 2SA;;stop_suits;K,C;;;3SA;419
276;REPOUV;;PASS;>=12H;semi-régulier;;;;;;;0;;;;0;1K 2SA;;stop_suits;T,C;;;3SA;420
277;REPOUV;;PASS;>=12H;semi-régulier;;;;;;;0;;;;0;1C 2C;;stop_suits;T,P;;;3SA;421
278;REPOUV;;PASS;>=12H;semi-régulier;;;;;;;0;;;;0;1P 2P;;stop_suits;T,C;;;3SA;422
279;REPOUV;;PASS;>=12H;semi-régulier;;;;;;;0;;;;0;1C 3T;;stop_suits;K,P;;;3SA;423
280;REPOUV;;PASS;>=12H;semi-régulier;;;;;;;0;;;;0;1P 3T;;stop_suits;K,C;;;3SA;424
281;REPOUV;;PASS;>=12H;semi-régulier;;;;;;;0;;;;0;1M 2SA;;stop_suits;T,K;;;3SA;425
282;REPOUV;;;>=16HLD;;;;;;;;0;;;>=5;0;1T 2K;;;;;;2C;426
283;REPOUV;;;>=16HLD;;;;;;;;0;;;>=5;0;1K 2K;;;;;;2C;427
284;REPOUV;;;>=16HLD;;;;;;;;0;;;>=5;0;1T 2SA;;;;;;3K;428
285;REPOUV;;;>=16HLD;;;;;;;;0;;;>=5;0;1K 2SA;;;;;;3T;429
286;REPOUV;;;>=16HLD;;;;;;;;0;;;;0;1T 2K;;suit_length;K>=5;;;2P;430
287;REPOUV;;;>=16HLD;;;;;;;;0;;;;0;1K 2K;;suit_length;T>=5;;;2P;431
288;REPOUV;;;>=16HLD;;;;;;;;0;;;;0;1T 2SA;;suit_length;P>=5;;;3C;432
289;REPOUV;;;>=16HLD;;;;;;;;0;;;;0;1K 2SA;;suit_length;P>=5;;;3C;433
290;REPOUV;;;>=16HLD;;;;;;;;0;;;;0;1C 2C;;suit_length;K>=5;;;3T;434
291;REPOUV;;;>=16HLD;;;;;;;;0;;;;0;1P 2P;;suit_length;K>=5;;;3C;435
292;REPOUV;;;>=16HLD;;;;;;;;0;;;;0;1C 3T;;suit_length;T>=5;;;3P;436
293;REPOUV;;;>=16HLD;;;;;;;;0;;;;0;1P 3T;;suit_length;T>=5;;;3C;437
294;REPOUV;;;>=16HLD;;;;;;;;0;;;;0;1C 2SA;;suit_length;P>=5;;;3K;438
295;REPOUV;;;>=16HLD;;;;;;;;0;;;;0;1P 2SA;;suit_length;C>=5;;;3K;439
296;REPOUV;;;>=10HL;;;;;;;;0;;;;0;1T 2K;;suit_length;K>=4;;;X;440
297;REPOUV;;;>=10HL;;;;;;;;0;;;;0;1K 2K;;suit_length;T>=4;;;X;441
298;REPOUV;;;>=10HL;;;;;;;;0;;;;0;1m 2SA;;suit_length;P>=4;;;X;442
299;REPOUV;;;>=10HL;;;;;;;;0;;;;0;1M 2M;;suit_length;K>=4;;;X;443
300;REPOUV;;;>=10HL;;;;;;;;0;;;;0;1M 3T;;suit_length;T>=4;;;X;444
301;REPOUV;;;>=10HL;;;;;;;;0;;;;0;1C 2SA;;suit_length;P>=4;;;X;445
302;REPOUV;;;>=10HL;;;;;;;;0;;;;0;1P 2SA;;suit_length;C>=4;;;X;446
303;REPOUV;;PASS;10-16HLD;irrégulier;;;;;;;0;;;3;0;2M passe;;;;support;3;;447
304;REPOUV;;PASS;10-16HLD;irrégulier;;;;;;;0;;;>=4;0;2M passe;;;;support;4;;448
305;REPOUV;;PASS;17-20HLD;;;;;;;;0;;;>=3;0;2M passe;;;;support;4;;448
306;REPOUV;;;>=15HL;;;pique;>=5;;;;0;;;;0;2C passe;;;;;;2P;449
307;REPOUV;;;>=17HL;;;coeur;>=6;;;;0;;;;0;2P passe;;;;;;3C;450
308;REPOUV;;;>=17HL;;;mineure;>=6;;;;0;;;;0;2M passe;;;;long_suit;3CL1;;451
309;REPOUV;;PASS;15-20HL;régulier;;;;;;;0;;;;0;2M passe;;;;;;3SA;452
310;REPOUV;;;>=15HLD;;;;;;;;0;;;>=3;0;2M passe;;;;;;2SA;453
311;REPOUV;;PASS;10-16HLD;irrégulier;;;;;;;0;;;3;0;2C 2P;;;;;;3C;454
312;REPOUV;;PASS;10-16HLD;irrégulier;;;;;;;0;;;3;0;2M 3m;;;;support;3;;455
313;REPOUV;;PASS;10-16HLD;irrégulier;;;;;;;0;;;3;0;2P 3C;;;;;;3P;456
314;REPOUV;;PASS;>=10HLD;irrégulier;;;;;;;0;;;4;0;2C 2P;;;;;;4C;457
315;REPOUV;;PASS;>=17HLD;;;;;;;;0;;;3;0;2C 2P;;;;;;4C;457
316;REPOUV;;PASS;>=10HLD;irrégulier;;;;;;;0;;;4;0;2M 3m;;;;support;4;;458
317;REPOUV;;PASS;>=17HLD;;;;;;;;0;;;3;0;2M 3m;;;;support;4;;458
318;REPOUV;;PASS;>=10HLD;irrégulier;;;;;;;0;;;4;0;2P 3C;;;;;;4P;459
319;REPOUV;;PASS;>=17HLD;;;;;;;;0;;;3;0;2P 3C;;;;;;4P;459
320;REPOUV;;PASS;>=14HL;irrégulier;;;;;;;0;;;<3;0;2C 2P;;suit_length;P>=5;;;X;460
321;REPOUV;;PASS;>=14HL;irrégulier;;;;;;;0;;;<3;0;2M 3T;;suit_length;T>=5;;;X;461
322;REPOUV;;PASS;>=14HL;irrégulier;;;;;;;0;;;<3;0;2M 3K;;suit_length;K>=5;;;X;462
323;REPOUV;;PASS;>=14HL;irrégulier;;;;;;;0;;;<3;0;2P 3C;;suit_length;C>=5;;;X;463
324;REPOUV;;;>=17HL;;;mineure;>=6;;;;0;;;;0;2C 2P;;;;long_suit;3CL1;;464
325;REPOUV;;;>=17HL;;;coeur;>=6;;;;0;;;;0;2P 3m;;;;;;3C;465
326;REPOUV;;;>=17HL;;;carreau;>=6;;;;0;;;;0;2M 3T;;;;;;3K;466
327;REPOUV;;;>=17HL;;;pique;>=6;;;;0;;;;0;2C 3m;;;;;;3P;467
328;REPOUV;;PASS;15-20HL;régulier;;;;;;;0;;;;2;2C 2P;;;;;;3SA;468
329;REPOUV;;PASS;15-20HL;régulier;;;;;;;0;;;;2;2M 3m;;;;;;3SA;469
330;REPOUV;;PASS;15-20HL;régulier;;;;;;;0;;;;2;2P 3C;;;;;;3SA;470
331;REPOUV;;;>=15HLD;;;;;;;;0;;;>=3;0;2C 2P;;;;;;2SA;471
332;REPOUV;;PASS;10-16HLD;irrégulier;;;;;;;0;;;>=3;0;3E passe;;;;support;4;;472
333;REPOUV;;PASS;17-20HLD;;;;;;;;0;;;>=2;0;3E passe;;;;support;4;;472
334;REPOUV;;FREE;>=19HL;;;carreau;>=6;;;;0;;;;0;3T passe;;;;;;3K;473
335;REPOUV;;FREE;>=19HL;;;Majeure;>=6;;;;0;;;;0;3m passe;;;;long_suit;3CL1;;474
336;REPOUV;;FREE;>=19HL;;;pique;>=6;;;;0;;;;0;3C passe;;;;;;3P;475
337;REPOUV;;FREE;>=21HLD;;;;;;;;0;;;>=2;0;3E passe;;;;first_control;4;;476
338;REPOUV;;PASS;15-20HL;régulier;;;;;;;0;;;>=2;0;3E passe;;;;;;3SA;477
339;REPOUV;;FREE;>=25HLD;;;;;;;;0;;;>=2;0;3E passe;;;;;;4SA;478
340;REPOUV;;PASS;>=14HL;irrégulier;;;;;;;0;;;<2;0;3E 3P;;suit_length;P>=5;;;X;479
341;REPOUV;;PASS;>=14HL;irrégulier;;;;;;;0;;;<2;0;3E 4T;;suit_length;T>=5;;;X;480
342;REPOUV;;PASS;>=14HL;irrégulier;;;;;;;0;;;<2;0;3T 3K;;suit_length;K>=5;;;X;481
343;REPOUV;;PASS;>=14HL;irrégulier;;;;;;;0;;;<2;0;3M 4K;;suit_length;K>=5;;;X;482
344;REPOUV;;PASS;>=14HL;irrégulier;;;;;;;0;;;<2;0;3m 3C;;suit_length;C>=5;;;X;483
345;REPOUV;;PASS;>=14HL;irrégulier;;;;;;;0;;;<2;0;3P 4C;;suit_length;C>=5;;;X;484
346;REPOUV;;PASS;>=14HL;irrégulier;;;;;;;0;;;>=2;0;3m 3E;;;;support;4;;485
347;REPOUV;;PASS;>=12HLD;irrégulier;;;;;;;0;;;>=2;0;3M 4m;;;;support;4;;486
348;REPOUV;;PASS;>=12HLD;irrégulier;;;;;;;0;;;>=2;0;3P 4C;;;;;;4P;487
349;REPOUV;;PASS;>=17HL;;;Majeure;>=6;;;;0;;;2;0;4m passe;;;;long_suit;4CL1;;488
350;REPOUV;;FREE;>=25HLD;;;;;;;;0;;;;0;4E passe;;;;;;4SA;489
351;REPOUV;;PASS;>=14HL;irrégulier;;;;;;;0;;;;0;4E 4P;;suit_length;P>=5;;;X;490
352;REPOUV;;PASS;>=14HL;irrégulier;;;;;;;0;;;;0;4E 5T;;suit_length;T>=5;;;X;491
353;REPOUV;;PASS;>=14HL;irrégulier;;;;;;;0;;;;0;4T 4K;;suit_length;K>=5;;;X;492
354;REPOUV;;PASS;>=14HL;irrégulier;;;;;;;0;;;;0;4E 5K;;suit_length;K>=5;;;X;493
355;REPOUV;;PASS;>=14HL;irrégulier;;;;;;;0;;;;0;4E 4C;;suit_length;C>=5;;;X;494
356;REPOUV;;PASS;>=14HL;irrégulier;;;;;;;0;;;;0;4P 5C;;suit_length;C>=5;;;X;495
357;REPOUV;;;12-15HLD;irrégulier;;;;;;;0;;;;0;3SA passe;;no_short_suit;TK;;;4T;496
358;REPOUV;;PASS;16-19HLD;;;;;;;;0;;;;0;3SA passe;;no_short_suit;TK;;;5T;497
359;REPOUV;;;>=20HLD;;;;;;;;0;;;;0;3SA passe;;no_short_suit;TK;;;4K;498
360;REPOUV;;PASS;>=14HL;;;Majeure;>=6;;;;0;;;;0;3SA passe;;;;long_suit;4CL1;;499
361;RUBEN;;FREE;>=8H;semi-régulier;;;;;;;0;;;;0;1SA 2T;;stop_suits;C;;;2C;1724
362;RUBEN;;FREE;>=8H;semi-régulier;;;;;;;0;;;;0;1SA 2T;;stop_suits;P;;;2P;1725
363;RUBEN;;PASS;>=8H;;;;;;;;0;;;;0;1SA 2T;major_4;;;;;X;1726
364;RUBEN;;FREE;6-8H;;;carreau;>=5;;;;0;;;;0;1SA 2T;;;;;;2K;1727
365;RUBEN;;PASS;>=10H;semi-régulier;;;;;;;0;;;;0;1SA 2T;;stop_suits;C,P;;;3SA;1728
366;RUBEN;;FREE;6-8H;;;Majeure;>=5;;;;0;;;;0;1SA 2m;;;;long_suit;2;;1729
367;RUBEN;;RUBEN;>=9HL;;;;;;;;0;;;;0;1SA 2K;major_4;;;;;3T;1730
368;RUBEN;;RUBEN;>=9HL;;;;;;;;0;;;;0;1SA 2C;major_4;;;;;3K;1731
369;RUBEN;;RUBEN;>=9HL;;;;;;;;0;;;;0;1SA 2P;major_4;;;;;3C;1732
370;RUBEN;;RUBEN;>=4H;;;trèfle;>=6;;;;0;;;;0;1SA 2E;;;;;;2SA;1733
371;RUBEN;;RUBEN;>=4H;;;carreau;>=6;;;;0;;;;0;1SA 2E;;;;;;3T;1734
372;RUBEN;;RUBEN;>=4H;;;coeur;>=5;;;;0;;;;0;1SA 2E;;;;;;3K;1735
373;RUBEN;;RUBEN;>=4H;;;pique;>=5;;;;0;;;;0;1SA 2E;;;;;;3C;1736
374;RUBEN;;RUBEN;>=10H;semi-régulier;;;;;;;0;;;;0;1SA 2E;;;;;;3P;1737
375;RUBEN;;RUBEN;>=8HL;;;;;;;;0;;;;0;1SA 2E;takeout_double;;;;;X;1738
376;RUBEN;;RUBEN;>=7H;;;;;;;;0;;;;0;1SA X;;;;;;2T;1739
377;RUBEN;;RUBEN;;;;;;;;;0;;;;0;1SA X;;;;;;2K;1740
378;RUBEN;;RUBEN;;;;;;;;;0;;;;0;1SA X;;;;;;2C;1741
379;RUBEN;;RUBEN;;;;;;;;;0;;;;0;1SA X;;;;;;2P;1742
380;RUBEN;;RUBEN;;;;;;;;;0;;;;0;1SA X;;;;;;3T;1743
381;RUBEN;;RUBEN;;;;;;;;;0;;;;0;1SA X;;;;;;3K;1744
382;RUBEN;;RUBEN;9HL;semi-régulier;;;;;;;0;;;;0;1SA X;;;;;;2SA;1745
383;RUBEN;;PASS;10-15HL;semi-régulier;;;;;;;0;;;;0;1SA X;;;;;;3SA;1746
384;RUBEN;;PASS;7-9HL;semi-régulier;;;;;;;0;;;;0;1SA X;;;;;;XX;1747
385;RUBEN;;FREE;;;;;;;;;0;;;;0;1SA 2K 3T;;majors_at_least_4;=0;;;3SA;1748
386;RUBEN;;FREE;;;;;;;;;0;;;;0;1SA 2K 3T;;suit_length;C>=4;;;3C;1749
387;RUBEN;;FREE;;;;;;;;;0;;;;0;1SA 2K 3T;;suit_length;P>=4;;;3P;1750
388;RUBEN;;FREE;;;;;;;;;0;;;;0;1SA 2C 3K;;majors_at_least_4;=0;;;3SA;1751
389;RUBEN;;FREE;;;;;;;;;0;;;;0;1SA 2C 3K;;suit_length;C>=4;;;3C;1752
390;RUBEN;;FREE;;;;;;;;;0;;;;0;1SA 2C 3K;;suit_length;P>=4;;;3P;1753
391;RUBEN;;FREE;;;;;;;;;0;;;;0;1SA 2P 3C;;majors_at_least_4;=0;;;3SA;1754
392;RUBEN;;FREE;;;;;;;;;0;;;;0;1SA 2P 3C;;suit_length;C>=4;;;4C;1755
393;RUBEN;;FREE;;;;;;;;;0;;;;0;1SA 2P 3C;;suit_length;P>=4;;;3P;1756
394;RUBEN;;FREE;;;;;;;;;0;;;;0;1SA 2E 2SA;;;;;;3T;1757
395;RUBEN;;FREE;;;;;;;;;0;;;;0;1SA 2E 3T;;;;;;3K;1758
396;RUBEN;;FREE;;;;;;;;;0;;;;0;1SA 2E 3K;;;;;;3C;1759
397;RUBEN;;FREE;;;;;;;;;0;;;;0;1SA 2E 3C;;;;;;3P;1760
398;RUBEN;;PASS;;;;;;;;;0;;;;0;1SA 2E 3P;stop_opponents_suits;;;;;3SA;1761
399;RUBEN;;PASS;;;;;;;;;0;;;;0;1SA 2E 3P;;suit_length;P5;;;passe;1762
400;RUBEN;;PASS;;;;;;;;;0;;;;0;1SA 2E 3P;;suit_length;P<=3;long_suit;4CL1;;1763
401;RUBEN;;PASS;;;;pique;4;mineure;4;;0;;;;0;1SA 2E 3P;;;;long_suit;4CL2;;1764
402;RUBEN;;PASS;;;;;;;;;0;;;;0;1SA 2E 3P;;;;long_suit;4CL1;;1765
403;RUBEN;;STAYMAN;;;;;;;;;0;;;;0;1SA X 2T;;majors_at_least_4;=0;;;2K;1766
404;RUBEN;;STAYMAN;;;;;;;;;0;;;;0;1SA X 2T;;majors_at_least_4;1;best_major;2;;1767
405;RUBEN;;STAYMAN;;;;;;;;;0;;;;0;1SA X 2T;;majors_at_least_4;2;;;2SA;1768
406;RUBEN;;TEXAS;;;;;;;;;0;;;;0;1SA X 2K;;;;;;2C;1769
407;RUBEN;;TEXAS;;;;;;;;;0;;;;0;1SA X 2C;;;;;;2P;1770
408;RUBEN;;TEXAS;;;;;;;;;0;;;;0;1SA X 2P;;;;;;3T;1771
409;RUBEN;;TEXAS;;;;;;;;;0;;;;0;1SA X 3T;;;;;;3K;1772
410;RUBEN;;PASS;<16H;;;;;;;;0;;;;0;1SA X 2SA;;;;;;passe;none
411;RUBEN;;PASS;>=16H;;;;;;;;0;;;;0;1SA X 2SA;;;;;;3SA;1773
412;RI_CO_N2;;FREE;7-10HLD;;;;;;;;0;;;3;0;1T 1K o;;;;;;2K;530
413;RI_CO_N2;;FREE;7-10HLD;;;;;;;;0;;;3;0;1m 1M o;;;;support;2;;531
414;RI_CO_N2;;FREE;7-10HLD;;;;;;;;0;;;3;0;1C 1P o;;;;;;2P;532
415;RI_CO_N2;;FREE;7-10HLD;;;;;;;;0;;;2;0;1E 2T o;;;;;;3T;533
416;RI_CO_N2;;FREE;7-10HLD;;;;;;;;0;;;2;0;1M 2K o;;;;;;3K;534
417;RI_CO_N2;;FREE;7-10HLD;;;;;;;;0;;;3;0;1P 2C o;;;;;;3C;535
418;RI_CO_N2;;FREE;<=8H;;;;;;;;0;;;4;0;1T 1K o;;;;;;3K;536
419;RI_CO_N2;;FREE;<=8H;;;;;;;;0;;;4;0;1m 1M o;;;;support;3;;537
420;RI_CO_N2;;FREE;<=8H;;;;;;;;0;;;4;0;1C 1P o;;;;;;3P;538
421;RI_CO_N2;;FREE;<=8H;;;;;;;;0;;;3;0;1E 2T o;;;;;;4T;539
422;RI_CO_N2;;FREE;<=8H;;;;;;;;0;;;3;0;1M 2K o;;;;;;4K;540
423;RI_CO_N2;;FREE;<=8H;;;;;;;;0;;;4;0;1P 2C o;;;;;;4C;541
424;RI_CO_N2;;FREE;<=8H;;;;;;;;0;;;5;0;1T 1K o;;;;;;4K;542
425;RI_CO_N2;;FREE;<=8H;;;;;;;;0;;;5;0;1m 1M o;;;;support;4;;543
426;RI_CO_N2;;FREE;<=8H;;;;;;;;0;;;5;0;1C 1P o;;;;;;4P;544
427;RI_CO_N2;;PASS;<8HL;;;;;;;;0;;;;0;;;;;;;passe;none
428;RI_CO_N2;;;>=12HLD;;;;;;;;0;;;3;0;1T 1K passe;;;;;;2T;545
429;RI_CO_N2;;;>=12HLD;;;;;;;;0;;;3;0;1m 1M passe;;;;cuebid;2;;546
430;RI_CO_N2;;;>=12HLD;;;;;;;;0;;;3;0;1C 1P passe;;;;;;2C;547
431;RI_CO_N2;;;>=12HLD;;;;;;;;0;;;3;0;1K 2T passe;;;;;;2K;548
432;RI_CO_N2;;;>=12HLD;;;;;;;;0;;;3;0;1M 2T passe;;;;cuebid;2;;549
433;RI_CO_N2;;;>=12HLD;;;;;;;;0;;;3;0;1M 2K passe;;;;cuebid;2;;550
434;RI_CO_N2;;;>=12HLD;;;;;;;;0;;;3;0;1P 2C passe;;;;;;2P;551
435;RI_CO_N2;;FREE;>=12HLD;;;;;;;;0;;;>=4;0;1T 1K passe;;;;;;3T;552
436;RI_CO_N2;;FREE;>=12HLD;;;;;;;;0;;;>=4;0;1m 1M passe;;;;cuebid;3;;553
437;RI_CO_N2;;FREE;>=12HLD;;;;;;;;0;;;>=4;0;1C 1P passe;;;;;;3C;554
438;RI_CO_N2;;FREE;>=12HLD;;;;;;;;0;;;>=4;0;1K 2T passe;;;;;;3K;555
439;RI_CO_N2;;FREE;>=12HLD;;;;;;;;0;;;>=4;0;1M 2T passe;;;;cuebid;3;;556
440;RI_CO_N2;;FREE;>=12HLD;;;;;;;;0;;;>=4;0;1M 2K passe;;;;cuebid;3;;557
441;RI_CO_N2;;FREE;>=12HLD;;;;;;;;0;;;>=4;0;1P 2C passe;;;;;;3P;558
442;RI_CO_N2;;FREE;7-10H;;;;;;;;0;;;>=4;0;1T 1K passe;;suit_length;C>=5;;;2C;559
443;RI_CO_N2;;FREE;7-10H;;;;;;;;0;;;>=4;0;1T 1K passe;;suit_length;P>=5;;;2P;560
444;RI_CO_N2;;FREE;7-10H;;;;;;;;0;;;>=4;0;1T 1C passe;;suit_length;K>=5;;;3K;561
445;RI_CO_N2;;FREE;7-10H;;;;;;;;0;;;>=4;0;1T 1C passe;;suit_length;P>=5;;;2P;562
446;RI_CO_N2;;FREE;7-10H;;;;;;;;0;;;>=4;0;1T 1P passe;;suit_length;K>=5;;;3K;563
447;RI_CO_N2;;FREE;7-10H;;;;;;;;0;;;>=4;0;1T 1P passe;;suit_length;C>=5;;;3C;564
448;RI_CO_N2;;FREE;7-10H;;;;;;;;0;;;>=4;0;1K 1C passe;;suit_length;T>=5;;;3T;565
449;RI_CO_N2;;FREE;7-10H;;;;;;;;0;;;>=4;0;1K 1C passe;;suit_length;P>=5;;;2P;566
450;RI_CO_N2;;FREE;7-10H;;;;;;;;0;;;>=4;0;1K 1P passe;;suit_length;T>=5;;;3T;567
451;RI_CO_N2;;FREE;7-10H;;;;;;;;0;;;>=4;0;1K 1P passe;;suit_length;C>=5;;;3C;568
452;RI_CO_N2;;FREE;7-10H;;;;;;;;0;;;>=4;0;1C 1P passe;;suit_length;T>=5;;;3T;569
453;RI_CO_N2;;FREE;7-10H;;;;;;;;0;;;>=4;0;1C 1P passe;;suit_length;K>=5;;;3K;570
454;RI_CO_N2;;FREE;7-10H;;;;;;;;0;;;>=4;0;1K 2T passe;;suit_length;C>=5;;;3C;571
455;RI_CO_N2;;FREE;7-10H;;;;;;;;0;;;>=4;0;1K 2T passe;;suit_length;P>=5;;;3P;572
456;RI_CO_N2;;FREE;7-10H;;;;;;;;0;;;>=4;0;1C 2T passe;;suit_length;K>=5;;;4K;573
457;RI_CO_N2;;FREE;7-10H;;;;;;;;0;;;>=4;0;1C 2T passe;;suit_length;P>=5;;;3P;574
458;RI_CO_N2;;FREE;7-10H;;;;;;;;0;;;>=4;0;1P 2T passe;;suit_length;K>=5;;;3K;575
459;RI_CO_N2;;FREE;7-10H;;;;;;;;0;;;>=4;0;1P 2T passe;;suit_length;C>=5;;;3C;576
460;RI_CO_N2;;FREE;7-10H;;;;;;;;0;;;>=4;0;1C 2K passe;;suit_length;T>=5;;;4T;577
461;RI_CO_N2;;FREE;7-10H;;;;;;;;0;;;>=4;0;1C 2K passe;;suit_length;P>=5;;;3P;578
462;RI_CO_N2;;FREE;7-10H;;;;;;;;0;;;>=4;0;1P 2K passe;;suit_length;T>=5;;;4T;579
463;RI_CO_N2;;FREE;7-10H;;;;;;;;0;;;>=4;0;1P 2K passe;;suit_length;C>=5;;;3C;580
464;RI_CO_N2;;FREE;7-10H;;;;;;;;0;;;>=4;0;1P 2C passe;;suit_length;T>=5;;;4T;581
465;RI_CO_N2;;FREE;7-10H;;;;;;;;0;;;>=4;0;1P 2C passe;;suit_length;K>=5;;;4K;582
466;RI_CO_N2;;FREE;13-15HLD;;;;;;;;0;;;>=4;0;1T 1K passe;;suit_length;"=RIGHT(X467,1)&""<=1""";;;4T;583
467;RI_CO_N2;;FREE;13-15HLD;;;;;;;;0;;;>=4;0;1T 1M passe;;suit_length;"=RIGHT(X468,1)&""<=1""";;;4T;584
468;RI_CO_N2;;FREE;13-15HLD;;;;;;;;0;;;>=4;0;1K 1M passe;;suit_length;"=RIGHT(X469,1)&""<=1""";;;4K;585
469;RI_CO_N2;;FREE;13-15HLD;;;;;;;;0;;;>=4;0;1K 2T passe;;suit_length;"=RIGHT(X470,1)&""<=1""";;;4K;586
470;RI_CO_N2;;FREE;13-15HLD;;;;;;;;0;;;>=4;0;1C 1P passe;;suit_length;"=RIGHT(X471,1)&""<=1""";;;4C;587
471;RI_CO_N2;;FREE;13-15HLD;;;;;;;;0;;;>=4;0;1C 2m passe;;suit_length;"=RIGHT(X472,1)&""<=1""";;;4C;588
472;RI_CO_N2;;FREE;13-15HLD;;;;;;;;0;;;>=4;0;1P 2m passe;;suit_length;"=RIGHT(X473,1)&""<=1""";;;4P;589
473;RI_CO_N2;;FREE;13-15HLD;;;;;;;;0;;;>=4;0;1P 2C passe;;suit_length;"=RIGHT(X474,1)&""<=1""";;;4P;590
474;RI_CO_N2;;FREE;>=8HL;;;Majeure;>=4;;;;0;;;<4;0;1T 1K passe;;;;long_suit;1CL1;;591
475;RI_CO_N2;;FREE;>=8HL;;;pique;>=4;;;;0;;;<4;0;1m 1C passe;;;;;;1P;592
476;RI_CO_N2;;FREE;>=12HL;;;trèfle;5;;;;0;;;<4;0;1K 1M passe;;long_color_points_H;>=5;;;2T;593
477;RI_CO_N2;;FREE;>=12HL;;;trèfle;>=6;;;;0;;;<4;0;1K 1M passe;;;;;;2T;593
478;RI_CO_N2;;FREE;>=12HL;;;carreau;5;;;;0;;;<4;0;1T 1M passe;;long_color_points_H;>=5;;;2K;594
479;RI_CO_N2;;FREE;>=12HL;;;carreau;>=6;;;;0;;;<4;0;1T 1M passe;;;;;;2K;594
480;RI_CO_N2;;FREE;>=12HL;;;coeur;5;;;;0;;;<4;0;1m 1P passe;;long_color_points_H;>=5;;;2C;595
481;RI_CO_N2;;FREE;>=12HL;;;coeur;>=6;;;;0;;;<4;0;1m 1P passe;;;;;;2C;595
482;RI_CO_N2;;FREE;>=12HL;;;mineure;5;;;;0;;;<4;0;1C 1P passe;;long_color_points_H;>=5;long_suit;2CL1;;596
483;RI_CO_N2;;FREE;>=12HL;;;mineure;>=6;;;;0;;;<4;0;1C 1P passe;;;;long_suit;2CL1;;596
484;RI_CO_N2;;FREE;>=12HL;;;carreau;5;;;;0;;;<4;0;1M 2T passe;;long_color_points_H;>=5;;;2K;597
485;RI_CO_N2;;FREE;>=12HL;;;carreau;>=6;;;;0;;;<4;0;1M 2T passe;;;;;;2K;597
486;RI_CO_N2;;FREE;>=12HL;;;Majeure;5;;;;0;;;<4;0;1K 2T passe;;long_color_points_H;>=5;long_suit;2CL1;;598
487;RI_CO_N2;;FREE;>=12HL;;;Majeure;>=6;;;;0;;;<4;0;1K 2T passe;;;;long_suit;2CL1;;598
488;RI_CO_N2;;FREE;>=12HL;;;coeur;5;;;;0;;;<4;0;1P 2m passe;;long_color_points_H;>=5;;;2C;599
489;RI_CO_N2;;FREE;>=12HL;;;coeur;>=6;;;;0;;;<4;0;1P 2m passe;;;;;;2C;599
490;RI_CO_N2;;FREE;>=12HL;;;pique;5;;;;0;;;<4;0;1C 2m passe;;long_color_points_H;>=5;;;2P;600
491;RI_CO_N2;;FREE;>=12HL;;;pique;>=6;;;;0;;;<4;0;1C 2m passe;;;;;;2P;600
492;RI_CO_N2;;FREE;>=10HL;;;trèfle;>=5;;;;0;;;<4;0;1M 2K passe;;long_color_points_H;>=5;;;3T;601
493;RI_CO_N2;;FREE;>=10HL;;;mineure;>=5;;;;0;;;<4;0;1P 2C passe;;long_color_points_H;>=5;long_suit;3CL1;;602
494;RI_CO_N2;;FREE;8-12HL;;;;;;;;0;;;;0;1T 1K passe;;;;;;1SA;603
495;RI_CO_N2;;FREE;8-12HL;;;;;;;;0;;;;0;1m 1M passe;;;;;;1SA;604
496;RI_CO_N2;;FREE;8-12HL;;;;;;;;0;;;;0;1C 1P passe;;;;;;1SA;605
497;RI_CO_N2;;FREE;10-12HL;semi-régulier;;;;;;;0;;;;1;1E 2T passe;;;;;;2SA;606
498;RI_CO_N2;;FREE;10-12HL;semi-régulier;;;;;;;0;;;;1;1M 2K passe;;;;;;2SA;607
499;RI_CO_N2;;FREE;10-12HL;semi-régulier;;;;;;;0;;;;1;1P 2C passe;;;;;;2SA;608
500;RI_CO_N2;;FREE;13-14HL;semi-régulier;;;;;;;0;;;;1;1T 1K passe;;;;;;2SA;609
501;RI_CO_N2;;FREE;13-14HL;semi-régulier;;;;;;;0;;;<4;1;1m 1M passe;;;;;;2SA;610
502;RI_CO_N2;;FREE;13-14HL;semi-régulier;;;;;;;0;;;<4;1;1C 1P passe;;;;;;2SA;611
503;RI_CO_N2;;FREE;>=18HL;semi-régulier;;;;;;;0;;;;1;1T 1K passe;;;;;;3SA;612
504;RI_CO_N2;;FREE;>=18HL;semi-régulier;;;;;;;0;;;<4;1;1m 1M passe;;;;;;3SA;613
505;RI_CO_N2;;FREE;>=18HL;semi-régulier;;;;;;;0;;;<4;1;1C 1P passe;;;;;;3SA;614
506;RI_CO_N2;;FREE;>=15HL;semi-régulier;;;;;;;0;;;;1;1E 2T passe;;;;;;3SA;615
507;RI_CO_N2;;FREE;>=15HL;semi-régulier;;;;;;;0;;;;1;1M 2K passe;;;;;;3SA;616
508;RI_CO_N2;;FREE;>=15HL;semi-régulier;;;;;;;0;;;<4;1;1P 2C passe;;;;;;3SA;617
509;RI_CO_N2;;;>=13HL;;;;;;;;0;;;<3;0;1T 1K passe;;;;;;2T;545
510;RI_CO_N2;;;>=13HL;;;;;;;;0;;;<3;0;1m 1M passe;;;;cuebid;2;;546
511;RI_CO_N2;;;>=13HL;;;;;;;;0;;;<3;0;1C 1P passe;;;;;;2C;547
512;RI_CO_N2;;;>=13HL;;;;;;;;0;;;<3;0;1K 2T passe;;;;;;2K;548
513;RI_CO_N2;;;>=13HL;;;;;;;;0;;;<3;0;1M 2T passe;;;;cuebid;2;;549
514;RI_CO_N2;;;>=13HL;;;;;;;;0;;;<3;0;1M 2K passe;;;;cuebid;2;;550
515;RI_CO_N2;;;>=13HL;;;;;;;;0;;;<3;0;1P 2C passe;;;;;;2P;551
516;RI_CO_N2;;FREE;>=10H;;;;;;;;0;;;3;0;1T 1K 1M;;;;;;2T;618
517;RI_CO_N2;;FREE;>=10H;;;;;;;;0;;;3;0;1T 1C 1P;;;;;;2T;619
518;RI_CO_N2;;FREE;>=10H;;;;;;;;0;;;3;0;1K 1C 1P;;;;;;2K;620
519;RI_CO_N2;;FREE;>=10H;;;;;;;;0;;;3;0;1K 1M 2T;;;;;;2K;621
520;RI_CO_N2;;FREE;>=10H;;;;;;;;0;;;3;0;1C 1P 2m;;;;;;2C;622
521;RI_CO_N2;;FREE;>=10H;;;;;;;;0;;;3;0;1K 2T 2E;;;;;;3K;623
522;RI_CO_N2;;FREE;>=10H;;;;;;;;0;;;3;0;1C 2T 2K;;;;;;2C;624
523;RI_CO_N2;;FREE;>=10H;;;;;;;;0;;;3;0;1C 2K 2E;;;;;;3C;625
524;RI_CO_N2;;FREE;>=10H;;;;;;;;0;;;3;0;1P 2T 2K;;;;;;2P;626
525;RI_CO_N2;;FREE;>=10H;;;;;;;;0;;;3;0;1P 2T 2C;;;;;;2P;627
526;RI_CO_N2;;FREE;>=10H;;;;;;;;0;;;3;0;1P 2K 2C;;;;;;2P;628
527;RI_CO_N2;;FREE;>=10H;;;;;;;;0;;;3;0;1P 2C 3m;;;;;;3P;629
528;RI_CO_N2;;FREE;>=10H;;;;;;;;0;;;>=4;0;1T 1K 1M;;;;;;3T;630
529;RI_CO_N2;;FREE;>=10H;;;;;;;;0;;;>=4;0;1K 1M 2T;;;;;;3K;631
530;RI_CO_N2;;FREE;>=10H;;;;;;;;0;;;>=4;0;1C 1P 2m;;;;;;3C;632
531;RI_CO_N2;;FREE;>=10H;;;;;;;;0;;;>=4;0;1C 2T 2K;;;;;;3C;633
532;RI_CO_N2;;FREE;>=10H;;;;;;;;0;;;>=4;0;1P 2T 2K;;;;;;3P;634
533;RI_CO_N2;;FREE;>=10H;;;;;;;;0;;;>=4;0;1P 2T 2C;;;;;;3P;635
534;RI_CO_N2;;FREE;>=10H;;;;;;;;0;;;>=4;0;1P 2K 2C;;;;;;3P;636
535;RI_CO_N2;;FREE;7-10H;;;;;;;;0;;;>=4;0;1T 1K 1P;;suit_length;C>=5;;;3C;637
536;RI_CO_N2;;FREE;7-10H;;;;;;;;0;;;>=4;0;1T 1K 1C;;suit_length;P>=5;;;2P;638
537;RI_CO_N2;;FREE;7-10H;;;;;;;;0;;;>=4;0;1T 1K 2T;;suit_length;C>=5;;;3C;639
538;RI_CO_N2;;FREE;7-10H;;;;;;;;0;;;>=4;0;1T 1K 2T;;suit_length;P>=5;;;3P;640
539;RI_CO_N2;;FREE;7-10H;;;;;;;;0;;;>=4;0;1T 1C 1P;;suit_length;K>=5;;;3K;641
540;RI_CO_N2;;FREE;7-10H;;;;;;;;0;;;>=4;0;1T 1C 2T;;suit_length;K>=5;;;3K;642
541;RI_CO_N2;;FREE;7-10H;;;;;;;;0;;;>=4;0;1T 1C 2T;;suit_length;P>=5;;;3P;643
542;RI_CO_N2;;FREE;7-10H;;;;;;;;0;;;>=4;0;1T 1C 2K;;suit_length;P>=5;;;3P;644
543;RI_CO_N2;;FREE;7-10H;;;;;;;;0;;;>=4;0;1T 1P 2T;;suit_length;K>=5;;;3K;645
544;RI_CO_N2;;FREE;7-10H;;;;;;;;0;;;>=4;0;1T 1P 2T;;suit_length;C>=5;;;3C;646
545;RI_CO_N2;;FREE;7-10H;;;;;;;;0;;;>=4;0;1T 1P 2K;;suit_length;C>=5;;;3C;647
546;RI_CO_N2;;FREE;7-10H;;;;;;;;0;;;>=4;0;1T 1P 2C;;suit_length;K>=5;;;4K;648
547;RI_CO_N2;;FREE;7-10H;;;;;;;;0;;;>=4;0;1K 1C 2K;;suit_length;P>=5;;;3P;649
548;RI_CO_N2;;FREE;7-10H;;;;;;;;0;;;>=4;0;1K 1C 2K;;suit_length;T>=5;;;4T;650
549;RI_CO_N2;;FREE;7-10H;;;;;;;;0;;;>=4;0;1K 1C 2T;;suit_length;P>=5;;;3P;651
550;RI_CO_N2;;FREE;7-10H;;;;;;;;0;;;>=4;0;1K 1C 1P;;suit_length;T>=5;;;3T;652
551;RI_CO_N2;;FREE;7-10H;;;;;;;;0;;;>=4;0;1K 1P 2K;;suit_length;T>=5;;;4T;653
552;RI_CO_N2;;FREE;7-10H;;;;;;;;0;;;>=4;0;1K 1P 2K;;suit_length;C>=5;;;3C;654
553;RI_CO_N2;;FREE;7-10H;;;;;;;;0;;;>=4;0;1K 1P 2C;;suit_length;T>=5;;;4T;655
554;RI_CO_N2;;FREE;7-10H;;;;;;;;0;;;>=4;0;1K 1P 2T;;suit_length;C>=5;;;3C;656
555;RI_CO_N2;;FREE;7-10H;;;;;;;;0;;;>=4;0;1C 1P 2T;;suit_length;K>=5;;;3K;657
556;RI_CO_N2;;FREE;7-10H;;;;;;;;0;;;>=4;0;1C 1P 2K;;suit_length;T>=5;;;4T;658
557;RI_CO_N2;;FREE;7-10H;;;;;;;;0;;;>=4;0;1C 1P 2C;;suit_length;T>=5;;;4T;659
558;RI_CO_N2;;FREE;7-10H;;;;;;;;0;;;>=4;0;1C 1P 2C;;suit_length;K>=5;;;4K;660
559;RI_CO_N2;;FREE;7-10H;;;;;;;;0;;;>=4;0;1K 2T 2K;;suit_length;C>=5;;;3C;661
560;RI_CO_N2;;FREE;7-10H;;;;;;;;0;;;>=4;0;1K 2T 2K;;suit_length;P>=5;;;3P;662
561;RI_CO_N2;;FREE;7-10H;;;;;;;;0;;;>=4;0;1K 2T 2C;;suit_length;P>=5;;;3P;663
562;RI_CO_N2;;FREE;7-10H;;;;;;;;0;;;>=4;0;1K 2T 2P;;suit_length;C>=5;;;4C;664
563;RI_CO_N2;;FREE;7-10H;;;;;;;;0;;;>=4;0;1C 2T 2C;;suit_length;K>=5;;;4K;665
564;RI_CO_N2;;FREE;7-10H;;;;;;;;0;;;>=4;0;1C 2T 2C;;suit_length;P>=5;;;3P;666
565;RI_CO_N2;;FREE;7-10H;;;;;;;;0;;;>=4;0;1C 2T 2P;;suit_length;K>=5;;;4K;667
566;RI_CO_N2;;FREE;7-10H;;;;;;;;0;;;>=4;0;1C 2T 2K;;suit_length;P>=5;;;3P;668
567;RI_CO_N2;;FREE;7-10H;;;;;;;;0;;;>=4;0;1P 2T 2P;;suit_length;K>=5;;;4K;669
568;RI_CO_N2;;FREE;7-10H;;;;;;;;0;;;>=4;0;1P 2T 2P;;suit_length;C>=5;;;4C;670
569;RI_CO_N2;;FREE;7-10H;;;;;;;;0;;;>=4;0;1P 2T 2C;;suit_length;K>=5;;;4K;671
570;RI_CO_N2;;FREE;7-10H;;;;;;;;0;;;>=4;0;1P 2T 2K;;suit_length;C>=5;;;3C;672
571;RI_CO_N2;;FREE;7-10H;;;;;;;;0;;;>=4;0;1C 2K 2C;;suit_length;T>=5;;;4T;673
572;RI_CO_N2;;FREE;7-10H;;;;;;;;0;;;>=4;0;1C 2K 2C;;suit_length;P>=5;;;3P;674
573;RI_CO_N2;;FREE;7-10H;;;;;;;;0;;;>=4;0;1C 2K 2P;;suit_length;T>=5;;;4T;675
574;RI_CO_N2;;FREE;7-10H;;;;;;;;0;;;>=4;0;1C 2K 3T;;suit_length;P>=5;;;4P;676
575;RI_CO_N2;;FREE;7-10H;;;;;;;;0;;;>=4;0;1P 2K 2P;;suit_length;T>=5;;;4T;677
576;RI_CO_N2;;FREE;7-10H;;;;;;;;0;;;>=4;0;1P 2K 2P;;suit_length;C>=5;;;3C;678
577;RI_CO_N2;;FREE;7-10H;;;;;;;;0;;;>=4;0;1P 2K 2C;;suit_length;T>=5;;;4T;679
578;RI_CO_N2;;FREE;7-10H;;;;;;;;0;;;>=4;0;1P 2K 3T;;suit_length;C>=5;;;4C;680
579;RI_CO_N2;;FREE;7-10H;;;;;;;;0;;;>=4;0;1P 2C 2P;;suit_length;T>=5;;;4T;681
580;RI_CO_N2;;FREE;7-10H;;;;;;;;0;;;>=4;0;1P 2C 2P;;suit_length;K>=5;;;4K;682
581;RI_CO_N2;;FREE;7-10H;;;;;;;;0;;;>=4;0;1P 2C 3K;;suit_length;T>=5;;;5T;683
582;RI_CO_N2;;FREE;7-10H;;;;;;;;0;;;>=4;0;1P 2C 3T;;suit_length;K>=5;;;4K;684
583;RI_CO_N2;;FREE;13-15HLD;;;;;;;;0;;;>=4;0;1T 1K 1M;;;T<=1;;;4T;685
584;RI_CO_N2;;FREE;13-15HLD;;;;;;;;0;;;>=4;0;1T 1C 1P;;;T<=1;;;4T;686
585;RI_CO_N2;;FREE;13-15HLD;;;;;;;;0;;;>=4;0;1T 1M 2m;;;T<=1;;;4T;687
586;RI_CO_N2;;FREE;13-15HLD;;;;;;;;0;;;>=4;0;1m 1E 2T;;;T<=1;;;4T;688
587;RI_CO_N2;;FREE;13-15HLD;;;;;;;;0;;;>=4;0;1C 1P 2T;;;T<=1;;;4T;689
588;RI_CO_N2;;FREE;13-15HLD;;;;;;;;0;;;>=4;0;1K 1C 1P;;;K<=1;;;4K;690
589;RI_CO_N2;;FREE;13-15HLD;;;;;;;;0;;;>=4;0;1K 1M 2E;;;K<=1;;;4K;691
590;RI_CO_N2;;FREE;13-15HLD;;;;;;;;0;;;>=4;0;1K 2m 2E;;;K<=1;;;4K;692
591;RI_CO_N2;;FREE;13-15HLD;;;;;;;;0;;;>=4;0;1m 1E 2K;;;K<=1;;;4K;693
592;RI_CO_N2;;FREE;13-15HLD;;;;;;;;0;;;>=4;0;1C 1P 2K;;;K<=1;;;4K;694
593;RI_CO_N2;;FREE;13-15HLD;;;;;;;;0;;;>=4;0;1E 2T 2K;;;K<=1;;;4K;695
594;RI_CO_N2;;FREE;13-15HLD;;;;;;;;0;;;>=4;0;1C 1P 2E;;;C<=1;;;4C;696
595;RI_CO_N2;;FREE;13-15HLD;;;;;;;;0;;;>=4;0;1C 2m 2E;;;C<=1;;;4C;697
596;RI_CO_N2;;FREE;13-15HLD;;;;;;;;0;;;>=4;0;1T 1K 1C;;;C<=1;;;4C;698
597;RI_CO_N2;;FREE;13-15HLD;;;;;;;;0;;;>=4;0;1E 1P 2C;;;C<=1;;;4C;699
598;RI_CO_N2;;FREE;13-15HLD;;;;;;;;0;;;>=4;0;1M 2m 2C;;;C<=1;;;4C;700
599;RI_CO_N2;;FREE;13-15HLD;;;;;;;;0;;;>=4;0;1P 2m 2E;;;P<=1;;;4P;701
600;RI_CO_N2;;FREE;13-15HLD;;;;;;;;0;;;>=4;0;1P 2C 2P;;;P<=1;;;4P;702
601;RI_CO_N2;;FREE;13-15HLD;;;;;;;;0;;;>=4;0;1P 2M 3m;;;P<=1;;;4P;703
602;RI_CO_N2;;FREE;13-15HLD;;;;;;;;0;;;>=4;0;1m 1E 1P;;;P<=1;;;4P;704
603;RI_CO_N2;;FREE;13-15HLD;;;;;;;;0;;;>=4;0;1E 2m 2P;;;P<=1;;;4P;705
604;RI_CO_N2;;FREE;7-9H;;;;;;;;0;;;>=4;0;1T 1K 1M;;;;;;2SA;706
605;RI_CO_N2;;FREE;7-9H;;;;;;;;0;;;>=4;0;1T 1K 2E;;;;;;2SA;707
606;RI_CO_N2;;FREE;7-9H;;;;;;;;0;;;>=4;0;1T 1C 1P;;;;;;2SA;708
607;RI_CO_N2;;FREE;7-9H;;;;;;;;0;;;>=4;0;1T 1M 2E;;;;;;2SA;709
608;RI_CO_N2;;FREE;7-9H;;;;;;;;0;;;>=4;0;1K 1C 1P;;;;;;2SA;710
609;RI_CO_N2;;FREE;7-9H;;;;;;;;0;;;>=4;0;1K 1M 2E;;;;;;2SA;711
610;RI_CO_N2;;FREE;7-9H;;;;;;;;0;;;>=4;0;1K 2T 2E;;;;;;2SA;712
611;RI_CO_N2;;FREE;7-9H;;;;;;;;0;;;>=4;0;1C 1P 2E;;;;;;2SA;713
612;RI_CO_N2;;FREE;7-9H;;;;;;;;0;;;>=4;0;1C 2m 2E;;;;;;2SA;714
613;RI_CO_N2;;FREE;7-9H;;;;;;;;0;;;>=4;0;1P 2m 2E;;;;;;2SA;715
614;RI_CO_N2;;FREE;7-9H;;;;;;;;0;;;>=4;0;1P 2C 2P;;;;;;2SA;716
615;RI_CO_N2;;FREE;>=8H;;;;;;;;0;;;<3;1;1T 1K 1M;;;;;;1SA;717
616;RI_CO_N2;;FREE;>=8H;;;;;;;;0;;;<3;1;1T 1C 1P;;;;;;1SA;718
617;RI_CO_N2;;FREE;>=8H;;;;;;;;0;;;<3;1;1K 1C 1P;;;;;;1SA;719
618;RI_CO_N2;;FREE;8-15HL;;;pique;>=5;;;;0;;;<3;0;1T 1K 1C;;;;;;1P;720
619;RI_CO_N2;;FREE;11-15HL;;;coeur;>=5;;;;0;;;<3;0;1T 1K 1P;;long_color_points_H;>=6;;;2C;721
620;RI_CO_N2;;FREE;11-15HL;;;coeur;>=6;;;;0;;;<3;0;1T 1K 1P;;;;;;2C;721
621;RI_CO_N2;;FREE;11-15HL;;;carreau;>=5;;;;0;;;<3;0;1T 1C 1P;;long_color_points_H;>=6;;;2K;722
622;RI_CO_N2;;FREE;11-15HL;;;carreau;>=6;;;;0;;;<3;0;1T 1C 1P;;;;;;2K;722
623;RI_CO_N2;;FREE;11-15HL;;;trèfle;>=5;;;;0;;;<3;0;1K 1C 1P;;long_color_points_H;>=6;;;2T;723
624;RI_CO_N2;;FREE;11-15HL;;;trèfle;>=6;;;;0;;;<3;0;1K 1C 1P;;;;;;2T;723
625;RI_CO_N2;;FREE;11-15HL;;;Majeure;>=5;;;;0;;;<3;0;1T 1K 2m;;long_color_points_H;>=6;long_suit;2CL1;;724
626;RI_CO_N2;;FREE;11-15HL;;;Majeure;>=6;;;;0;;;<3;0;1T 1K 2m;;;;long_suit;2CL1;;724
627;RI_CO_N2;;FREE;11-15HL;;;;>=5;;;;0;;;<3;0;1T 1C 2m;long_suit_1_unnamed;long_color_points_H;>=6;long_suit;2CL1;;725
628;RI_CO_N2;;FREE;11-15HL;;;;>=6;;;;0;;;<3;0;1T 1C 2m;long_suit_1_unnamed;;;long_suit;2CL1;;725
629;RI_CO_N2;;FREE;11-15HL;;;pique;>=5;;;;0;;;<3;0;1T 1C 2C;;long_color_points_H;>=6;;;2P;726
630;RI_CO_N2;;FREE;11-15HL;;;pique;>=6;;;;0;;;<3;0;1T 1C 2C;;;;;;2P;726
631;RI_CO_N2;;FREE;11-15HL;;;;>=5;;;;0;;;<3;0;1T 1P 2m;long_suit_1_unnamed;long_color_points_H;>=6;long_suit;2CL1;;727
632;RI_CO_N2;;FREE;11-15HL;;;;>=6;;;;0;;;<3;0;1T 1P 2m;long_suit_1_unnamed;;;long_suit;2CL1;;727
633;RI_CO_N2;;FREE;11-15HL;;;Majeure;>=5;;;;0;;;<3;0;1K 1M 2m;long_suit_1_unnamed;long_color_points_H;>=6;long_suit;2CL1;;728
634;RI_CO_N2;;FREE;11-15HL;;;Majeure;>=6;;;;0;;;<3;0;1K 1M 2m;long_suit_1_unnamed;;;long_suit;2CL1;;728
635;RI_CO_N2;;FREE;11-15HL;;;Majeure;>=5;;;;0;;;<3;0;1K 2T 2K;long_suit_1_unnamed;long_color_points_H;>=6;long_suit;2CL1;;729
636;RI_CO_N2;;FREE;11-15HL;;;Majeure;>=6;;;;0;;;<3;0;1K 2T 2K;long_suit_1_unnamed;;;long_suit;2CL1;;729
637;RI_CO_N2;;FREE;11-15HL;;;pique;>=5;;;;0;;;<3;0;1K 2T 2C;;long_color_points_H;>=6;;;2P;730
638;RI_CO_N2;;FREE;11-15HL;;;pique;>=6;;;;0;;;<3;0;1K 2T 2C;;;;;;2P;730
639;RI_CO_N2;;FREE;11-15HL;;;carreau;>=5;;;;0;;;<3;0;1C 1P 2T;;long_color_points_H;>=6;;;2K;731
640;RI_CO_N2;;FREE;11-15HL;;;carreau;>=6;;;;0;;;<3;0;1C 1P 2T;;;;;;2K;731
641;RI_CO_N2;;FREE;11-15HL;;;pique;>=5;;;;0;;;<3;0;1C 2T 2K;;long_color_points_H;>=6;;;2P;732
642;RI_CO_N2;;FREE;11-15HL;;;pique;>=6;;;;0;;;<3;0;1C 2T 2K;;;;;;2P;732
643;RI_CO_N2;;FREE;11-15HL;;;pique;>=5;;;;0;;;<3;0;1C 2T 2C;;long_color_points_H;>=6;;;2P;733
644;RI_CO_N2;;FREE;11-15HL;;;pique;>=6;;;;0;;;<3;0;1C 2T 2C;;;;;;2P;733
645;RI_CO_N2;;FREE;11-15HL;;;pique;>=5;;;;0;;;<3;0;1C 2K 2C;;long_color_points_H;>=6;;;2P;734
646;RI_CO_N2;;FREE;11-15HL;;;pique;>=6;;;;0;;;<3;0;1C 2K 2C;;;;;;2P;734
647;RI_CO_N2;;FREE;11-15HL;;;coeur;>=5;;;;0;;;<3;0;1P 2T 2m;;long_color_points_H;>=6;;;2C;735
648;RI_CO_N2;;FREE;11-15HL;;;coeur;>=6;;;;0;;;<3;0;1P 2T 2m;;;;;;2C;735
649;RI_CO_N2;;FREE;>=16HL;;;coeur;>=5;;;;0;;;<3;0;1T 1K 1P;;;;;;X;736
650;RI_CO_N2;;FREE;>=16HL;;;carreau;>=5;;;;0;;;<3;0;1T 1C 1P;;;;;;X;737
651;RI_CO_N2;;FREE;>=16HL;;;trèfle;>=5;;;;0;;;<3;0;1K 1C 1P;;;;;;X;738
652;RI_CO_N2;;FREE;>=16HL;;;Majeure;>=5;;;;0;;;<3;0;1T 1K 2m;;;;;;X;739
653;RI_CO_N2;;FREE;>=16HL;;;pique;>=5;;;;0;;;<3;0;1T 1K 1C;;;;;;X;740
654;RI_CO_N2;;FREE;>=16HL;;;;>=5;;;;0;;;<3;0;1T 1C 2m;long_suit_1_unnamed;;;;;X;741
655;RI_CO_N2;;FREE;>=16HL;;;pique;>=5;;;;0;;;<3;0;1T 1C 2C;;;;;;X;742
656;RI_CO_N2;;FREE;>=16HL;;;;>=5;;;;0;;;<3;0;1T 1P 2m;long_suit_1_unnamed;;;;;X;743
657;RI_CO_N2;;FREE;>=16HL;;;Majeure;>=5;;;;0;;;<3;0;1K 1M 2m;long_suit_1_unnamed;;;;;X;744
658;RI_CO_N2;;FREE;>=16HL;;;Majeure;>=5;;;;0;;;<3;0;1K 2T 2K;long_suit_1_unnamed;;;;;X;745
659;RI_CO_N2;;FREE;>=16HL;;;pique;>=5;;;;0;;;<3;0;1K 2T 2C;;;;;;X;746
660;RI_CO_N2;;FREE;>=16HL;;;carreau;>=5;;;;0;;;<3;0;1C 1P 2T;;;;;;X;747
661;RI_CO_N2;;FREE;>=16HL;;;pique;>=5;;;;0;;;<3;0;1C 2T 2K;;;;;;X;748
662;RI_CO_N2;;FREE;>=16HL;;;pique;>=5;;;;0;;;<3;0;1C 2T 2C;;;;;;X;749
663;RI_CO_N2;;FREE;>=16HL;;;pique;>=5;;;;0;;;<3;0;1C 2K 2C;;;;;;X;750
664;RI_CO_N2;;FREE;>=16HL;;;coeur;>=5;;;;0;;;<3;0;1P 2T 2m;;;;;;X;751
665;RI_CO_N2;;FREE;>=15HL;;;coeur;>=6;;;;0;;;<3;0;1T 1K 1C;;long_color_points_H;>=6;;;2C;752
666;RI_CO_N2;;FREE;>=15HL;;;pique;>=6;;;;0;;;<3;0;1T 1K 1P;;long_color_points_H;>=6;;;2P;753
667;RI_CO_N2;;FREE;>=15HL;;;pique;>=6;;;;0;;;<3;0;1m 1C 1P;;long_color_points_H;>=6;;;2P;754
668;RI_CO_N2;;FREE;>=17HL;;;carreau;>=6;;;;0;;;<3;0;1T 1M 2K;;long_color_points_H;>=6;;;3K;755
669;RI_CO_N2;;FREE;>=17HL;;;trèfle;>=6;;;;0;;;<3;0;1K 1M 2T;;long_color_points_H;>=6;;;3T;756
670;RI_CO_N2;;FREE;>=17HL;;;coeur;>=6;;;;0;;;<3;0;1K 2T 2C;;long_color_points_H;>=6;;;3C;757
671;RI_CO_N2;;FREE;>=17HL;;;trèfle;>=6;;;;0;;;<3;0;1C 1P 2T;;long_color_points_H;>=6;;;3T;758
672;RI_CO_N2;;FREE;>=17HL;;;carreau;>=6;;;;0;;;<3;0;1M 2T 2K;;long_color_points_H;>=6;;;3K;759
673;RI_CO_N2;;FREE;>=17HL;;;carreau;>=6;;;;0;;;<3;0;1C 1P 2K;;long_color_points_H;>=6;;;3K;760
674;RI_CO_N2;;FREE;>=17HL;;;pique;>=6;;;;0;;;<3;0;1K 2T 2P;;long_color_points_H;>=6;;;3P;761
675;RI_CO_N2;;FREE;>=17HL;;;coeur;>=6;;;;0;;;<3;0;1T 1P 2C;;long_color_points_H;>=6;;;3C;762
676;RI_CO_N2;;FREE;>=10H;;;;;;;;0;;;>=4;0;1T 1E 2T;;;;;;3T;763
677;RI_CO_N2;;FREE;>=10H;;;;;;;;0;;;>=4;0;1K 1M 2K;;;;;;3K;764
678;RI_CO_N2;;FREE;>=10H;;;;;;;;0;;;>=4;0;1C 1P 2C;;;;;;3C;765
679;RI_CO_N2;;FREE;>=10H;;;;;;;;0;;;>=5;0;1K 2T 2K;;;;;;3K;766
680;RI_CO_N2;;FREE;>=10H;;;;;;;;0;;;>=5;0;1C 2m 2C;;;;;;3C;767
681;RI_CO_N2;;FREE;>=10H;;;;;;;;0;;;>=5;0;1P 2m 2P;;;;;;3P;768
682;RI_CO_N2;;FREE;>=10H;;;;;;;;0;;;>=5;0;1P 2C 2P;;;;;;3P;769
683;RI_CO_N2;;FREE;>=11HLD;;;;;;;;0;;;>=3;0;1T 1K 1SA;;;;;;2T;770
684;RI_CO_N2;;FREE;>=11HLD;;;;;;;;0;;;>=3;0;1T 1C 1SA;;;;;;2T;771
685;RI_CO_N2;;FREE;>=8HL;;;pique;>=5;;;;0;;;2;0;1T 1C 1SA;;;;;;2T;771
686;RI_CO_N2;;FREE;>=11HLD;;;;;;;;0;;;>=3;0;1T 1P 1SA;;;;;;2T;772
687;RI_CO_N2;;FREE;>=8HL;;;coeur;>=5;;;;0;;;2;0;1T 1P 1SA;;;;;;2T;772
688;RI_CO_N2;;FREE;>=11HLD;;;;;;;;0;;;>=3;0;1K 1C 1SA;;;;;;2K;773
689;RI_CO_N2;;FREE;>=8HL;;;pique;>=5;;;;0;;;2;0;1K 1C 1SA;;;;;;2K;773
690;RI_CO_N2;;FREE;>=11HLD;;;;;;;;0;;;>=3;0;1K 1P 1SA;;;;;;2K;774
691;RI_CO_N2;;FREE;>=8HL;;;coeur;>=5;;;;0;;;2;0;1K 1P 1SA;;;;;;2K;774
692;RI_CO_N2;;FREE;>=11HLD;;;;;;;;0;;;>=3;0;1C 1P 1SA;;;;;;2C;775
693;RI_CO_N2;;FREE;>=10HL;bicolore 5/5;coeur,pique;;;;;;0;;;<3;0;1T 1K 1SA;;;;;;X;776
694;RI_CO_N2;;FREE;>=10HL;bicolore 5/5;carreau,pique;;;;;;0;;;<3;0;1T 1C 1SA;;;;;;X;777
695;RI_CO_N2;;FREE;>=10HL;bicolore 5/5;carreau,coeur;;;;;;0;;;<3;0;1T 1P 1SA;;;;;;X;778
696;RI_CO_N2;;FREE;>=10HL;bicolore 5/5;trèfle,pique;;;;;;0;;;<3;0;1K 1C 1SA;;;;;;X;779
697;RI_CO_N2;;FREE;>=10HL;bicolore 5/5;trèfle,coeur;;;;;;0;;;<3;0;1K 1P 1SA;;;;;;X;780
698;RI_CO_N2;;FREE;>=10HL;bicolore 5/5;trèfle,carreau;;;;;;0;;;<3;0;1C 1P 1SA;;;;;;X;781
699;RI_CO_N2;;FREE;8-11H;;;;;;;;0;;;2;0;1T 1K X;;;;;;XX;782
700;RI_CO_N2;;FREE;8-11H;;;;;;;;0;;;2;0;1T 1C X;;;;;;XX;783
701;RI_CO_N2;;FREE;8-11H;;;;;;;;0;;;2;0;1T 1P X;;;;;;XX;784
702;RI_CO_N2;;FREE;8-11H;;;;;;;;0;;;2;0;1K 1C X;;;;;;XX;785
703;RI_CO_N2;;FREE;8-11H;;;;;;;;0;;;2;0;1K 1P X;;;;;;XX;786
704;RI_CO_N2;;FREE;8-11H;;;;;;;;0;;;2;0;1C 1P X;;;;;;XX;787
705;RI_CO_N2;;FREE;8-11H;;;;;;;;0;;;2;0;1K 2T X;;;;;;XX;788
706;RI_CO_N2;;FREE;8-11H;;;;;;;;0;;;2;0;1C 2T X;;;;;;XX;789
707;RI_CO_N2;;FREE;8-11H;;;;;;;;0;;;2;0;1P 2T X;;;;;;XX;790
708;RI_CO_N2;;FREE;8-11H;;;;;;;;0;;;2;0;1C 2K X;;;;;;XX;791
709;RI_CO_N2;;FREE;8-11H;;;;;;;;0;;;2;0;1P 2K X;;;;;;XX;792
710;RI_CO_N2;;FREE;8-11H;;;;;;;;0;;;2;0;1P 2C X;;;;;;XX;793
711;RI_CO_N2;;FREE;>=12H;;;;;;;;0;;;<3;0;1T 1E X;;;;;;2T;794
712;RI_CO_N2;;FREE;>=12H;;;;;;;;0;;;<3;0;1K 1M X;;;;;;2K;795
713;RI_CO_N2;;FREE;>=12H;;;;;;;;0;;;<3;0;1C 1P X;;;;;;2C;796
714;RI_CO_N2;;FREE;>=12H;;;;;;;;0;;;<3;0;1K 2T X;;;;;;2K;797
715;RI_CO_N2;;FREE;>=12H;;;;;;;;0;;;<3;0;1C 2m X;;;;;;2C;798
716;RI_CO_N2;;FREE;>=12H;;;;;;;;0;;;<3;0;1P 2m X;;;;;;2P;799
717;RI_CO_N2;;FREE;>=12H;;;;;;;;0;;;<3;0;1P 2C X;;;;;;2P;800
718;RI_UP_N2;;PASS;<8H;;;;;;;;0;;;;0;;;;;;;passe;none
719;RI_UP_N2;;FREE;15-17H;régulier;;;;;;;0;;;;0;1m 2M passe;;;;;;2SA;801
720;RI_UP_N2;;FREE;15-17H;régulier;;;;;;;0;;;;0;1C 2P passe;;;;;;2SA;802
721;RI_UP_N2;;FREE;15-17H;régulier;;;;;;;0;;;;1;1m 2C 2P;;;;;;2SA;803
722;RI_UP_N2;;FREE;>=13HLD;;;;;;;;0;;;>=3;0;1T 2C 2P;;;;;;3T;804
723;RI_UP_N2;;FREE;>=13HLD;;;;;;;;0;;;>=3;0;1K 2C 2P;;;;;;3K;805
724;RI_UP_N2;;FREE;>=13HLD;;;;;;;;0;;;>=3;0;1T 2M passe;;;;;;3T;806
725;RI_UP_N2;;FREE;>=13HLD;;;;;;;;0;;;>=3;0;1K 2M passe;;;;;;3K;807
726;RI_UP_N2;;FREE;>=13HLD;;;;;;;;0;;;>=3;0;1C 2P passe;;;;;;3C;808
727;RI_UP_N2;;FREE;>=10HLD;irrégulier;;;;;;;0;;;>=3;0;1T 3K passe;;;;;;4K;809
728;RI_UP_N2;;FREE;>=10HLD;irrégulier;;;;;;;0;;;>=3;0;1K 3T passe;;;;;;4T;810
729;RI_UP_N2;;FREE;>=10HLD;irrégulier;;;;;;;0;;;>=3;0;1C 3P passe;;;;;;4P;811
730;RI_UP_N2;;FREE;>=10HLD;irrégulier;;;;;;;0;;;>=3;0;1P 3C passe;;;;;;4C;812
731;RI_UP_N2;;FREE;>=10HLD;irrégulier;;;;;;;0;;;>=3;0;1M 3m passe;;;;support;4;;813
732;RI_UP_N2;;FREE;>=10HLD;irrégulier;;;;;;;0;;;>=3;0;1m 3M passe;;;;support;4;;814
733;RI_UP_N2;;FREE;>=19HL;;;Majeure;>=6;;;;0;;;;0;1K 3T passe;;;;long_suit;3CL1;;815
734;RI_UP_N2;;FREE;>=19HL;;;;>=6;;;;0;;;;0;1M 3T passe;long_suit_1_unnamed;;;long_suit;3CL1;;816
735;RI_UP_N2;;FREE;>=19HL;;;Majeure;>=6;;;;0;;;;0;1M 3K passe;long_suit_1_unnamed;;;long_suit;3CL1;;817
736;RI_UP_N2;;FREE;>=19HL;;;pique;>=6;;;;0;;;;0;1m 3C passe;long_suit_1_unnamed;;;;;3P;818
737;RI_UP_N2;;FREE;>=21HLD;;;;;;;;0;;;>=2;0;1T 3K passe;;;;first_control;4;;819
738;RI_UP_N2;;FREE;>=21HLD;;;;;;;;0;;;>=2;0;1K 3T passe;;;;first_control;4;;820
739;RI_UP_N2;;FREE;>=21HLD;;;;;;;;0;;;>=2;0;1C 3P passe;;;;first_control;4;;821
740;RI_UP_N2;;FREE;>=21HLD;;;;;;;;0;;;>=2;0;1P 3C passe;;;;first_control;4;;822
741;RI_UP_N2;;FREE;>=21HLD;;;;;;;;0;;;>=2;0;1M 3m passe;;;;first_control;4;;823
742;RI_UP_N2;;FREE;>=21HLD;;;;;;;;0;;;>=2;0;1m 3M passe;;;;first_control;4;;824
743;RI_UP_N2;;FREE;15-20HL;régulier;;;;;;;0;;;>=2;1;1T 3K passe;;;;;;3SA;825
744;RI_UP_N2;;FREE;15-20HL;régulier;;;;;;;0;;;>=2;1;1K 3T passe;;;;;;3SA;826
745;RI_UP_N2;;FREE;15-20HL;régulier;;;;;;;0;;;>=2;1;1C 3P passe;;;;;;3SA;827
746;RI_UP_N2;;FREE;15-20HL;régulier;;;;;;;0;;;>=2;1;1P 3C passe;;;;;;3SA;828
747;RI_UP_N2;;FREE;15-20HL;régulier;;;;;;;0;;;>=2;1;1M 3m passe;;;;;;3SA;829
748;RI_UP_N2;;FREE;15-20HL;régulier;;;;;;;0;;;>=2;1;1m 3M passe;;;;;;3SA;830
749;RI_UP_N2;;FREE;>=25HLD;;;;;;;;0;;;>=2;0;1T 3K passe;;;;;;4SA;831
750;RI_UP_N2;;FREE;>=25HLD;;;;;;;;0;;;>=2;0;1K 3T passe;;;;;;4SA;832
751;RI_UP_N2;;FREE;>=25HLD;;;;;;;;0;;;>=2;0;1C 3P passe;;;;;;4SA;833
752;RI_UP_N2;;FREE;>=25HLD;;;;;;;;0;;;>=2;0;1P 3C passe;;;;;;4SA;834
753;RI_UP_N2;;FREE;>=25HLD;;;;;;;;0;;;>=2;0;1M 3m passe;;;;;;4SA;835
754;RI_UP_N2;;FREE;>=25HLD;;;;;;;;0;;;>=2;0;1m 3M passe;;;;;;4SA;836
755;RI_UP_N2;;FREE;>=25HLD;;;;;;;;0;;;<2;0;1C 3P 4T;;suit_length;T>=5;;;X;837
756;RI_UP_N2;;FREE;>=25HLD;;;;;;;;0;;;<2;0;1P 3C 4T;;suit_length;T>=5;;;X;838
757;RI_UP_N2;;FREE;>=25HLD;;;;;;;;0;;;<2;0;1M 3K 4T;;suit_length;T>=5;;;X;839
758;RI_UP_N2;;FREE;>=25HLD;;;;;;;;0;;;<2;0;1P 3C 4T;;suit_length;T>=5;;;X;840
759;RI_UP_N2;;FREE;>=25HLD;;;;;;;;0;;;<2;0;1M 3T 3K;;suit_length;K>=5;;;X;841
760;RI_UP_N2;;FREE;>=25HLD;;;;;;;;0;;;<2;0;1C 3P 4K;;suit_length;K>=5;;;X;842
761;RI_UP_N2;;FREE;>=25HLD;;;;;;;;0;;;<2;0;1P 3C 4K;;suit_length;K>=5;;;X;843
762;RI_UP_N2;;FREE;>=25HLD;;;;;;;;0;;;<2;0;1T 3K 3C;;suit_length;C>=5;;;X;844
763;RI_UP_N2;;FREE;>=25HLD;;;;;;;;0;;;<2;0;1K 3T 3C;;suit_length;C>=5;;;X;845
764;RI_UP_N2;;FREE;>=25HLD;;;;;;;;0;;;<2;0;1P 3m 3C;;suit_length;C>=5;;;X;846
765;RI_UP_N2;;FREE;>=25HLD;;;;;;;;0;;;<2;0;1T 3K 3P;;suit_length;P>=5;;;X;847
766;RI_UP_N2;;FREE;>=25HLD;;;;;;;;0;;;<2;0;1K 3T 3P;;suit_length;P>=5;;;X;848
767;RI_UP_N2;;FREE;>=25HLD;;;;;;;;0;;;<2;0;1C 3m 3P;;suit_length;P>=5;;;X;849
768;RI_UP_N2;;FREE;>=17HL;;;Majeure;>=6;;;;0;;;>=2;0;1T 4K passe;;;;long_suit;4CL1;;850
769;RI_UP_N2;;FREE;>=17HL;;;Majeure;>=6;;;;0;;;>=2;0;1K 4T passe;;;;long_suit;4CL1;;851
770;RI_UP_N2;;FREE;>=17HL;;;Majeure;>=6;;;;0;;;>=2;0;1M 4m passe;;;;long_suit;4CL1;;852
771;RI_UP_N2;;FREE;>=25HLD;;;;;;;;0;;;>=1;0;1T 4K passe;;;;;;4SA;853
772;RI_UP_N2;;FREE;>=25HLD;;;;;;;;0;;;>=1;0;1K 4T passe;;;;;;4SA;854
773;RI_UP_N2;;FREE;>=25HLD;;;;;;;;0;;;>=1;0;1M 4m passe;;;;;;4SA;855
774;RI_UP_N2;;FREE;>=25HLD;;;;;;;;0;;;>=1;0;1C 4P passe;;;;;;4SA;856
775;RI_UP_N2;;FREE;>=25HLD;;;;;;;;0;;;>=1;0;1P 4C passe;;;;;;4SA;857
776;RI_UP_N2;;FREE;>=25HLD;;;;;;;;0;;;>=1;0;1m 4M passe;;;;;;4SA;858
777;RI_UP_N2;;FREE;>=14HL;irrégulier;;;;;;;0;;;;0;1C 4P 5T;;suit_length;T>=5;;;X;859
778;RI_UP_N2;;FREE;>=14HL;irrégulier;;;;;;;0;;;;0;1P 4C 5T;;suit_length;T>=5;;;X;860
779;RI_UP_N2;;FREE;>=14HL;irrégulier;;;;;;;0;;;;0;1M 4K 5T;;suit_length;T>=5;;;X;861
780;RI_UP_N2;;FREE;>=14HL;irrégulier;;;;;;;0;;;;0;1M 4T 4K;;suit_length;K>=5;;;X;862
781;RI_UP_N2;;FREE;>=14HL;irrégulier;;;;;;;0;;;;0;1C 4P 5K;;suit_length;K>=5;;;X;863
782;RI_UP_N2;;FREE;>=14HL;irrégulier;;;;;;;0;;;;0;1P 4C 5K;;suit_length;K>=5;;;X;864
783;RI_UP_N2;;FREE;>=14HL;irrégulier;;;;;;;0;;;;0;1T 4K 4C;;suit_length;C>=5;;;X;865
784;RI_UP_N2;;FREE;>=14HL;irrégulier;;;;;;;0;;;;0;1K 4T 4C;;suit_length;C>=5;;;X;866
785;RI_UP_N2;;FREE;>=14HL;irrégulier;;;;;;;0;;;;0;1P 4m 4C;;suit_length;C>=5;;;X;867
786;RI_UP_N2;;FREE;>=14HL;irrégulier;;;;;;;0;;;;0;1T 4K 4P;;suit_length;P>=5;;;X;868
787;RI_UP_N2;;FREE;>=14HL;irrégulier;;;;;;;0;;;;0;1K 4T 4P;;suit_length;P>=5;;;X;869
788;RI_UP_N2;;FREE;>=14HL;irrégulier;;;;;;;0;;;;0;1m 4C 4P;;suit_length;P>=5;;;X;870
789;RI_UP_N2;;FREE;>=14HL;irrégulier;;;;;;;0;;;;0;1C 4m 4P;;suit_length;P>=5;;;X;871
790;RI_SA_N2;;STAYMAN;>=8HL;;;;;;;;0;;;;0;1C 1SA passe;major_4;;;;;2K;872
791;RI_SA_N2;;TEXAS;;;;carreau;>=6;;;;0;;;;0;1C 1SA passe;;;;;;2T;873
792;RI_SA_N2;;TEXAS;;;;carreau;>=5;;;;0;;;;0;1C 1SA passe;any_short_color;;;;;2T;873
793;RI_SA_N2;;TEXAS;;;;pique;>=5;;;;0;;;;0;1C 1SA passe;;;;;;2C;874
794;RI_SA_N2;;TEXAS;;;;trèfle;>=6;;;;0;;;;0;1C 1SA passe;;;;;;2P;875
795;RI_SA_N2;;TEXAS;;;;trèfle;>=5;;;;0;;;;0;1C 1SA passe;any_short_color;;;;;2P;875
796;RI_SA_N2;;STAYMAN;>=8HL;;;;;;;;0;;;;0;1P 1SA passe;major_4;;;;;2C;876
797;RI_SA_N2;;TEXAS;;;;carreau;>=6;;;;0;;;;0;1P 1SA passe;;;;;;2T;877
798;RI_SA_N2;;TEXAS;;;;carreau;>=5;;;;0;;;;0;1P 1SA passe;any_short_color;;;;;2T;877
799;RI_SA_N2;;TEXAS;;;;coeur;>=5;;;;0;;;;0;1P 1SA passe;;;;;;2K;878
800;RI_SA_N2;;TEXAS;;;;trèfle;>=6;;;;0;;;;0;1P 1SA passe;;;;;;2P;879
801;RI_SA_N2;;TEXAS;;;;trèfle;>=5;;;;0;;;;0;1P 1SA passe;any_short_color;;;;;2P;879
802;RI_SA_N2;;STAYMAN;>=8HL;;;;;;;;0;;;;0;1m 1SA passe;major_4;;;;;2T;880
803;RI_SA_N2;;TEXAS;;;;coeur;>=5;;;;0;;;;0;1m 1SA passe;;;;;;2K;881
804;RI_SA_N2;;TEXAS;;;;pique;>=5;;;;0;;;;0;1m 1SA passe;;;;;;2C;882
805;RI_SA_N2;;TEXAS;;;;trèfle;>=6;;;;0;;;;0;1m 1SA passe;;;;;;2P;883
806;RI_SA_N2;;TEXAS;;;;trèfle;>=5;;;;0;;;;0;1m 1SA passe;any_short_color;;;;;2P;883
807;RI_SA_N2;;TEXAS;;;;carreau;>=6;;;;0;;;;0;1m 1SA passe;;;;;;3T;884
808;RI_SA_N2;;TEXAS;;;;carreau;>=5;;;;0;;;;0;1m 1SA passe;any_short_color;;;;;3T;884
809;RI_SA_N2;;SEQSA;9HL;régulier;;;;;;;0;;;;0;1E 1SA passe;;;;;;2SA;885
810;RI_SA_N2;;SEQSA;9HL;régulier;;;;;;;0;;;;1;1m 1SA 2E;;;;;;2SA;885
811;RI_SA_N2;;SEQSA;9HL;régulier;;;;;;;0;;;;1;1M 1SA 2E;;;;;;2SA;885
812;RI_SA_N2;;SEQSA;9HL;régulier;;;;;;;0;;;;2;1E 1SA 2E;;;;;;2SA;885
813;RI_SA_N2;;PASS;>=10HL;régulier;;;;;;;0;;;;0;1E 1SA passe;;;;;;3SA;886
814;RI_SA_N2;;PASS;>=10HL;régulier;;;;;;;0;;;;1;1m 1SA 2E;;;;;;3SA;886
815;RI_SA_N2;;PASS;>=10HL;régulier;;;;;;;0;;;;1;1M 1SA 2E;;;;;;3SA;886
816;RI_SA_N2;;PASS;>=10HL;régulier;;;;;;;0;;;;2;1E 1SA 2E;;;;;;3SA;886
817;RI_SA_N2;;PASS;>=6HL;irrégulier;;;;;;;0;;;;0;1E 1SA 2T;;suit_length;T>=4;;;X;887
818;RI_SA_N2;;PASS;>=6HL;irrégulier;;;;;;;0;;;;0;1E 1SA 2K;;suit_length;K>=4;;;X;888
819;RI_SA_N2;;PASS;>=6HL;irrégulier;;;;;;;0;;;;0;1E 1SA 2C;;suit_length;C>=4;;;X;889
820;RI_SA_N2;;PASS;>=6HL;irrégulier;;;;;;;0;;;;0;1E 1SA 2P;;suit_length;P>=4;;;X;890
821;RI_BI_N2;;PASS;;;;;;;;;0;;;;0;1m 2K passe;;covering_count;PC<=1;best_bi_suit;2PC;;891
822;RI_BI_N2;;PASS;;;;;;;;;0;;;;0;1T 2SA passe;;covering_count;CK<=1;best_bi_suit;3CK;;892
823;RI_BI_N2;;PASS;;;;;;;;;0;;;;0;1K 2SA passe;;covering_count;CT<=1;best_bi_suit;3CT;;893
824;RI_BI_N2;;PASS;;;;;;;;;0;;;;0;1M 2SA passe;;covering_count;KT<=1;best_bi_suit;3KT;;894
825;RI_BI_N2;;PASS;;;;;;;;;0;;;;0;1C 2C passe;;covering_count;PT<=1;best_bi_suit;2P3T;;895
826;RI_BI_N2;;PASS;;;;;;;;;0;;;;0;1P 2P passe;;covering_count;CT<=1;best_bi_suit;3CT;;896
827;RI_BI_N2;;PASS;;;;;;;;;0;;;;0;1C 3T passe;;covering_count;PK<=1;best_bi_suit;3PK;;897
828;RI_BI_N2;;PASS;;;;;;;;;0;;;;0;1P 3T passe;;covering_count;CK<=1;best_bi_suit;3CK;;898
829;RI_BI_N2;;REDI_N2;;;;;;;;;0;;;;0;1m 2K passe;;covering_count;PC=2;best_bi_suit;3PC;;899
830;RI_BI_N2;;REDI_N2;;;;;;;;;0;;;;0;1T 2SA passe;;covering_count;CK=2;best_bi_suit;4CK;;900
831;RI_BI_N2;;REDI_N2;;;;;;;;;0;;;;0;1K 2SA passe;;covering_count;CT=2;best_bi_suit;4CT;;901
832;RI_BI_N2;;REDI_N2;;;;;;;;;0;;;;0;1M 2SA passe;;covering_count;KT=2;best_bi_suit;4KT;;902
833;RI_BI_N2;;REDI_N2;;;;;;;;;0;;;;0;1C 2C passe;;covering_count;PT=2;best_bi_suit;3P4T;;903
834;RI_BI_N2;;REDI_N2;;;;;;;;;0;;;;0;1P 2P passe;;covering_count;CT=2;best_bi_suit;4CT;;904
835;RI_BI_N2;;REDI_N2;;;;;;;;;0;;;;0;1C 3T passe;;covering_count;PK=2;best_bi_suit;4PK;;905
836;RI_BI_N2;;REDI_N2;;;;;;;;;0;;;;0;1P 3T passe;;covering_count;CK=2;best_bi_suit;4CK;;906
837;RI_BI_N2;;PASS;;;;;;;;;0;;;;0;1E 4SA passe;;covering_count;KT<=2;best_bi_suit;5KT;;907
838;RI_BI_N2;;REDI_N2;;;;;;;;;0;;;;0;1m 2K passe;;covering_count;PC>=3;;;2SA;908
839;RI_BI_N2;;REDI_N2;;;;;;;;;0;;;;0;1T 2SA passe;;covering_count;CK>=3;;;3T;909
840;RI_BI_N2;;REDI_N2;;;;;;;;;0;;;;0;1K 2SA passe;;covering_count;CT>=3;;;3K;910
841;RI_BI_N2;;REDI_N2;;;;;;;;;0;;;;0;1C 2SA passe;;covering_count;KT>=3;;;3C;911
842;RI_BI_N2;;REDI_N2;;;;;;;;;0;;;;0;1P 2SA passe;;covering_count;KT>=3;;;3P;912
843;RI_BI_N2;;REDI_N2;;;;;;;;;0;;;;0;1C 2C passe;;covering_count;PT>=3;;;2SA;913
844;RI_BI_N2;;REDI_N2;;;;;;;;;0;;;;0;1P 2P passe;;covering_count;CT>=3;;;2SA;913
845;RI_BI_N2;;REDI_N2;;;;;;;;;0;;;;0;1C 3T passe;;covering_count;PK>=3;;;3C;914
846;RI_BI_N2;;REDI_N2;;;;;;;;;0;;;;0;1P 3T passe;;covering_count;CK>=3;;;3P;914
847;RI_BI_N2;;PASS;8-15HL;semi-régulier;;;;;;;0;;;;1;1E 3E passe;;;;;;3SA;915
848;RI_BI_N2;;REDI_N2;>=16HL;;;;;;;;0;;;;0;1E 3E passe;;no_short_suit;TK;;;4E;916
849;RI_BI_N2;;REDI_N2;;;;;;;;;0;;;;0;1E 3E passe;;;;;;4T;917
850;RI_BI_N2;;REDI_N2;>=16HL;;;;;;;;0;;;;0;1E 3SA passe;;no_short_suit;TK;;;4E;918
851;RI_BI_N2;;PASS;;;;;;;;;0;;;;0;1E 3SA passe;;;;;;passe;none
852;RI_X_N2;;REDI_N2;8-10H;semi-régulier;;;;;;;0;;;;1;1E X passe;no_unnamed_major_4;;;;;1SA;919
853;RI_X_N2;;REDI_N2;11H;régulier;;;;;;;0;;;;1.5;1E X passe;no_unnamed_major_4;;;;;2SA;920
854;RI_X_N2;;PASS;12-14H;régulier;;;;;;;0;;;;1.5;1E X passe;no_unnamed_major_4;;;;;3SA;921
855;RI_X_N2;;REDI_N2;0-7H;;;;;;;;0;;;;0;1E X passe;;;;unnamed_longest;no_jump;;922
856;RI_X_N2;;REDI_N2;8-10H;;;;;;;;0;;;;0;1E X passe;;;;unnamed_longest;jump;;923
857;RI_X_N2;;REDI_N2;>=11H;;;;;;;;0;;;;0;1E X passe;;;;cuebid;2;;924
858;RI_X_N2;;PASS;>=7H;;;;;;;;0;;;;0;1T X 1K;;longest_major;>=4;best_major;1;;925
859;RI_X_N2;;PASS;>=7H;;;;;;;;0;;;;0;1m X 1C;;suit_length;P>=4;;;1P;926
860;RI_X_N2;;PASS;>=7H;;;;;;;;0;;;;0;1m X 1P;;suit_length;C>=4;;;2C;927
861;RI_X_N2;;PASS;>=7H;;;;;;;;0;;;;0;1K X 2T;;longest_major;>=4;best_major;2;;928
862;RI_X_N2;;PASS;>=7H;;;;;;;;0;;;;0;1C X 2m;;suit_length;P>=4;;;2C;929
863;RI_X_N2;;PASS;>=7H;;;;;;;;0;;;;0;1P X 2m;;suit_length;C>=4;;;2P;930
864;RI_X_N2;;PASS;>=7H;;;;;;;;0;;;;0;1T X 1K;;suit_length;K=4;;;X;931
865;RI_X_N2;;PASS;>=7H;;;;;;;;0;;;;0;1m X 1C;;suit_length;C=4;;;X;932
866;RI_X_N2;;PASS;>=7H;;;;;;;;0;;;;0;1m X 1P;;suit_length;P=4;;;X;933
867;RI_X_N2;;PASS;>=7H;;;;;;;;0;;;;0;1K X 2T;;suit_length;T=4;;;X;934
868;RI_X_N2;;PASS;>=7H;;;;;;;;0;;;;0;1M X 2T;;suit_length;T=4;;;X;934
869;RI_X_N2;;PASS;>=7H;;;;;;;;0;;;;0;1M X 2K;;suit_length;K=4;;;X;935
870;RI_X_N2;;PASS;>=7H;;;;;;;;0;;;;0;1P X 2C;;suit_length;C=4;;;X;936
871;RI_X_N2;;PASS;>=7H;;;;;;;;0;;;;0;1T X 1K;;suit_length;K>=5;;;2K;937
872;RI_X_N2;;PASS;>=7H;;;;;;;;0;;;;0;1m X 1C;;suit_length;C>=5;;;2C;938
873;RI_X_N2;;PASS;>=7H;;;;;;;;0;;;;0;1m X 1P;;suit_length;P>=5;;;2P;938
874;RI_X_N2;;PASS;>=7H;;;;;;;;0;;;;0;1K X 2T;;suit_length;T>=5;;;3T;939
875;RI_X_N2;;PASS;>=7H;;;;;;;;0;;;;0;1M X 2T;;suit_length;T>=5;;;3T;940
876;RI_X_N2;;PASS;>=7H;;;;;;;;0;;;;0;1M X 2K;;suit_length;K>=5;;;3K;940
877;RI_X_N2;;PASS;>=7H;;;;;;;;0;;;;0;1P X 2C;;suit_length;C>=5;;;3C;941
878;RI_X_N2;;REDI_N2;>=8HL;semi-régulier;;;;;;;0;;;;1;1T X 1K;;;;;;1SA;942
879;RI_X_N2;;REDI_N2;>=8HL;semi-régulier;;;;;;;0;;;;1;1m X 1M;;;;;;1SA;943
880;RI_X_N2;;PASS;0-7H;;;;5;;;;0;;;;0;1E X XX;;long_over_previous;True;long_suit;1CL1;;944
881;RI_X_N2;;PASS;0-7H;;;;5;;;;0;;;;0;1E X XX;;long_over_previous;False;long_suit;2CL1;;945
882;RI_X_N2;;PASS;0-7H;;;;>=6;;;;0;;;;0;1E X XX;;;;long_suit;3CL1;;946
883;RI_X_N2;;REDI_N2;>=7H;;;;;;;;0;;;;0;1m X XX;;majors_at_least_4;2;cuebid;2;;947
884;RI_X_N2;;REDI_N2;>=7H;;;;;;;;0;;;;0;1m X 1SA;;majors_at_least_4;2;cuebid;2;;948
885;RI_X_N2;;PASS;>=7H;régulier;;;;;;;0;;;;0;1T X 1SA;;suit_length;T>=4;;;X;949
886;RI_X_N2;;PASS;>=7H;régulier;;;;;;;0;;;;0;1K X 1SA;;suit_length;K>=4;;;X;950
887;RI_X_N2;;PASS;>=7H;régulier;;;;;;;0;;;;0;1C X 1SA;;suit_length;C>=4;;;X;951
888;RI_X_N2;;PASS;>=7H;régulier;;;;;;;0;;;;0;1P X 1SA;;suit_length;P>=4;;;X;952
889;RI_X_N2;;REDI_N2;>=7H;;;;;;;;0;;;;0;1m X 2m;;majors_at_least_4;2;;;X;953
890;RI_X_N2;;REDI_N2;>=7H;;;;;;;;0;;;;0;1M X 2M;takeout_double;;;;;X;954
891;RI_X_N2;;REDI_N2;8-10H;semi-régulier;;;;;;;0;;;;1;1E X 2E;no_unnamed_major_4;;;;;1SA;955
892;RI_X_N2;;PASS;>=11H;régulier;;;;;;;0;;;;1.5;1E X 2E;no_unnamed_major_4;;;;;2SA;956
893;INT_N4;;FREE;8-18HL;;;;>=5;;;;0;;;;0;1E;long_suit_1_unnamed;long_over_previous;True;long_suit;1CL1;;1151
894;INT_N4;;FREE;11-18HL;;;;>=6;;;;0;;;;0;1E;long_suit_1_unnamed;long_over_previous;False;long_suit;2CL1;;1152
895;INT_N4;;FREE;14-18HL;;;coeur;>=5;;;;0;;;;0;1P;;long_color_points_H;>=4;;;2C;1152
896;INT_N4;;RI_UP_N4;5-10H;;;Majeure;6;;;;0;;;;0;1K;;;;long_suit;2CL1;;1153
897;INT_N4;;RI_UP_N4;5-10H;;;pique;6;;;;0;;;;0;1C;;;;;;2P;1154
898;INT_N4;;RI_UP_N4;5-10H;;;;7;;;;0;;;;0;;;;;long_suit;3CL1;;1155
899;INT_N4;;RI_UP_N4;5-10H;;;;8;;;;0;;;;0;;;;;long_suit;4CL1;;1156
900;INT_N4;;RI_SA_N4;16-18HL;régulier;;;;;;;0;;;;1;1E;stop_opponents_suits;longest_major;<5;;;1SA;1158
901;INT_N4;;RI_X_N4;12-18HL;;;;;;;;0;;;;0;;takeout_double;;;;;X;1157
902;INT_N4;;RI_X_N4;>=19HL;;;;;;;;0;;;;0;;;;;;;X;1157
903;INT_N4;;RI_BI_N4;;bicolore 6/5;pique,coeur;;;;;;0;;6V;;0;1T passe 1K;;;;;;2SA;1177
904;INT_N4;;RI_BI_N4;;bicolore 6/5;pique,carreau;;;;;;0;;6V;;0;1T passe 1C;;;;;;2SA;1178
905;INT_N4;;RI_BI_N4;;bicolore 6/5;pique,trèfle;;;;;;0;;6V;;0;1K passe 1C;;;;;;2SA;1179
906;INT_N4;;RI_BI_N4;;bicolore 6/5;coeur,carreau;;;;;;0;;6V;;0;1T passe 1P;;;;;;2SA;1180
907;INT_N4;;RI_BI_N4;;bicolore 6/5;coeur,trèfle;;;;;;0;;6V;;0;1K passe 1P;;;;;;2SA;1181
908;INT_N4;;RI_BI_N4;;bicolore 6/5;carreau,trèfle;;;;;;0;;6V;;0;1C passe 1P;;;;;;2SA;1182
909;INT_N4;;RI_BI_N4;;bicolore 6/5;pique,coeur;;;;;;0;;6V;;0;1K passe 2T;;;;;;2SA;1183
910;INT_N4;;RI_BI_N4;;bicolore 6/5;pique,carreau;;;;;;0;;6V;;0;1C passe 2T;;;;;;2SA;1184
911;INT_N4;;RI_BI_N4;;bicolore 6/5;pique,trèfle;;;;;;0;;6V;;0;1C passe 2K;;;;;;2SA;1185
912;INT_N4;;RI_BI_N4;;bicolore 6/5;coeur,carreau;;;;;;0;;6V;;0;1P passe 2T;;;;;;2SA;1186
913;INT_N4;;RI_BI_N4;;bicolore 6/5;coeur,trèfle;;;;;;0;;6V;;0;1P passe 1K;;;;;;2SA;1187
914;INT_N4;;RI_BI_N4;;bicolore 6/5;carreau,trèfle;;;;;;0;;6V;;0;1P passe 2C;;;;;;2SA;1188
915;INT_N4;;RI_BI_N4;;bicolore 5/5;pique,coeur;;;;;;0;;6V;;0;1T passe 1K;;;;;;2T;1159
916;INT_N4;;RI_BI_N4;;bicolore 5/5;pique,carreau;;;;;;0;;6V;;0;1T passe 1C;;;;;;2T;1160
917;INT_N4;;RI_BI_N4;;bicolore 5/5;pique,trèfle;;;;;;0;;6V;;0;1K passe 1C;;;;;;2K;1161
918;INT_N4;;RI_BI_N4;;bicolore 5/5;coeur,carreau;;;;;;0;;6V;;0;1T passe 1P;;;;;;2T;1162
919;INT_N4;;RI_BI_N4;;bicolore 5/5;coeur,trèfle;;;;;;0;;6V;;0;1K passe 1P;;;;;;2K;1163
920;INT_N4;;RI_BI_N4;;bicolore 5/5;carreau,trèfle;;;;;;0;;6V;;0;1C passe 1P;;;;;;2C;1164
921;INT_N4;;RI_BI_N4;;bicolore 5/5;pique,coeur;;;;;;0;;6V;;0;1K passe 2T;;;;;;2K;1165
922;INT_N4;;RI_BI_N4;;bicolore 5/5;pique,carreau;;;;;;0;;6V;;0;1C passe 2T;;;;;;2C;1166
923;INT_N4;;RI_BI_N4;;bicolore 5/5;pique,trèfle;;;;;;0;;6V;;0;1C passe 2K;;;;;;2C;1167
924;INT_N4;;RI_BI_N4;;bicolore 5/5;coeur,carreau;;;;;;0;;6V;;0;1P passe 2T;;;;;;2P;1168
925;INT_N4;;RI_BI_N4;;bicolore 5/5;coeur,trèfle;;;;;;0;;6V;;0;1P passe 1K;;;;;;2P;1169
926;INT_N4;;RI_BI_N4;;bicolore 5/5;carreau,trèfle;;;;;;0;;6V;;0;1P passe 2C;;;;;;2P;1170
927;INT_N4;;FREE;>=13HL;unicolore;;carreau;;;;;0;;;;0;1T passe 1K;;long_color_points_H;>=5;;;2K;1171
928;INT_N4;;FREE;>=13HL;unicolore;;coeur;;;;;0;;;;0;1T passe 1C;;long_color_points_H;>=5;;;2C;1172
929;INT_N4;;FREE;>=13HL;unicolore;;coeur;;;;;0;;;;0;1K passe 1C;;long_color_points_H;>=5;;;2C;1172
930;INT_N4;;FREE;>=13HL;unicolore;;pique;;;;;0;;;;0;1T passe 1P;;long_color_points_H;>=5;;;2P;1173
931;INT_N4;;FREE;>=13HL;unicolore;;pique;;;;;0;;;;0;1K passe 1P;;long_color_points_H;>=5;;;2P;1173
932;INT_N4;;FREE;>=13HL;unicolore;;pique;;;;;0;;;;0;1C passe 1P;;long_color_points_H;>=5;;;2P;1173
933;INT_N4;;FREE;>=13HL;unicolore;;trèfle;;;;;0;;;;0;1K passe 2T;;long_color_points_H;>=5;;;3T;1174
934;INT_N4;;FREE;>=13HL;unicolore;;trèfle;;;;;0;;;;0;1C passe 2T;;long_color_points_H;>=5;;;3T;1174
935;INT_N4;;FREE;>=13HL;unicolore;;carreau;;;;;0;;;;0;1C passe 2K;;long_color_points_H;>=5;;;3K;1175
936;INT_N4;;FREE;>=13HL;unicolore;;trèfle;;;;;0;;;;0;1P passe 2T;;long_color_points_H;>=5;;;3T;1174
937;INT_N4;;FREE;>=13HL;unicolore;;carreau;;;;;0;;;;0;1P passe 1K;;long_color_points_H;>=5;;;2K;1171
938;INT_N4;;FREE;>=13HL;unicolore;;coeur;;;;;0;;;;0;1P passe 2C;;long_color_points_H;>=5;;;3C;1176
939;INT_N4;;RI_BI_N4;;bicolore 5/5;pique,coeur;;;;;;0;;6V;;0;1m passe 1SA;;;;cuebid;2;;1189
940;INT_N4;;RI_BI_N4;;bicolore 5/5;;coeur;>=5;mineure;>=5;;0;;6V;;0;1P passe 1SA;;;;;;2P;1190
941;INT_N4;;RI_BI_N4;;bicolore 5/5;;pique;>=5;mineure;>=5;;0;;6V;;0;1C passe 1SA;;;;;;2C;1191
942;INT_N4;;RI_BI_N4;;bicolore 5/5;trèfle,carreau;;;;;;0;;6V;;0;1M passe 1SA;;;;;;2SA;1192
943;INT_N4;;RI_BI_N4;;bicolore 5/5;trèfle,coeur;;;;;;0;;6V;;0;1K passe 1SA;;;;;;2SA;1193
944;INT_N4;;RI_BI_N4;;bicolore 5/5;carreau,coeur;;;;;;0;;6V;;0;1T passe 1SA;;;;;;2SA;1194
945;INT_N4;;FREE;8-18HL;;;;>=5;;;;0;;;;0;1T passe 2T;long_suit_1_unnamed;;;long_suit;2CL1;;1195
946;INT_N4;;FREE;8-18HL;;;Majeure;>=5;;;;0;;;;0;1K passe 2K;;;;long_suit;2CL1;;1195
947;INT_N4;;FREE;8-18HL;;;pique;>=5;;;;0;;;;0;1C passe 2C;;;;;;2P;1195
948;INT_N4;;FREE;11-18HL;;;trèfle;>=6;;;;0;;;;0;1K passe 2K;;;;;;3T;1196
949;INT_N4;;FREE;11-18HL;;;mineure;>=6;;;;0;;;;0;1M passe 2M;;;;long_suit;3CL1;;1196
950;INT_N4;;RI_BI_N4;;bicolore 5/5;pique,coeur;;;;;;0;;6V;;0;1m passe 2m;;;;cuebid;3;;1197
951;INT_N4;;RI_BI_N4;;bicolore 5/5;trèfle,carreau;;;;;;0;;6V;;0;1M passe 2M;;;;;;2SA;1198
952;INT_N4;;RI_BI_N4;;bicolore 5/5;pique,trèfle;;;;;;0;;6V;;0;1C passe 2C;;;;;;3C;1199
953;INT_N4;;RI_BI_N4;;bicolore 5/5;coeur,trèfle;;;;;;0;;6V;;0;1P passe 2P;;;;;;3P;1200
954;INT_N4;;RI_BI_N4;;bicolore 5/5;pique,carreau;;;;;;0;;6V;;0;1C passe 2C;;;;;;4T;1201
955;INT_N4;;RI_BI_N4;;bicolore 5/5;coeur,carreau;;;;;;0;;6V;;0;1P passe 2P;;;;;;4T;1202
956;INT_N4;RUBEN4;PASS;;;;trèfle;>=5;;;;0;;;;0;1SA passe 2T;;long_color_points_H;>=6;;;X;1203
957;INT_N4;RUBEN4;PASS;;;;carreau;>=5;;;;0;;;;0;1SA passe 2K;;long_color_points_H;>=6;;;X;1204
958;INT_N4;RUBEN4;PASS;;;;coeur;>=5;;;;0;;;;0;1SA passe 2C;;long_color_points_H;>=6;;;X;1205
959;INT_N4;RUBEN4;PASS;;;;pique;>=5;;;;0;;;;0;1SA passe 2P;;long_color_points_H;>=6;;;X;1206
960;INT_N4;RUBEN4;PASS;;;;trèfle;>=5;;;;0;;;;0;1SA passe 3T;;long_color_points_H;>=6;;;X;1207
961;INT_N4;RUBEN4;FREE;>=9H;bicolore 5/5;trèfle,carreau;;;;;;0;;;;0;1SA passe 2E;;;;;;2SA;1208
962;INT_N4;RUBEN4;FREE;>=9H;;;;>=5;;>=4;;0;;;;0;1SA passe 2E;honors_in_bicolors;long_over_previous;True;long_suit;2CL1;;1209
963;RI_OSPE;;RI_OSPE;;;;;;;;;0;;;;0;1SA X passe;;majors_at_least_4;=0;;;2T;1210
964;RI_OSPE;;FREE;;;;Majeure;>=6;;;;0;;;;0;1SA X passe;;;;long_suit;2CL1;;1211
965;RI_OSPE;;RI_OSPE;;;;;;;;;0;;;;0;1SA X passe;;majors_at_least_4;>=1;;;2K;1212
966;RI_OSPE;;FREE;>=14HL;régulier;;;;;;;0;;;;0;1SA X passe;honors_in_short_colors;;;;;2SA;1213
967;RI_OSPE;;PASS;;;;trèfle;>=5;;;;0;;;;0;1SA X passe 2T passe;;;;;;passe;none
968;RI_OSPE;;PASS;;;;carreau;>=5;;;;0;;;;0;1SA X passe 2T passe;;;;;;2K;1214
969;RI_OSPE;;RI_OSPE;;;;;;;;;0;;;;0;1SA X passe 2K passe;;;;best_major;2;;1215
970;RI_OSPE;;PASS;;;;;;;;;0;;;;0;1SA X passe 2K passe 2C passe;;suit_length;C<2;;;2P;1216
971;RI_OSPE;;PASS;;;;;;;;;0;;;;0;1SA X passe 2K passe 2P passe;;suit_length;P<2;;;3C;1217
972;RI_OSPE;;PASS;;;;;;;;;0;;;;0;1SA 2T passe;;majors_at_least_4;>=1;best_major;;;1218
973;RI_OSPE;;RI_OSPE;;;;;;;;;0;;;;0;1SA 2T passe;major_3;;;;;2K;1219
974;RI_OSPE;;FREE;;;;trèfle;;;;;0;;;;0;1SA 2T passe;;;;;;passe;none
975;RI_OSPE;;FREE;;;;carreau;>=5;;;;0;;;;0;1SA 2T passe;;;;;;3K;1220
976;RI_OSPE;;RI_OSPE;;;;;;;;;0;;;;0;1SA passe passe X passe;;majors_at_least_4;=0;;;2T;1221
977;RI_OSPE;;FREE;;;;Majeure;>=6;;;;0;;;;0;1SA passe passe X passe;;;;long_suit;2CL1;;1222
978;RI_OSPE;;RI_OSPE;;;;;;;;;0;;;;0;1SA passe passe X passe;;majors_at_least_4;>=1;;;2K;1223
979;RI_OSPE;;FREE;>=14HL;régulier;;;;;;;0;;;;0;1SA passe passe X passe;honors_in_short_colors;;;;;2SA;1224
980;RI_OSPE;;PASS;;;;trèfle;>=5;;;;0;;;;0;1SA passe passe X passe 2T passe;;;;;;passe;none
981;RI_OSPE;;PASS;;;;carreau;>=5;;;;0;;;;0;1SA passe passe X passe 2T passe;;;;;;2K;1225
982;RI_OSPE;;RI_OSPE;;;;;;;;;0;;;;0;1SA passe passe X passe 2K passe;;;;best_major;2;;1226
983;RI_OSPE;;PASS;;;;;;;;;0;;;;0;1SA passe passe X passe 2K passe 2C passe;;suit_length;C<2;;;2P;1227
984;RI_OSPE;;PASS;;;;;;;;;0;;;;0;1SA passe passe X passe 2K passe 2P passe;;suit_length;P<2;;;3C;1228
985;RI_OSPE;;PASS;;;;;;;;;0;;;;0;1SA passe passe 2T passe;;majors_at_least_4;>=1;best_major;;;1229
986;RI_OSPE;;RI_OSPE;;;;;;;;;0;;;;0;1SA passe passe 2T passe;major_3;;;;;2K;1230
987;RI_OSPE;;FREE;;;;trèfle;;;;;0;;;;0;1SA passe passe 2T passe;;;;;;passe;none
988;RI_OSPE;;FREE;;;;carreau;>=5;;;;0;;;;0;1SA passe passe 2T passe;;;;;;3K;1231
989;RI_OSPE;;FREE;0-7H;;;;;;;;0;;;;0;2M X passe;;;;unnamed_longest;no_jump;;1232
990;RI_OSPE;;FREE;8-10H;;;pique;>=5;;;;0;;;;0;2C X passe;;;;;;3P;1233
991;RI_OSPE;;FREE;12-15H;régulier;;;;;;;0;;;;1;2M X passe;;;;;;3SA;1234
992;RI_OSPE;;RI_OSPE;>=12H;;;;;;;;0;;;;0;2M X passe;;;;cuebid;3;;1235
993;RI_OSPE;;FREE;;;;;;;;;0;;;;1;2M X passe 3M passe;;;;;;3SA;1236
994;RI_OSPE;;FREE;;;;pique;>=4;;;;0;;;;0;2C X passe 3C passe;;;;;;3P;1237
995;RI_OSPE;;FREE;;;;;;;;;0;;;;0;2M X passe 3M passe;;;;long_suit;4CL1;;1238
996;RI_OSPE;;RI_OSPE;>=8H;;;;;;;;0;;;;0;2M X passe;;;;;;2SA;1239
997;RI_OSPE;;RI_OSPE;<16H;;;;;;;;0;;;;0;2M X passe 2SA passe;;suit_length;T>=3;;;3T;1240
998;RI_OSPE;;RI_OSPE;<16H;;;;;;;;0;;;;0;2M X passe 2SA passe;;cards_gap;TK2;;;3K;1241
999;RI_OSPE;;FREE;>=12H;;;;;;;;0;;;;1;2C X passe 2SA passe 3m passe;;suit_length;P>=4;;;3SA;1242
1000;RI_OSPE;;FREE;>=12H;;;;;;;;0;;;;1;2P X passe 2SA passe 3m passe;;suit_length;C>=4;;;3SA;1243
1001;RI_OSPE;;FREE;>=12H;;;;;;;;0;;;;0;2C X passe 2SA passe 3m passe;;suit_length;P>=4;;;3C;1244
1002;RI_OSPE;;FREE;>=12H;;;;;;;;0;;;;0;2P X passe 2SA passe 3m passe;;suit_length;C>=4;;;3P;1245
1003;RI_OSPE;;FREE;8-10H;;;;>=5;;;;0;;;;0;2M X passe 2SA passe 3m passe;;long_over_previous;True;long_suit;3CL1;;1246
1004;RI_OSPE;;FREE;8-10H;;;;>=5;;;;0;;;;0;2M X passe 2SA passe 3m passe;;long_over_previous;False;long_suit;4CL1;;1247
1005;RI_OSPE;;FREE;>=18H;;;pique;>=5;;;;0;;;;0;2C X passe 2SA passe;;;;;;3P;1248
1006;RI_OSPE;;FREE;>=18H;;;coeur;>=5;;;;0;;;;0;2P X passe 2SA passe;;;;;;3C;1249
1007;RI_OSPE;;FREE;>=16H;;;;;;;;0;;;;0;2C X passe 2SA passe;;;;;;3C;1250
1008;RI_OSPE;;FREE;>=16H;;;;;;;;0;;;;0;2P X passe 2SA passe;;;;;;3P;1251
1009;RI_OSPE;;FREE;>=16H;;;;;;;;0;;;;1;2C X passe 2SA passe;;suit_length;P>=4;;;3SA;1252
1010;RI_OSPE;;FREE;>=16H;;;;;;;;0;;;;1;2P X passe 2SA passe;;suit_length;C>=4;;;3SA;1253
1011;RI_OSPE;;FREE;>=11H;;;mineure;>=5;;;;0;;;;0;2C 2P passe;;;;long_suit;3CL1;;1254
1012;RI_OSPE;;FREE;>=10H;;;;;;;;0;;;;1;2C 2P passe;;;;;;2SA;1255
1013;RI_OSPE;;FREE;>=14HLD;;;;;;;;0;;;>=3;0;2C 2P passe;;;;;;3P;1256
1014;RI_OSPE;;FREE;>=12H;semi-régulier;;;;;;;0;;;;0;2C 2P passe;;;;;;3C;1257
1015;RI_OSPE;;FREE;>=11H;;;mineure;>=5;;;;0;;;;0;2P 3C passe;;;;long_suit;4CL1;;1258
1016;RI_OSPE;;FREE;>=10H;;;;;;;;0;;;;1;2P 3C passe;;;;;;2SA;1259
1017;RI_OSPE;;FREE;>=16HLD;;;;;;;;0;;;>=3;0;2P 3C passe;;;;;;4C;1260
1018;RI_OSPE;;FREE;>=11H;;;pique;>=5;;;;0;;;;0;2C 3m passe;;;;;;3P;1261
1019;RI_OSPE;;FREE;>=11H;;;coeur;>=5;;;;0;;;;0;2P 3m passe;;;;;;3C;1262
1020;RI_OSPE;;FREE;>=11H;;;carreau;>=5;;;;0;;;;0;2M 3T passe;;;;;;3K;1263
1021;RI_OSPE;;FREE;>=14H;régulier;;;;;;;0;;;;1;2M 3m passe;;;;;;3SA;1264
1022;RI_OSPE;;FREE;>=16HLD;;;;;;;;0;;;>=3;0;2M 3m passe;;;;support;4;;1265
1023;RI_OSPE;;RI_OSPE;>=12HL;;;;;;;;0;;;;0;2C 2SA passe;;suit_length;P=4;;;3K;1266
1024;RI_OSPE;;PASS;;;;;;;;;0;;;;0;2C 2SA passe 3K passe;;majors_at_least_4;=0;;;3SA;1267
1025;RI_OSPE;;FREE;;;;;;;;;0;;;;0;2C 2SA passe 3K passe;;suit_length;P>=4;;;3P;1268
1026;RI_OSPE;;RI_OSPE;>=12HL;;;;;;;;0;;;;0;2P 2SA passe;;suit_length;C=4;;;3C;1269
1027;RI_OSPE;;PASS;;;;;;;;;0;;;;0;2P 2SA passe 3C passe;;majors_at_least_4;=0;;;3SA;1270
1028;RI_OSPE;;FREE;;;;;;;;;0;;;;0;2P 2SA passe 3C passe;;suit_length;C>=4;;;4C;1271
1029;RI_OSPE;;RI_OSPE;>=12HL;;;carreau;>=6;;;;0;;;;0;2M 2SA passe;;;;;;3T;1272
1030;RI_OSPE;;RI_OSPE;>=12HL;;;coeur;>=5;;;;0;;;;0;2P 2SA passe;;;;;;3K;1273
1031;RI_OSPE;;RI_OSPE;>=12HL;;;pique;>=5;;;;0;;;;0;2C 2SA passe;;;;;;3C;1274
1032;RI_OSPE;;RI_OSPE;>=12HL;;;trèfle;>=6;;;;0;;;;0;2M 2SA passe;;;;;;3P;1275
1033;RI_OSPE;;PASS;>=10HL;régulier;;;;;;;0;;;;0;2M 2SA passe;;;;;;3SA;1276
1034;RI_OSPE;;FREE;;;;;;;;;0;;;;0;2M 2SA passe 3T passe;;suit_length;K>=3;;;3K;1277
1035;RI_OSPE;;FREE;;;;;;;;;0;;;;0;2M 2SA passe 3T passe;;;;;;3SA;1278
1036;RI_OSPE;;FREE;;;;;;;;;0;;;;0;2P 2SA passe 3K passe;;suit_length;C>=3;;;3C;1279
1037;RI_OSPE;;FREE;;;;;;;;;0;;;;0;2P 2SA passe 3K passe;;;;;;3SA;1280
1038;RI_OSPE;;FREE;;;;;;;;;0;;;;0;2C 2SA passe 3C passe;;suit_length;P>=3;;;3P;1281
1039;RI_OSPE;;FREE;;;;;;;;;0;;;;0;2C 2SA passe 3C passe;;;;;;3SA;1282
1040;RI_OSPE;;FREE;;;;;;;;;0;;;;0;2C 2SA passe 3P passe;;suit_length;T>=3;;;4T;1283
1041;RI_OSPE;;FREE;;;;;;;;;0;;;;0;2C 2SA passe 3P passe;;;;;;3SA;1284
1042;RI_UP_N4;;PASS;<8HL;;;;;;;;0;;;;0;;;;;;;passe;none
1043;RI_UP_N4;;FREE;15-17H;régulier;;;;;;;0;;;;1;1T passe 1K 2M passe;;;;;;2SA;1340
1044;RI_UP_N4;;FREE;15-17H;régulier;;;;;;;0;;;;1;1m passe 1C 2P passe;;;;;;2SA;1341
1045;RI_UP_N4;;FREE;15-17H;régulier;;;;;;;0;;;;1;1T passe 1K 2C 2P;;;;;;2SA;1342
1046;RI_UP_N4;;FREE;>=10HLD;irrégulier;;;;;;;0;;;;0;3E passe;;;;support;4;;1343
1047;RI_UP_N4;;FREE;>=19HL;;;;>=6;;;;0;;;;0;3E passe;long_suit_1_unnamed;long_over_previous;True;long_suit;3CL1;;1344
1048;RI_UP_N4;;FREE;>=21HLD;;;;;;;;0;;;>=2;0;3E passe;;;;first_control;4;;1345
1049;RI_UP_N4;;FREE;15-20HL;régulier;;;;;;;0;;;>=2;1;3E passe;;;;;;3SA;1346
1050;RI_UP_N4;;FREE;>=25HLD;;;;;;;;0;;;>=2;0;3E passe;;;;;;4SA;1347
1051;RI_UP_N4;;FREE;>=17HL;;;Majeure;>=6;;;;0;;;>=2;0;4m passe;;;;long_suit;4CL1;;1348
1052;RI_UP_N4;;FREE;>=25HLD;;;;;;;;0;;;>=1;0;4E passe;;;;;;4SA;1349
1053;RI_UP_N4;;FREE;>=14HL;irrégulier;;;;;;;0;;;;0;4M 5T;;suit_length;T>=5;;;X;1350
1054;RI_UP_N4;;FREE;>=14HL;irrégulier;;;;;;;0;;;;0;4K 5T;;suit_length;T>=5;;;X;1351
1055;RI_UP_N4;;FREE;>=14HL;irrégulier;;;;;;;0;;;;0;4T 4K;;suit_length;K>=5;;;X;1352
1056;RI_UP_N4;;FREE;>=14HL;irrégulier;;;;;;;0;;;;0;4M 5K;;suit_length;K>=5;;;X;1353
1057;RI_UP_N4;;FREE;>=14HL;irrégulier;;;;;;;0;;;;0;4m 4C;;suit_length;C>=5;;;X;1354
1058;RI_UP_N4;;FREE;>=14HL;irrégulier;;;;;;;0;;;;0;4m 4P;;suit_length;P>=5;;;X;1355
1059;RI_UP_N4;;FREE;>=14HL;irrégulier;;;;;;;0;;;;0;4C 4P;;suit_length;P>=5;;;X;1356
1060;RI_SA_N4;;TEXAS;;;;carreau;>=6;;;;0;;;;0;1C passe 1P 1SA passe;;;;;;2T;1357
1061;RI_SA_N4;;TEXAS;;;;carreau;>=5;;;;0;;;;0;1C passe 1P 1SA passe;any_short_color;;;;;2T;1357
1062;RI_SA_N4;;TEXAS;;;;trèfle;>=6;;;;0;;;;0;1C passe 1P 1SA passe;;;;;;2P;1358
1063;RI_SA_N4;;TEXAS;;;;trèfle;>=5;;;;0;;;;0;1C passe 1P 1SA passe;any_short_color;;;;;2P;1358
1064;RI_SA_N4;;STAYMAN;>=8HL;;;;;;;;0;;;;0;1m passe 1E 1SA passe;major_4;;;;;2T;1359
1065;RI_SA_N4;;TEXAS;;;;coeur;>=5;;;;0;;;;0;1m passe 1E 1SA passe;;;;;;2K;1360
1066;RI_SA_N4;;TEXAS;;;;pique;>=5;;;;0;;;;0;1m passe 1E 1SA passe;;;;;;2C;1361
1067;RI_SA_N4;;TEXAS;;;;trèfle;>=6;;;;0;;;;0;1m passe 1E 1SA passe;;;;;;2P;1362
1068;RI_SA_N4;;TEXAS;;;;trèfle;>=5;;;;0;;;;0;1m passe 1E 1SA passe;any_short_color;;;;;2P;1362
1069;RI_SA_N4;;TEXAS;;;;carreau;>=6;;;;0;;;;0;1m passe 1E 1SA passe;;;;;;3T;1363
1070;RI_SA_N4;;TEXAS;;;;carreau;>=5;;;;0;;;;0;1m passe 1E 1SA passe;any_short_color;;;;;3T;1363
1071;RI_SA_N4;;SEQSA;9HL;régulier;;;;;;;0;;;;0;1E 1SA passe;;;;;;2SA;1364
1072;RI_SA_N4;;SEQSA;9HL;régulier;;;;;;;0;;;;2;1m passe 1E 1SA 2E;;;;;;2SA;1364
1073;RI_SA_N4;;SEQSA;9HL;régulier;;;;;;;0;;;;2;1C passe 1P 1SA 2P;;;;;;2SA;1364
1074;RI_SA_N4;;SEQSA;9HL;régulier;;;;;;;0;;;;1;1SA 2E;;;;;;2SA;1364
1075;RI_SA_N4;;PASS;>=10HL;régulier;;;;;;;0;;;;0;1E 1SA passe;;;;;;3SA;1365
1076;RI_SA_N4;;SEQSA;>=10HL;régulier;;;;;;;0;;;;2;1m passe 1E 1SA 2E;;;;;;3SA;1365
1077;RI_SA_N4;;SEQSA;>=10HL;régulier;;;;;;;0;;;;2;1C passe 1P 1SA 2P;;;;;;3SA;1365
1078;RI_SA_N4;;SEQSA;>=10HL;régulier;;;;;;;0;;;;1;1SA 2E;;;;;;3SA;1365
1079;RI_SA_N4;;PASS;>=6HL;irrégulier;;;;;;;0;;;;0;1E 1SA 2T;;suit_length;T>=4;;;X;1366
1080;RI_SA_N4;;PASS;>=6HL;irrégulier;;;;;;;0;;;;0;1E 1SA 2K;;suit_length;K>=4;;;X;1367
1081;RI_SA_N4;;PASS;>=6HL;irrégulier;;;;;;;0;;;;0;1E 1SA 2C;;suit_length;C>=4;;;X;1368
1082;RI_SA_N4;;PASS;>=6HL;irrégulier;;;;;;;0;;;;0;1E 1SA 2P;;suit_length;P>=4;;;X;1369
1083;RI_BI_N4;;PASS;;;;;;;;;0;;;;0;1T passe 1K 2SA passe;;covering_count;PC<=1;best_bi_suit;3PC;;1370
1084;RI_BI_N4;;PASS;;;;;;;;;0;;;;0;1K passe 2T 2SA passe;;covering_count;PC<=1;best_bi_suit;3PC;;1371
1085;RI_BI_N4;;PASS;;;;;;;;;0;;;;0;1T passe 1K 2T passe;;covering_count;PC<=1;best_bi_suit;2PC;;1372
1086;RI_BI_N4;;PASS;;;;;;;;;0;;;;0;1K passe 2T 2K passe;;covering_count;PC<=1;best_bi_suit;2PC;;1373
1087;RI_BI_N4;;PASS;;;;;;;;;0;;;;0;1m passe 1SA 2m passe;;covering_count;PC<=1;best_bi_suit;2PC;;1374
1088;RI_BI_N4;;PASS;;;;;;;;;0;;;;0;1m passe 2m 3m passe;;covering_count;PC<=1;best_bi_suit;3PC;;1375
1089;RI_BI_N4;;PASS;;;;;;;;;0;;;;0;1T passe 1C 2SA passe;;covering_count;PK<=1;best_bi_suit;3PK;;1376
1090;RI_BI_N4;;PASS;;;;;;;;;0;;;;0;1C passe 2T 2SA passe;;covering_count;PK<=1;best_bi_suit;3PK;;1377
1091;RI_BI_N4;;PASS;;;;;;;;;0;;;;0;1T passe 1C 2T passe;;covering_count;PK<=1;best_bi_suit;2PK;;1378
1092;RI_BI_N4;;PASS;;;;;;;;;0;;;;0;1C passe 2T 2C passe;;covering_count;PK<=1;best_bi_suit;2P3K;;1379
1093;RI_BI_N4;;PASS;;;;;;;;;0;;;;0;1C passe 2C 4T passe;;covering_count;PK<=1;best_bi_suit;4PK;;1380
1094;RI_BI_N4;;PASS;;;;;;;;;0;;;;0;1C passe 1SA 2C passe;;covering_count;PT<=1;best_bi_suit;2P3T;;1381
1095;RI_BI_N4;;PASS;;;;;;;;;0;;;;0;1K passe 1C 2SA passe;;covering_count;PT<=1;best_bi_suit;3PT;;1382
1096;RI_BI_N4;;PASS;;;;;;;;;0;;;;0;1C passe 2K 2SA passe;;covering_count;PT<=1;best_bi_suit;3PT;;1383
1097;RI_BI_N4;;PASS;;;;;;;;;0;;;;0;1K passe 1C 2K passe;;covering_count;PT<=1;best_bi_suit;2P3T;;1384
1098;RI_BI_N4;;PASS;;;;;;;;;0;;;;0;1C passe 2K 2C passe;;covering_count;PT<=1;best_bi_suit;2P3T;;1385
1099;RI_BI_N4;;PASS;;;;;;;;;0;;;;0;1C passe 2C 3C passe;;covering_count;PT<=1;best_bi_suit;3P4T;;1386
1100;RI_BI_N4;;PASS;;;;;;;;;0;;;;0;1T passe 1P 2SA passe;;covering_count;CK<=1;best_bi_suit;3CK;;1387
1101;RI_BI_N4;;PASS;;;;;;;;;0;;;;0;1P passe 2T 2SA passe;;covering_count;CK<=1;best_bi_suit;3CK;;1388
1102;RI_BI_N4;;PASS;;;;;;;;;0;;;;0;1T passe 1P 2T passe;;covering_count;CK<=1;best_bi_suit;2CK;;1389
1103;RI_BI_N4;;PASS;;;;;;;;;0;;;;0;1P passe 2T 2P passe;;covering_count;CK<=1;best_bi_suit;3CK;;1390
1104;RI_BI_N4;;PASS;;;;;;;;;0;;;;0;1T passe 1SA 2SA passe;;covering_count;CK<=1;best_bi_suit;3CK;;1391
1105;RI_BI_N4;;PASS;;;;;;;;;0;;;;0;1P passe 2P 4T passe;;covering_count;CK<=1;best_bi_suit;4CK;;1392
1106;RI_BI_N4;;PASS;;;;;;;;;0;;;;0;1P passe 1SA 2P passe;;covering_count;CT<=1;best_bi_suit;3CT;;1393
1107;RI_BI_N4;;PASS;;;;;;;;;0;;;;0;1K passe 1P 2SA passe;;covering_count;CT<=1;best_bi_suit;3CT;;1394
1108;RI_BI_N4;;PASS;;;;;;;;;0;;;;0;1P passe 2K 2SA passe;;covering_count;CT<=1;best_bi_suit;3CT;;1395
1109;RI_BI_N4;;PASS;;;;;;;;;0;;;;0;1K passe 1P 2K passe;;covering_count;CT<=1;best_bi_suit;2C3T;;1396
1110;RI_BI_N4;;PASS;;;;;;;;;0;;;;0;1P passe 2K 2P passe;;covering_count;CT<=1;best_bi_suit;3CT;;1397
1111;RI_BI_N4;;PASS;;;;;;;;;0;;;;0;1K passe 1SA 2SA passe;;covering_count;CT<=1;best_bi_suit;3CT;;1398
1112;RI_BI_N4;;PASS;;;;;;;;;0;;;;0;1P passe 2P 3P passe;;covering_count;CT<=1;best_bi_suit;4CT;;1399
1113;RI_BI_N4;;PASS;;;;;;;;;0;;;;0;1C passe 1P 2SA passe;;covering_count;KT<=1;best_bi_suit;3KT;;1400
1114;RI_BI_N4;;PASS;;;;;;;;;0;;;;0;1P passe 2C 2SA passe;;covering_count;KT<=1;best_bi_suit;3KT;;1401
1115;RI_BI_N4;;PASS;;;;;;;;;0;;;;0;1C passe 1P 2C passe;;covering_count;KT<=1;best_bi_suit;3KT;;1402
1116;RI_BI_N4;;PASS;;;;;;;;;0;;;;0;1P passe 2C 2P passe;;covering_count;KT<=1;best_bi_suit;3KT;;1403
1117;RI_BI_N4;;PASS;;;;;;;;;0;;;;0;1M passe 1SA 2SA passe;;covering_count;KT<=1;best_bi_suit;3KT;;1404
1118;RI_BI_N4;;PASS;;;;;;;;;0;;;;0;1M passe 2M 2SA passe;;covering_count;KT<=1;best_bi_suit;3KT;;1405
1119;RI_BI_N4;;PASS;;;;;;;;;0;;;;0;1T passe 1K 2SA passe;;covering_count;PC=2;best_bi_suit;4PC;;1406
1120;RI_BI_N4;;PASS;;;;;;;;;0;;;;0;1K passe 2T 2SA passe;;covering_count;PC=2;best_bi_suit;4PC;;1407
1121;RI_BI_N4;;REDI_N4;;;;;;;;;0;;;;0;1T passe 1K 2T passe;;covering_count;PC=2;best_bi_suit;3PC;;1408
1122;RI_BI_N4;;REDI_N4;;;;;;;;;0;;;;0;1K passe 2T 2K passe;;covering_count;PC=2;best_bi_suit;3PC;;1409
1123;RI_BI_N4;;REDI_N4;;;;;;;;;0;;;;0;1m passe 1SA 2m passe;;covering_count;PC=2;best_bi_suit;3PC;;1410
1124;RI_BI_N4;;PASS;;;;;;;;;0;;;;0;1m passe 2m 3m passe;;covering_count;PC=2;best_bi_suit;4PC;;1411
1125;RI_BI_N4;;REDI_N4;;;;;;;;;0;;;;0;1T passe 1C 2SA passe;;covering_count;PK=2;best_bi_suit;4PK;;1412
1126;RI_BI_N4;;REDI_N4;;;;;;;;;0;;;;0;1C passe 2T 2SA passe;;covering_count;PK=2;best_bi_suit;4PK;;1413
1127;RI_BI_N4;;REDI_N4;;;;;;;;;0;;;;0;1T passe 1C 2T passe;;covering_count;PK=2;best_bi_suit;3PK;;1414
1128;RI_BI_N4;;REDI_N4;;;;;;;;;0;;;;0;1C passe 2T 2C passe;;covering_count;PK=2;best_bi_suit;3P4K;;1415
1129;RI_BI_N4;;PASS;;;;;;;;;0;;;;0;1C passe 2C 4T passe;;covering_count;PK=2;best_bi_suit;4P5K;;1416
1130;RI_BI_N4;;REDI_N4;;;;;;;;;0;;;;0;1C passe 1SA 2C passe;;covering_count;PT=2;best_bi_suit;3P4T;;1417
1131;RI_BI_N4;;REDI_N4;;;;;;;;;0;;;;0;1K passe 1C 2SA passe;;covering_count;PT=2;best_bi_suit;4PT;;1418
1132;RI_BI_N4;;REDI_N4;;;;;;;;;0;;;;0;1C passe 2K 2SA passe;;covering_count;PT=2;best_bi_suit;4PT;;1419
1133;RI_BI_N4;;REDI_N4;;;;;;;;;0;;;;0;1K passe 1C 2K passe;;covering_count;PT=2;best_bi_suit;3P4T;;1420
1134;RI_BI_N4;;REDI_N4;;;;;;;;;0;;;;0;1C passe 2K 2C passe;;covering_count;PT=2;best_bi_suit;3P4T;;1421
1135;RI_BI_N4;;PASS;;;;;;;;;0;;;;0;1C passe 2C 3C passe;;covering_count;PT=2;best_bi_suit;4P5T;;1422
1136;RI_BI_N4;;REDI_N4;;;;;;;;;0;;;;0;1T passe 1P 2SA passe;;covering_count;CK=2;best_bi_suit;4CK;;1423
1137;RI_BI_N4;;REDI_N4;;;;;;;;;0;;;;0;1P passe 2T 2SA passe;;covering_count;CK=2;best_bi_suit;4CK;;1424
1138;RI_BI_N4;;REDI_N4;;;;;;;;;0;;;;0;1T passe 1P 2T passe;;covering_count;CK=2;best_bi_suit;3CK;;1425
1139;RI_BI_N4;;PASS;;;;;;;;;0;;;;0;1P passe 2T 2P passe;;covering_count;CK=2;best_bi_suit;4CK;;1426
1140;RI_BI_N4;;REDI_N4;;;;;;;;;0;;;;0;1T passe 1SA 2SA passe;;covering_count;CK=2;best_bi_suit;4CK;;1427
1141;RI_BI_N4;;PASS;;;;;;;;;0;;;;0;1P passe 2P 4T passe;;covering_count;CK=2;best_bi_suit;4C5K;;1428
1142;RI_BI_N4;;REDI_N4;;;;;;;;;0;;;;0;1P passe 1SA 2P passe;;covering_count;CT=2;best_bi_suit;4CT;;1429
1143;RI_BI_N4;;REDI_N4;;;;;;;;;0;;;;0;1K passe 1P 2SA passe;;covering_count;CT=2;best_bi_suit;4CT;;1430
1144;RI_BI_N4;;REDI_N4;;;;;;;;;0;;;;0;1P passe 2K 2SA passe;;covering_count;CT=2;best_bi_suit;4CT;;1431
1145;RI_BI_N4;;REDI_N4;;;;;;;;;0;;;;0;1K passe 1P 2K passe;;covering_count;CT=2;best_bi_suit;3C4T;;1432
1146;RI_BI_N4;;REDI_N4;;;;;;;;;0;;;;0;1P passe 2K 2P passe;;covering_count;CT=2;best_bi_suit;4CT;;1433
1147;RI_BI_N4;;REDI_N4;;;;;;;;;0;;;;0;1K passe 1SA 2SA passe;;covering_count;CT=2;best_bi_suit;4CT;;1434
1148;RI_BI_N4;;PASS;;;;;;;;;0;;;;0;1P passe 2P 3P passe;;covering_count;CT=2;best_bi_suit;4C5T;;1435
1149;RI_BI_N4;;REDI_N4;;;;;;;;;0;;;;0;1C passe 1P 2SA passe;;covering_count;KT=2;best_bi_suit;4KT;;1436
1150;RI_BI_N4;;REDI_N4;;;;;;;;;0;;;;0;1P passe 2C 2SA passe;;covering_count;KT=2;best_bi_suit;4KT;;1437
1151;RI_BI_N4;;REDI_N4;;;;;;;;;0;;;;0;1C passe 1P 2C passe;;covering_count;KT=2;best_bi_suit;4KT;;1438
1152;RI_BI_N4;;REDI_N4;;;;;;;;;0;;;;0;1P passe 2C 2P passe;;covering_count;KT=2;best_bi_suit;4KT;;1439
1153;RI_BI_N4;;REDI_N4;;;;;;;;;0;;;;0;1M passe 1SA 2SA passe;;covering_count;KT=2;best_bi_suit;4KT;;1440
1154;RI_BI_N4;;REDI_N4;;;;;;;;;0;;;;0;1M passe 2M 2SA passe;;covering_count;KT=2;best_bi_suit;4KT;;1441
1155;RI_BI_N4;;REDI_N4;;;;;;;;;0;;;;0;1T passe 1K 2SA passe;;covering_count;PC>=3;;;3T;1442
1156;RI_BI_N4;;REDI_N4;;;;;;;;;0;;;;0;1K passe 2T 2SA passe;;covering_count;PC>=3;;;3K;1443
1157;RI_BI_N4;;REDI_N4;;;;;;;;;0;;;;0;1T passe 1K 2T passe;;covering_count;PC>=3;;;3T;1444
1158;RI_BI_N4;;REDI_N4;;;;;;;;;0;;;;0;1K passe 2T 2K passe;;covering_count;PC>=3;;;3K;1445
1159;RI_BI_N4;;REDI_N4;;;;;;;;;0;;;;0;1m passe 1SA 2m passe;;covering_count;PC>=3;cuebid;3;;1446
1160;RI_BI_N4;;REDI_N4;;;;;;;;;0;;;;0;1m passe 2m 3m passe;;covering_count;PC>=3;cuebid;4;;1447
1161;RI_BI_N4;;REDI_N4;;;;;;;;;0;;;;0;1T passe 1C 2SA passe;;covering_count;PK>=3;;;3T;1448
1162;RI_BI_N4;;REDI_N4;;;;;;;;;0;;;;0;1C passe 2T 2SA passe;;covering_count;PK>=3;;;3C;1449
1163;RI_BI_N4;;REDI_N4;;;;;;;;;0;;;;0;1T passe 1C 2T passe;;covering_count;PK>=3;;;3T;1450
1164;RI_BI_N4;;REDI_N4;;;;;;;;;0;;;;0;1C passe 2T 2C passe;;covering_count;PK>=3;;;3C;1451
1165;RI_BI_N4;;REDI_N4;;;;;;;;;0;;;;0;1C passe 2C 4T passe;;covering_count;PK>=3;;;4C;1452
1166;RI_BI_N4;;REDI_N4;;;;;;;;;0;;;;0;1C passe 1SA 2C passe;;covering_count;PT>=3;;;3C;1453
1167;RI_BI_N4;;REDI_N4;;;;;;;;;0;;;;0;1K passe 1C 2SA passe;;covering_count;PT>=3;;;3K;1454
1168;RI_BI_N4;;REDI_N4;;;;;;;;;0;;;;0;1C passe 2K 2SA passe;;covering_count;PT>=3;;;3C;1455
1169;RI_BI_N4;;REDI_N4;;;;;;;;;0;;;;0;1K passe 1C 2K passe;;covering_count;PT>=3;;;3K;1456
1170;RI_BI_N4;;REDI_N4;;;;;;;;;0;;;;0;1C passe 2K 2C passe;;covering_count;PT>=3;;;3C;1457
1171;RI_BI_N4;;REDI_N4;;;;;;;;;0;;;;0;1C passe 2C 3C passe;;covering_count;PT>=3;;;4C;1458
1172;RI_BI_N4;;REDI_N4;;;;;;;;;0;;;;0;1T passe 1P 2SA passe;;covering_count;CK>=3;;;3T;1459
1173;RI_BI_N4;;REDI_N4;;;;;;;;;0;;;;0;1P passe 2T 2SA passe;;covering_count;CK>=3;;;3P;1460
1174;RI_BI_N4;;REDI_N4;;;;;;;;;0;;;;0;1T passe 1P 2T passe;;covering_count;CK>=3;;;3T;1461
1175;RI_BI_N4;;REDI_N4;;;;;;;;;0;;;;0;1P passe 2T 2P passe;;covering_count;CK>=3;;;3P;1462
1176;RI_BI_N4;;REDI_N4;;;;;;;;;0;;;;0;1T passe 1SA 2SA passe;;covering_count;CK>=3;;;3T;1463
1177;RI_BI_N4;;REDI_N4;;;;;;;;;0;;;;0;1P passe 2P 4T passe;;covering_count;CK>=3;;;4P;1464
1178;RI_BI_N4;;REDI_N4;;;;;;;;;0;;;;0;1P passe 1SA 2P passe;;covering_count;CT>=3;;;3P;1465
1179;RI_BI_N4;;REDI_N4;;;;;;;;;0;;;;0;1K passe 1P 2SA passe;;covering_count;CT>=3;;;3K;1466
1180;RI_BI_N4;;REDI_N4;;;;;;;;;0;;;;0;1P passe 2K 2SA passe;;covering_count;CT>=3;;;3P;1467
1181;RI_BI_N4;;REDI_N4;;;;;;;;;0;;;;0;1K passe 1P 2K passe;;covering_count;CT>=3;;;3K;1468
1182;RI_BI_N4;;REDI_N4;;;;;;;;;0;;;;0;1P passe 2K 2P passe;;covering_count;CT>=3;;;3P;1469
1183;RI_BI_N4;;REDI_N4;;;;;;;;;0;;;;0;1K passe 1SA 2SA passe;;covering_count;CT>=3;;;3K;1470
1184;RI_BI_N4;;REDI_N4;;;;;;;;;0;;;;0;1P passe 2P 3P passe;;covering_count;CT>=3;;;4P;1471
1185;RI_BI_N4;;REDI_N4;;;;;;;;;0;;;;0;1C passe 1P 2SA passe;;covering_count;KT>=3;;;3C;1472
1186;RI_BI_N4;;REDI_N4;;;;;;;;;0;;;;0;1P passe 2C 2SA passe;;covering_count;KT>=3;;;3P;1473
1187;RI_BI_N4;;REDI_N4;;;;;;;;;0;;;;0;1C passe 1P 2C passe;;covering_count;KT>=3;;;3C;1474
1188;RI_BI_N4;;REDI_N4;;;;;;;;;0;;;;0;1P passe 2C 2P passe;;covering_count;KT>=3;;;3P;1475
1189;RI_BI_N4;;REDI_N4;;;;;;;;;0;;;;0;1C passe 1SA 2SA passe;;covering_count;KT>=3;;;3C;1476
1190;RI_BI_N4;;REDI_N4;;;;;;;;;0;;;;0;1P passe 1SA 2SA passe;;covering_count;KT>=3;;;3P;1477
1191;RI_BI_N4;;REDI_N4;;;;;;;;;0;;;;0;1M passe 2M 2SA passe;;covering_count;KT>=3;cuebid;3;;1478
1192;RI_X_N4;;REDI_N4;>=8H;régulier;;;;;;;0;;;;1;1T passe 1K X passe;;;;;;1SA;1479
1193;RI_X_N4;;REDI_N4;>=8H;régulier;;;;;;;0;;;;1;1m passe 1M X passe;;;;;;1SA;1480
1194;RI_X_N4;;REDI_N4;>=8H;régulier;;;;;;;0;;;;1;1C passe 1P X passe;;;;;;1SA;1481
1195;RI_X_N4;;FREE;;;;;;;;;0;;;;0;1T passe 1K X passe;;suit_length;K>=5;;;passe;1482
1196;RI_X_N4;;FREE;;;;;;;;;0;;;;0;1m passe 1C X passe;;suit_length;C>=5;;;passe;1483
1197;RI_X_N4;;FREE;;;;;;;;;0;;;;0;1E passe 1P X passe;;suit_length;P>=5;;;passe;1484
1198;RI_X_N4;;FREE;;;;;;;;;0;;;;0;1E passe 2T X passe;;suit_length;T>=5;;;passe;1485
1199;RI_X_N4;;FREE;;;;;;;;;0;;;;0;1M passe 2K X passe;;suit_length;K>=5;;;passe;1486
1200;RI_X_N4;;FREE;;;;;;;;;0;;;;0;1P passe 2C X passe;;suit_length;C>=5;;;passe;1487
1201;RI_X_N4;;REDI_N4;<8H;;;;;;;;0;;;;0;X passe;;;;unnamed_longest;no_jump;;1488
1202;RI_X_N4;;REDI_N4;>=8H;;;;;;;;0;;;;0;X passe;;;;unnamed_longest;jump;;1489
1203;RI_X_N4;;REDI_N4;>=8H;;;;;;;;0;;;;0;X 1E;;;;unnamed_longest;no_jump;;1490
1204;RI_X_N4;;PASS;>=8H;;;;;;;;0;;;;0;X 2E;;;;unnamed_longest;no_jump;;none
1205;RI_X_N4;;REDI_N4;>=8H;;;;;;;;0;;;;0;X 1SA;;;;unnamed_longest;no_jump;;1491
1206;RI_X_N4;;PASS;;;;;;;;;0;;;;0;X 2SA;;;;;;passe;none
1207;RI_X_N4;;REDI_N4;;;;pique;>=4;;;;0;;;;0;1C X XX;long_suit_1_unnamed;;;long_suit;;1P;1492
1208;RI_X_N4;;REDI_N4;;;;;>=5;;;;0;;;;0;1E X XX;long_suit_1_unnamed;;;long_suit;;2CL1;1493
1209;RI_X_N4;;REDI_N4;;;;;>=5;;;;0;;;;0;1SA X XX;long_suit_1_unnamed;;;long_suit;;2CL1;1494
1210;RI_X_N4;;REDI_N4;;;;;>=5;;;;0;;;;0;2T X XX;long_suit_1_unnamed;;;long_suit;;2CL1;1495
1211;RI_X_N4;;REDI_N4;;;;trèfle;>=6;;;;0;;;;0;2K X XX;long_suit_1_unnamed;;;;;3T;1496
1212;RI_X_N4;;REDI_N4;;;;Majeure;>=5;;;;0;;;;0;2m X XX;long_suit_1_unnamed;;;long_suit;;2CL1;1497
1213;RI_X_N4;;REDI_N4;;;;mineure;>=6;;;;0;;;;0;2M X XX;long_suit_1_unnamed;;;long_suit;;3CL1;1498
1214;RI_X_N4;;REDI_N4;;;;pique;>=5;;;;0;;;;0;2C X XX;long_suit_1_unnamed;;;long_suit;;2P;1499
1215;RI_X_N4;;REDI_N4;;;;coeur;>=6;;;;0;;;;0;2P X XX;long_suit_1_unnamed;;;long_suit;;3CL1;1500
1216;REDEMO;;FREE;;;;;;;;;0;;;;0;1SA passe 3K passe;;suit_length;K2;;;3SA;1516
1217;REDEMO;;FREE;;;;;;;;;0;;;;0;1SA passe 3C passe;;suit_length;C2;;;3SA;1517
1218;REDEMO;;FREE;;;;;;;;;0;;;;0;1SA passe 3P passe;;suit_length;P2;;;3SA;1518
1219;REDEMO;;FREE;;;;;;;;;0;;;;0;1SA passe 3K passe;;;;first_control;;;1519
1220;REDEMO;;FREE;;;;;;;;;0;;;;0;1SA passe 3C passe;;;;first_control;;;1520
1221;REDEMO;;FREE;;;;;;;;;0;;;;0;1SA passe 3P passe;;;;first_control;;;1521
1222;REDEMO;;PASS;15-16HLD;;;;;;;;0;;;;0;1M o 2M o;;;;support;3;;2001
1223;REDEMO;;;>=17HLD;irrégulier;;;;trèfle;4;;0;;;;0;1M o 2M o;long_suit_2_unnamed;points_H;T<=2;long_suit;3CL2;3T;2002
1224;REDEMO;;;>=17HLD;irrégulier;;;;carreau;4;;0;;;;0;1M o 2M o;long_suit_2_unnamed;points_H;K<=2;long_suit;3CL2;3K;2003
1225;REDEMO;;;>=17HLD;irrégulier;;;;coeur;4;;0;;;;0;1P o 2P o;long_suit_2_unnamed;points_H;C<=2;long_suit;3CL2;3C;2004
1226;REDEMO;;;>=17HLD;irrégulier;;;;pique;4;;0;;;;0;1C o 2C o;long_suit_2_unnamed;points_H;P<=2;long_suit;2CL2;2P;2005
1227;REDEMO;;;>=17HLD;;;;;;;;0;;;;0;1M o 2M o;;;;;;2SA;2006
1228;REDEMO;;PASS;>=20HLD;;;;;;;;0;;;;0;1M o 2M o;;;;support;4;;2007
1229;REDEMO;;;>=15H;;;;;pique;>=4;;0;;;;0;1C passe 2C 2P;any_short_color;;;;;X;2008
1230;REDEMO;;;>=15H;;;;;pique;>=4;;0;;;;0;1C 2m 2C 2P;any_short_color;;;;;X;2009
1231;REDEMO;;;>=17HLD;irrégulier;;;;;;;0;;;;0;1C 1P 2C 2P;;;;;;X;2010
1232;REDEMO;;;>=17HLD;irrégulier;;;;;;;0;;;;0;1P 2E 2P 3E;;;;;;X;2011
1233;REDEMO;;;>=17HLD;irrégulier;;;;;;;0;;;;0;1P o 2P 3C;;;;;;X;2012
1234;REDEMO;;PASS;14-16HL;régulier;;;;;;;0;;;;0;1M o 2SA o;honors_in_short_colors;;;;;3SA;2013
1235;REDEMO;;PASS;12-14HLD;;;;;;;;0;;;;0;1M o 2SA o;;;;long_suit;3CL1;;2014
1236;REDEMO;;PASS;15-16HLD;;;;;;;;0;;;;0;1M o 2SA o;;;;long_suit;4CL1;;2015
1237;REDEMO;;;>=15HLD;;;;;;;>=2;0;;;;0;1M passe 2SA passe;;;;;;3T;2016
1238;REDEMO;;;>=17HLD;;;;;mineure;>=4;;0;;;;0;1M o 2SA o;;;;long_suit;3CL2;;2017
1239;REDEMO;;;>=17HLD;;;;;coeur;>=4;;0;;;;0;1C o 2SA o;;;;;;2P;2018
1240;REDEMO;;;>=17HLD;;;;;pique;>=4;;0;;;;0;1P o 2SA o;;;;;;3C;2019
1241;REDEMO;;PASS;<=14HLD;;;;;;;;0;;;;0;1M o 3M o;;;;;;passe;none
1242;REDEMO;;PASS;15-16HLD;;;;;;;;0;;;;0;1M o 3M o;;;;long_suit;4CL1;;2020
1243;REDEMO;;FREE;>=17HLD;;;;;;;;0;;;;0;1C o 3C o;;control;P;;;3P;2021
1244;REDEMO;;FREE;>=17HLD;;;;;;;;0;;;;0;1M o 3M o;;;;first_control;;;2022
1245;REDEMO;;FREE;>=17HLD;;;;;;;;0;;;;0;1M o 3SA o;;;;first_control;;;2023
1246;REDEMO;;;<=16HLD;;;;;;;;0;;;;0;1M o 3SA o;;;;long_suit;4CL1;;2024
1247;REDEMO;;PASS;<=16HLD;;;;;;;;0;;;;0;1T o 2T o;;;;;;3T;2025
1248;REDEMO;;PASS;<=16HLD;;;;;;;;0;;;;0;1K o 2K o;;;;;;3K;2025
1249;REDEMO;;;18-19H;régulier;;;;;;;0;;;;0;1T o 2T o;honors_in_short_colors;;;;;2SA;2026
1250;REDEMO;;;18-19H;régulier;;;;;;;0;;;;0;1K o 2K o;honors_in_short_colors;;;;;2SA;2026
1251;REDEMO;;;18-19H;régulier;;;>=5;;;;0;;;;0;1T o 2T o;honors_in_short_colors;;;;;3SA;2027
1252;REDEMO;;;18-19H;régulier;;;>=5;;;;0;;;;0;1K o 2K o;honors_in_short_colors;;;;;3SA;2027
1253;REDEMO;;;>=15H;;;;;;;;0;;;;0;1T o 2T o;;stop_suits;K;;;2K;2028
1254;REDEMO;;;>=15H;;;;;;;;0;;;;0;1T o 2T o;;stop_suits;C;;;2C;2028
1255;REDEMO;;;>=15H;;;;;;;;0;;;;0;1K o 2K o;;stop_suits;C;;;2C;2028
1256;REDEMO;;;>=15H;;;;;;;;0;;;;0;1T o 2T o;;stop_suits;P;;;2P;2028
1257;REDEMO;;;>=15H;;;;;;;;0;;;;0;1K o 2K o;;stop_suits;P;;;2P;2028
1258;REDEMO;;;>=15H;;;;;;;;0;;;;0;1K o 2K o;;stop_suits;T;;;3T;2029
1259;REDEMO;;;14-18H;régulier;;;;;;;0;;;;0;1m o 3m o;honors_in_short_colors;;;;;3SA;2030
1260;REDEMO;;;>=14H;;;;;;;;0;;;;0;1m o 3m o;;stop_suits;C;;;3C;2031
1261;REDEMO;;;>=14H;;;;;;;;0;;;;0;1m o 3m o;;stop_suits;P;;;3P;2024
1262;REDEMO;;;12-16HLD;;;;;;;;0;;;>=4;0;1E o 1M o;;;;support;2;;2051
1263;REDEMO;;;12-16HLD;;;;;;;;0;;;>=4;0;1E o 1M 3m;;;;support;3;;2060
1264;REDEMO;;FREE;17-19HLD;irrégulier;;;;;;;0;;;>=4;0;1E o 1M o;;;;support;3;;2052
1265;REDEMO;;FREE;17-19H;5-4-2-2;;;;;;;0;;;4;0;1E o 1M o;;;;support;4;;2053
1266;REDEMO;;FREE;18-19H;régulier;;;;;;;0;;;>=4;0;1E o 1M o;;;;;;3SA;2054
1267;REDEMO;;FREE;20-21HLD;;;;;;;;0;;;>=4;0;1K passe 1M passe;;suit_length;T<=1;;;4T;2055
1268;REDEMO;;FREE;20-21HLD;;;;;;;;0;;;>=4;0;1C passe 1P passe;;suit_length;T<=1;;;4T;2055
1269;REDEMO;;FREE;20-21HLD;;;;;;;;0;;;>=4;0;1T passe 1M passe;;suit_length;K<=1;;;4K;2056
1270;REDEMO;;FREE;20-21HLD;;;;;;;;0;;;>=4;0;1C passe 1P passe;;suit_length;K<=1;;;4K;2056
1271;REDEMO;;FREE;20-21HLD;;;;;;;;0;;;>=4;0;1m passe 1P passe;;suit_length;C<=1;;;4C;2057
1272;REDEMO;;FREE;20-21HLD;;;;;;;;0;;;>=4;0;1m passe 1C passe;;suit_length;P<=1;;;3P;2058
1273;REDEMO;;;20-22HLD;;;mineure;>=6;;4;;0;;;4;0;1m o 1M o;;long_color_points_H;>=5;long_suit;4CL1;;2059
1274;REDEMO;;;12-16HLD;irrégulier;;;;;;;0;;;>=4;0;1m passe 1C 1P;;;;;;3C;2061
1275;REDEMO;;;17-19HLD;irrégulier;;;;;;;0;;;>=4;0;1m passe 1C 1P;;;;;;4C;2062
1276;REDEMO;;;>=18H;;;;;;;;0;;;>=4;0;1m o 1C 1P;;;;;;2P;2063
1277;REDEMO;;;>=18H;;;;;;;;0;;;>=4;0;1E o 1M 2m;;;;cuebid;3;;2064
1278;REDEMO;;;>=18H;;;;;;;;0;;;>=4;0;1m o 1P 2C;;;;;;3C;2064
1279;REDEMO;;FREE;17-19H;irrégulier;;;;;;;0;;;<=3;1;1m X 1M passe;honors_in_short_colors;;;;;3SA;2065
1280;REDEMO;;FREE;17-19H;irrégulier;;;;;;;0;;;<=3;1;1m 1C 1P passe;honors_in_short_colors;;;;;3SA;2066
1281;REDEMO;;;20-22HLD;;;;;;;;0;;;>=4;0;1T passe 1M X;;suit_length;K<=1;;;4K;2067
1282;REDEMO;;;20-22HLD;;;;;;;;0;;;>=4;0;1K passe 1M X;;suit_length;T<=1;;;4T;2068
1283;REDEMO;;;20-22HLD;;;;;;;;0;;;>=4;0;1T passe 1C 1P;;suit_length;K<=1;;;4K;2069
1284;REDEMO;;;20-22HLD;;;;;;;;0;;;>=4;0;1K passe 1C 1P;;suit_length;T<=1;;;4T;2070
1285;REDEMO;;;20-22HLD;;;;;;;;0;;;>=4;0;1T 1C 1P passe;;suit_length;K<=1;;;4K;2071
1286;REDEMO;;;20-22HLD;;;;;;;;0;;;>=4;0;1K 1C 1P passe;;suit_length;T<=1;;;4T;2072
1287;REDEMO;;;20-22HLD;;;;;;;;0;;;>=4;0;1T passe 1C 1P;;suit_length;P<=1;;;3P;2073
1288;REDEMO;;;20-22HLD;;;;;;;;0;;;>=4;0;1T 1C 1P 2C;;suit_length;K<=1;;;4K;2074
1289;REDEMO;;;;bicolore 5/5;coeur,carreau;;;;;;0;;6V;;0;1C passe 1P 2T;;;;;;3K;2075
1290;REDEMO;;;;bicolore 5/5;coeur,trèfle;;;;;;0;;6V;;0;1C passe 1P 2K;;;;;;4T;2076
1291;REDEMO;;;;bicolore 5/5;trèfle,carreau;;;;;;0;;6V;;0;1K 1C 1P 2C;;;;;;4T;2077
1292;REDEMO;;;12-14H;irrégulier;;;;;;;0;;;>=4;0;1T passe 1K o;;;;;;2K;2078
1293;REDEMO;;;15-17H;irrégulier;;;;;;;0;;;>=5;0;1T passe 1K passe;;;;;;3K;2079
1294;REDEMO;;;15-17H;irrégulier;;;;;;;0;;;>=5;0;1T passe 1K 1M;;;;;;3K;2079
1295;REDEMO;;;15-17H;irrégulier;;;;;;;0;;;>=5;0;1T passe 1K X;;;;;;3K;2079
1296;REDEMO;;;20-22HLD;;;;;;;;0;;;>=5;0;1T passe 1K passe;;suit_length;C<=1;;;3C;2080
1297;REDEMO;;;20-22HLD;;;;;;;;0;;;>=5;0;1T passe 1K passe;;suit_length;P<=1;;;3P;2080
1298;REDEMO;;;15-19HLD;;;;;;;>=2;0;;;>=4;0;1M passe 2m o;;;;support;3;;2081
1299;REDEMO;;;15-19HLD;;;;;;;;0;;;>=4;0;1M passe 2m passe;;;;support;3;;2082
1300;REDEMO;;FREE;>=20HLD;bicolore 5/5;;;;;;;0;;;>=5;0;1M passe 2m passe;honors_in_bicolors;;;support;4;;2083
1301;REDEMO;;;<=17H;;;;;;;;0;;;>=4;0;1M X 2m o;;;;support;3;;2084
1302;REDEMO;;;<=17H;;;;;;;;0;;;>=4;0;1C 1P 2m o;;;;support;3;;2085
1303;REDEMO;;;<=17H;;;;;;;;0;;;>=4;0;1M passe 2m 2E;;;;support;3;;2086
1304;REDEMO;;;<=17H;;;;;;;;0;;;>=4;0;1M passe 2m X;;;;support;3;;2087
1305;REDEMO;;;>=18H;;;;;;;;0;;;>=4;0;1M X 2m 2E;;;;cuebid;3;;2088
1306;REDEMO;;;>=18H;;;;;;;;0;;;>=4;0;1C 1P 2m passe;;;;cuebid;3;;2089
1307;REDEMO;;;>=18H;;;;;;;;0;;;>=4;0;1C 1P 2m 2P;;;;cuebid;3;;2090
1308;REDEMO;;;>=18H;;;;;;;;0;;;>=4;0;1M passe 2m 2E;;;;cuebid;3;;2091
1309;REDEMO;;;>=18H;;;;;;;;0;;;>=4;0;1M passe 2m X;;;;cuebid;;XX;2092
1310;REDEMO;;;>=15HLD;;;;;;;;0;;;>=3;0;1P passe 2C passe;;;;;;3C;2093
1311;REDEMO;;;>=15HLD;;;;;;;;0;;;>=3;0;1P passe 2C 3m;;;;;;3C;2094
1312;REDEMO;;;17-19HLD;5-4-2-2;;;;;;;0;;;>=3;0;1P passe 2C o;;;;;;4C;2095
1313;REDEMO;;;17-19HLD;;;;;;;;0;;;>=3;0;1P passe 2C o;any_short_color;;;;;4C;2095
1314;REDEMO;;;20-22HLD;;;;;;;;0;;;>=4;0;1P passe 2C passe;;suit_length;T<=1;;;4T;2096
1315;REDEMO;;;20-22HLD;;;;;;;;0;;;>=4;0;1P passe 2C passe;;suit_length;K<=1;;;4K;2096
1316;REDEMO;;;12-14HLD;;;;;;;;0;;;>=3;0;1P passe 2C passe;;;;;;2P;2097
1317;REDEMO;;;12-14H;semi-régulier;;;;;;;0;;;<4;0;1m passe 1P passe;;majors_at_least_4;1;;;1SA;2121
1318;REDEMO;;;12-14H;semi-régulier;;;;;;;0;;;;0;1m passe 1E passe;;majors_at_least_4;=0;;;1SA;2122
1319;REDEMO;;;12-14H;semi-régulier;;;;;;;0;;;<4;0;1C passe 1P passe;;majors_at_least_4;1;;;1SA;2123
1320;REDEMO;;;18-19HL;régulier;;;;;;;0;;;<4;0;1m passe 1P passe;;majors_at_least_4;1;;;2SA;2124
1321;REDEMO;;;18-19HL;régulier;;;;;;;0;;;;0;1m passe 1E passe;;majors_at_least_4;=0;;;2SA;2125
1322;REDEMO;;;18-19HL;régulier;;;;;;;0;;;<4;0;1C passe 1P passe;;majors_at_least_4;1;;;2SA;2126
1323;REDEMO;;;15-17H;irrégulier;;;;;;;0;;;;0;1T passe 1SA passe;;;;;;2SA;2127
1324;REDEMO;;;15-17H;irrégulier;;;;;;;0;;;;0;1K passe 1SA passe;;;;;;2SA;2128
1325;REDEMO;;;17-18H;régulier;;;;;;;0;;;;0;1M passe 1SA passe;;;;;;2SA;2129
1326;REDEMO;;;15-17H;régulier;;;;;;;0;;;;0;1M passe 2E passe;;;;;;2SA;2130
1327;REDEMO;;;12-14H;régulier;;;;;;;0;;;;0;1K passe 2T passe;;;;;;2SA;2131
1328;REDEMO;;;18-19H;régulier;;;;;;;0;;;;0;1K passe 2T passe;;;;;;2SA;2131
1329;REDEMO;;;15-17H;tricolore;;;;;;;0;;;;0;1K passe 2T passe;;suit_length;T<=1;;;3SA;2132
1330;REDEMO;;FREE;18-19H;régulier;;;;;;;0;;;;0;1T passe 1K;;;;;;3SA;2133
1331;REDEMO;;FREE;18-19H;régulier;;;;;;;0;;;;0;1T passe 1M;;;;;;3SA;2133
1332;REDEMO;;FREE;18-19H;régulier;;;;;;;0;;;;0;1K passe 1M;;;;;;3SA;2133
1333;REDEMO;;FREE;18-19H;régulier;;;;;;;0;;;;0;1C passe 1P;;;;;;3SA;2133
1334;REDEMO;;FREE;18-19H;régulier;;;;;;;0;;;;0;1M passe 2E passe;;;;;;3SA;2134
1335;REDEMO;;;12-19HL;;;;;;;;0;;;<4;0;1T passe 1K passe;;suit_length;C4;;;1C;2161
1336;REDEMO;;;12-19HL;;;;;;;;0;;;<4;0;1T passe 1K passe;;suit_length;P4;;;1P;2161
1337;REDEMO;;;12-19HL;;;;;;;;0;;;<3;0;1T passe 1C passe;;suit_length;P4;;;1P;2162
1338;REDEMO;;;12-19HL;;;;;;;;0;;;<3;0;1K passe 1C passe;;suit_length;P4;;;1P;2162
1339;REDEMO;;;12-19HL;bicolore;;carreau;>=5;trèfle;>=4;;0;;;;0;1K passe 1M passe;;;;;;2T;2163
1340;REDEMO;;;12-19HL;bicolore;;carreau;>=5;trèfle;>=4;;0;;;;0;1K passe 1SA passe;;;;;;2T;2164
1341;REDEMO;;;12-19HL;bicolore;;coeur;>=5;trèfle;>=4;;0;;;;0;1C passe 1P passe;;;;;;2T;2165
1342;REDEMO;;;12-19HL;bicolore;;coeur;>=5;carreau;>=4;;0;;;;0;1C passe 1P passe;;;;;;2K;2165
1343;REDEMO;;;12-19HL;bicolore;;coeur;>=5;trèfle;>=4;;0;;;;0;1C passe 1SA passe;;;;;;2T;2166
1344;REDEMO;;;12-19HL;bicolore;;coeur;>=5;carreau;>=4;;0;;;;0;1C passe 1SA passe;;;;;;2K;2166
1345;REDEMO;;;12-19HL;bicolore;;pique;>=5;trèfle;>=4;;0;;;;0;1P passe 1SA passe;;;;;;2T;2167
1346;REDEMO;;;12-19HL;bicolore;;pique;>=5;carreau;>=4;;0;;;;0;1P passe 1SA passe;;;;;;2K;2167
1347;REDEMO;;;12-19HL;bicolore;;pique;>=5;coeur;>=4;;0;;;;0;1P passe 1SA passe;;;;;;2C;2168
1348;REDEMO;;;20-23HL;;;trèfle;>=5;coeur;>=3;;0;;;;0;1T o 1K passe;;;;;;2C;2169
1349;REDEMO;;;20-23HL;;;trèfle;>=5;pique;>=3;;0;;;;0;1T o 1K passe;;;;;;2P;2169
1350;REDEMO;;;20-23HL;;;trèfle;>=5;pique;>=3;;0;;;;0;1T o 1C passe;;;;;;2P;2170
1351;REDEMO;;;20-23HL;;;carreau;>=5;pique;>=3;;0;;;;0;1K o 1C passe;;;;;;2P;2171
1352;REDEMO;;;20-23HL;;;carreau;>=5;trèfle;>=3;;0;;;;0;1K o 1M passe;;;;;;3T;2172
1353;REDEMO;;;20-23HL;;;carreau;>=5;trèfle;>=3;;0;;;;0;1K o 1SA passe;;;;;;3T;2173
1354;REDEMO;;;20-23HL;;;coeur;>=5;trèfle;>=3;;0;;;;0;1C o 1P passe;;;;;;3T;2174
1355;REDEMO;;;20-23HL;;;coeur;>=5;carreau;>=3;;0;;;;0;1C o 1P passe;;;;;;3K;2175
1356;REDEMO;;;20-23HL;;;coeur;>=5;trèfle;>=3;;0;;;;0;1C o 1SA passe;;;;;;3T;2176
1357;REDEMO;;;20-23HL;;;coeur;>=5;carreau;>=3;;0;;;;0;1C o 1SA passe;;;;;;3K;2176
1358;REDEMO;;;20-23HL;;;pique;>=5;trèfle;>=3;;0;;;;0;1P o 1SA passe;;;;;;3T;2177
1359;REDEMO;;;20-23HL;;;pique;>=5;carreau;>=3;;0;;;;0;1P o 1SA passe;;;;;;3K;2177
1360;REDEMO;;;17-23HL;bicolore 5/5;coeur,carreau;;;;;;0;;;;0;1C o 2T passe;honors_in_bicolors;;;;;3K;2178
1361;REDEMO;;;17-23HL;bicolore 5/5;pique,carreau;;;;;;0;;;;0;1P o 2T passe;honors_in_bicolors;;;;;3K;2179
1362;REDEMO;;;17-23HL;bicolore 5/5;pique,coeur;;;;;;0;;;;0;1P o 2m passe;honors_in_bicolors;;;;;3C;2180
1363;REDEMO;;;18-23HL;;;trèfle;>=5;carreau;>=3;;0;;;;0;1T passe 1M passe;;;;;;2K;2181
1364;REDEMO;;;18-23HL;;;trèfle;>=5;coeur;>=3;;0;;;;0;1T passe 1P passe;;;;;;2C;2182
1365;REDEMO;;;19-23HL;;;trèfle;>=5;carreau;>=3;;0;;;;0;1T passe 1SA passe;;;;;;2K;2183
1366;REDEMO;;;19-23HL;;;trèfle;>=5;coeur;>=3;;0;;;;0;1T passe 1SA passe;;;;;;2C;2184
1367;REDEMO;;;19-23HL;;;trèfle;>=5;pique;>=3;;0;;;;0;1T passe 1SA passe;;;;;;2P;2185
1368;REDEMO;;;18-23HL;;;carreau;>=5;coeur;>=3;;0;;;;0;1K passe 1P passe;;;;;;2C;2186
1369;REDEMO;;;>=17HL;;;carreau;>=5;Majeure;>=3;;0;;;;0;1K passe 2T passe;;;;long_suit;2CL2;;2187
1370;REDEMO;;;19-23HL;;;carreau;>=5;coeur;>=3;;0;;;;0;1K passe 1SA passe;;;;;;2C;2188
1371;REDEMO;;;19-23HL;;;carreau;>=5;pique;>=3;;0;;;;0;1K passe 1SA passe;;;;;;2P;2189
1372;REDEMO;;;17-23HL;bicolore;;carreau;>=5;trèfle;>=3;;0;;;;0;1K passe 2SA passe;;;;;;3T;2190
1373;REDEMO;;;19-23HL;;;coeur;>=5;pique;>=3;;0;;;;0;1C passe 1SA passe;;;;;;2P;2191
1374;REDEMO;;;>=17HL;;;coeur;>=5;pique;>=3;;0;;;;0;1C passe 2m passe;;;;;;2P;2192
1375;REDEMO;;;17-23HL;bicolore;;coeur;>=5;trèfle;>=3;;0;;;;0;1C passe 2K passe;;;;;;3T;2193
1376;REDEMO;;;17-23HL;bicolore;;pique;>=5;trèfle;>=3;;0;;;;0;1P passe 2K passe;;;;;;3T;2194
1377;REDEMO;;;17-23HL;bicolore;;pique;>=5;trèfle;>=3;;0;;;;0;1P passe 2C passe;;;;;;3T;2195
1378;REDEMO;;;17-23HL;bicolore;;pique;>=5;carreau;>=3;;0;;;;0;1P passe 2C passe;;;;;;3K;2195
1379;REDEMO;;;13-17HL;;;trèfle;>=6;;;;0;;;;0;1T passe 1K passe;;;;;;2T;2196
1380;REDEMO;;;13-17HL;;;trèfle;>=5;;;;0;;;;0;1T passe 1M passe;;;;;;2T;2197
1381;REDEMO;;;13-17HL;;;carreau;>=6;;;;0;;;;0;1K passe 1C passe;;;;;;2K;2198
1382;REDEMO;;;13-17HL;;;carreau;>=5;;;;0;;;;0;1K passe 1P passe;;;;;;2K;2199
1383;REDEMO;;;13-17HL;;;coeur;>=6;;;;0;;;;0;1C passe 1P passe;;;;;;2C;2200
1384;REDEMO;;;13-17HL;;;trèfle;>=6;;;;0;;;;0;1T passe 1SA passe;;;;;;2T;2201
1385;REDEMO;;;13-17HL;;;carreau;>=6;;;;0;;;;0;1K passe 1SA passe;;;;;;2K;2201
1386;REDEMO;;;13-17HL;;;coeur;>=6;;;;0;;;;0;1C passe 1SA passe;;;;;;2C;2201
1387;REDEMO;;;13-17HL;;;pique;>=6;;;;0;;;;0;1P passe 1SA passe;;;;;;2P;2201
1388;REDEMO;;;13-17HL;;;carreau;>=5;;;;0;;;;0;1K passe 2T passe;;;;;;2K;2202
1389;REDEMO;;;13-17HL;;;coeur;>=5;;;;0;;;;0;1C passe 2m passe;;;;;;2C;2203
1390;REDEMO;;;13-17HL;;;pique;>=5;;;;0;;;;0;1P passe 2m passe;;;;;;2P;2203
1391;REDEMO;;;13-17HL;;;pique;>=5;;;;0;;;;0;1P passe 2C passe;;;;;;2P;2204
1392;REDEMO;;;>=17HL;;;trèfle;>=6;;;;0;;;;0;1T passe 1K passe;;;;;;3T;2205
1393;REDEMO;;;>=17HL;;;trèfle;>=6;;;;0;;;;0;1T passe 1M passe;;;;;;3T;2206
1394;REDEMO;;;>=17HL;;;carreau;>=6;;;;0;;;;0;1K passe 1C passe;;;;;;3K;2207
1395;REDEMO;;;>=17HL;;;carreau;>=6;;;;0;;;;0;1K passe 1P passe;;;;;;3K;2208
1396;REDEMO;;;>=17HL;;;coeur;>=6;;;;0;;;;0;1C passe 1P passe;;;;;;3C;2209
1397;REDEMO;;;>=17HL;;;trèfle;>=6;;;;0;;;;0;1T passe 1SA passe;;;;;;3T;2210
1398;REDEMO;;;>=17HL;;;carreau;>=6;;;;0;;;;0;1K passe 1SA passe;;;;;;3K;2210
1399;REDEMO;;;>=17HL;;;coeur;>=6;;;;0;;;;0;1C passe 1SA passe;;;;;;3C;2210
1400;REDEMO;;;>=17HL;;;pique;>=6;;;;0;;;;0;1P passe 1SA passe;;;;;;3P;2210
1401;REDEMO;;;>=17HL;;;carreau;>=6;;;;0;;;;0;1K passe 2T passe;;;;;;3K;2211
1402;REDEMO;;;>=17HL;;;coeur;>=6;;;;0;;;;0;1C passe 2m passe;;;;;;3C;2212
1403;REDEMO;;;>=17HL;;;pique;>=6;;;;0;;;;0;1P passe 2m passe;;;;;;3P;2212
1404;REDEMO;;;>=17HL;;;pique;>=6;;;;0;;;;0;1P passe 2C passe;;;;;;3P;2213
1405;REDEMO;;;12-14H;semi-régulier;;;;;;;0;;;<4;0;1m 1E 1P passe;;majors_at_least_4;1;;;1SA;2231
1406;REDEMO;;;12-14H;semi-régulier;;;;;;;0;;;<4;0;1m 1E 1M passe;;majors_at_least_4;=0;;;1SA;2232
1407;REDEMO;;;18-19HL;régulier;;;;;;;0;;;<4;1;1m 1E 1P passe;;majors_at_least_4;1;;;2SA;2233
1408;REDEMO;;;18-19HL;régulier;;;;;;;0;;;<4;1;1m 1E 1M passe;;majors_at_least_4;=0;;;2SA;2234
1409;REDEMO;;;15-17H;irrégulier;;;;;;;0;;;;1;1m 1E 1SA passe;;;;;;2SA;2235
1410;REDEMO;;;17-18H;régulier;;;;;;;0;;;;1;1C 1P 1SA passe;;;;;;2SA;2236
1411;REDEMO;;;15-17H;régulier;;;;;;;0;;;;1;1C 1P 2m passe;;;;;;2SA;2237
1412;REDEMO;;;15-17H;régulier;;;;;;;0;;;<3;1;1C 2m 2P passe;;;;;;2SA;2238
1413;REDEMO;;;15-17H;régulier;;;;;;;0;;;<3;1;1P 2m 2C passe;;;;;;2SA;2239
1414;REDEMO;;;12-14H;régulier;;;;;;;0;;;;1;1K 1M 2T passe;;;;;;2SA;2240
1415;REDEMO;;;18-19H;régulier;;;;;;;0;;;;1;1K 1M 2T passe;;;;;;2SA;2240
1416;REDEMO;;;12-19HL;;;;;;;;0;;;<3;0;1T 1K 1C passe;;suit_length;P4;;;1P;2241
1417;REDEMO;;;12-19HL;bicolore;;carreau;>=5;trèfle;>=4;;0;;;;0;1K 1C 1P passe;;;;;;2T;2242
1418;REDEMO;;;12-19HL;bicolore;;carreau;>=5;trèfle;>=4;;0;;;;0;1K 1M 1SA passe;;;;;;2T;2243
1419;REDEMO;;;12-19HL;bicolore;;coeur;>=5;trèfle;>=4;;0;;;;0;1C 1P 1SA passe;;;;;;2T;2244
1420;REDEMO;;;12-19HL;bicolore;;coeur;>=5;carreau;>=4;;0;;;;0;1C 1P 1SA passe;;;;;;2K;2245
1421;REDEMO;;;>=15H;;;trèfle;>=5;carreau;>=3;;0;;;;0;1T 1C 1P passe;;;;;;2K;2246
1422;REDEMO;;;>=15H;;;trèfle;>=5;coeur;>=3;;0;;;;0;1T 1K 1P passe;;;;;;2C;2247
1423;REDEMO;;;>=15H;;;trèfle;>=5;carreau;>=3;;0;;;;0;1T 1M 1SA passe;;;;;;2K;2248
1424;REDEMO;;;>=15H;;;trèfle;>=5;coeur;>=3;;0;;;;0;1T 1K 1SA passe;;;;;;2C;2249
1425;REDEMO;;;>=15H;;;trèfle;>=5;coeur;>=3;;0;;;;0;1T 1P 1SA passe;;;;;;2C;2250
1426;REDEMO;;;>=15H;;;trèfle;>=5;pique;>=3;;0;;;;0;1T 1K 1SA passe;;;;;;2P;2251
1427;REDEMO;;;>=15H;;;trèfle;>=5;pique;>=3;;0;;;;0;1T 1C 1SA passe;;;;;;2P;2252
1428;REDEMO;;;>=15H;;;carreau;>=5;coeur;>=3;;0;;;;0;1K 1P 1SA passe;;;;;;2C;2253
1429;REDEMO;;;>=15H;;;carreau;>=5;pique;>=3;;0;;;;0;1K 1C 1SA passe;;;;;;2P;2254
1430;REDEMO;;;>=15H;;;carreau;>=5;trèfle;>=3;;0;;;;0;1K 1M 2SA passe;;;;;;3T;2255
1431;REDEMO;;;>=15H;;;carreau;>=5;trèfle;>=3;;0;;;;0;1K 2K 2SA passe;;;;;;3T;2256
1432;REDEMO;;;>=15H;;;carreau;>=5;trèfle;>=3;;0;;;;0;1K 2M 2SA passe;;;;;;3T;2257
1433;REDEMO;;;>=15H;;;coeur;>=5;pique;>=3;;0;;;;0;1C 2T 2K passe;;;;;;2P;2258
1434;REDEMO;;;>=15H;;;coeur;>=5;trèfle;>=3;;0;;;;0;1C 1P 2K passe;;;;;;3T;2259
1435;REDEMO;;;>=15H;;;pique;>=5;trèfle;>=3;;0;;;;0;1P 2K 2C passe;;;;;;3T;2260
1436;REDEMO;;;>=15H;;;pique;>=5;carreau;>=3;;0;;;;0;1P 2T 2C passe;;;;;;3K;2261
1437;REDEMO;;;>=12H;;;;;;;;0;;;;0;1C 1P 2T passe;;;;;;2K;2262
1438;REDEMO;;;>=12H;;;;;;;;0;;;;0;1P 2T 2K passe;;;;;;2C;2263
1439;REDEMO;;;13-17HL;;;trèfle;>=5;;;;0;;;;0;1T 1E 1M passe;;;;;;2T;2264
1440;REDEMO;;;13-17HL;;;carreau;>=5;;;;0;;;;0;1K 1C 1P passe;;;;;;2K;2265
1441;REDEMO;;;13-17HL;;;trèfle;>=6;;;;0;;;;0;1T 1E 1SA passe;;;;;;2T;2266
1442;REDEMO;;;13-17HL;;;carreau;>=6;;;;0;;;;0;1K 1M 1SA passe;;;;;;2K;2267
1443;REDEMO;;;13-17HL;;;coeur;>=6;;;;0;;;;0;1C 1P 1SA passe;;;;;;2C;2268
1444;REDEMO;;;13-17HL;;;carreau;>=5;;;;0;;;;0;1K 1M 2T passe;;;;;;2K;2269
1445;REDEMO;;;13-17HL;;;coeur;>=5;;;;0;;;;0;1C 1P 2m passe;;;;;;2C;2270
1446;REDEMO;;;13-17HL;;;coeur;>=5;;;;0;;;;0;1C 2T 2K passe;;;;;;2C;2271
1447;REDEMO;;;13-17HL;;;pique;>=5;;;;0;;;;0;1P 2T 2K passe;;;;;;2P;2272
1448;REDEMO;;;13-17HL;;;pique;>=5;;;;0;;;;0;1P 2m 2C passe;;;;;;2P;2273
1449;REDEMO;;;>=17HL;;;trèfle;>=6;;;;0;;;;0;1T 1E 1M passe;;;;;;3T;2274
1450;REDEMO;;;>=17HL;;;carreau;>=6;;;;0;;;;0;1K 1C 1P passe;;;;;;3K;2275
1451;REDEMO;;;>=17HL;;;trèfle;>=6;;;;0;;;;0;1T 1E 1SA passe;;;;;;3T;2276
1452;REDEMO;;;>=17HL;;;carreau;>=6;;;;0;;;;0;1K 1M 1SA passe;;;;;;3K;2277
1453;REDEMO;;;>=17HL;;;coeur;>=6;;;;0;;;;0;1C 1P 1SA passe;;;;;;3C;2278
1454;REDEMO;;;>=17HL;;;carreau;>=6;;;;0;;;;0;1K 1M 2T passe;;;;;;3K;2279
1455;REDEMO;;;>=17HL;;;coeur;>=6;;;;0;;;;0;1C 1P 2m passe;;;;;;3C;2280
1456;REDEMO;;;>=17HL;;;pique;>=6;;;;0;;;;0;1P 2T 2K passe;;;;;;3P;2281
1457;REDEMO;;;>=17HL;;;pique;>=6;;;;0;;;;0;1P 2m 2C passe;;;;;;3P;2282
1458;REDEMO;;;>=18H;;;;;;;;0;;;;0;1T 1K 1M passe;;;;;;2K;2283
1459;REDEMO;;;>=18H;;;;;;;;0;;;;0;1m 1C 1P passe;;;;;;2C;2284
1460;REDEMO;;;>=18H;;;;;;;;0;;;;0;1C 1P 2m passe;;;;;;2P;2285
1461;REDEMO;;;>=18H;;;;;;;;0;;;;0;1C 2T 2K passe;;;;;;3T;2286
1462;REDEMO;;;>=18H;;;;;;;;0;;;;0;1P 2T 2K passe;;;;;;3T;2287
1463;REDEMO;;;>=18H;;;;;;;;0;;;;0;1P 2m 2C passe;;;;cuebid;3;;2288
1464;REDEMO;;;>=18H;;;;;;;;0;;;;0;1K 1M 2T passe;;;;cuebid;2;;2289
1465;REDEMO;;;;;;;;;;;0;;;;0;1T 1M 2K passe;;;;cuebid;2;;2290
1466;REDEMO;;;;;;;;;;;0;;;;0;1K 2T 2M passe;;;;;;3T;2291
1467;REDEMO;;;;;;;;;;;0;;;;0;1C 2K 2P passe;;;;;;3K;2292
1468;REDEMO;;;;;;;;;;;0;;;;0;1P 2C 3m passe;;;;;;3C;2293
1469;REDEMO;;;;irrégulier;;;;;;;0;;;;0;1T passe 1K 1C;;suit_length;P4;;;1P;2294
1470;REDEMO;;;12-19HL;bicolore 5/5;carreau,trèfle;;;;;;0;;;;0;1K passe 1C 1P;;;;;;2T;2295
1471;REDEMO;;;12-19HL;bicolore 5/5;coeur,carreau;;;;;;0;;;;0;1C passe 1P 2T;;;;;;2K;2296
1472;REDEMO;;;12-19HL;bicolore 5/5;coeur,carreau;;;;;;0;;;;0;1C o 1SA 2T;;;;;;2K;2297
1473;REDEMO;;;12-19HL;bicolore 5/5;pique,carreau;;;;;;0;;;;0;1P o 1SA 2T;;;;;;2K;2298
1474;REDEMO;;;12-19HL;bicolore 5/5;pique,coeur;;;;;;0;;;;0;1P passe 1SA 2m;;;;;;2C;2299
1475;REDEMO;;;12-19HL;bicolore;;carreau;>=5;trèfle;>=4;;0;;;;0;1K passe 1C 1P;honors_in_bicolors;;;;;2T;2295
1476;REDEMO;;;12-19HL;bicolore;;coeur;>=5;carreau;>=4;;0;;;;0;1C passe 1P 2T;honors_in_bicolors;;;;;2K;2296
1477;REDEMO;;;12-19HL;bicolore;;coeur;>=5;carreau;>=4;;0;;;;0;1C o 1SA 2T;honors_in_bicolors;;;;;2K;2297
1478;REDEMO;;;12-19HL;bicolore;;pique;>=5;carreau;>=4;;0;;;;0;1P o 1SA 2T;honors_in_bicolors;;;;;2K;2298
1479;REDEMO;;;12-19HL;bicolore;;pique;>=5;coeur;>=4;;0;;;;0;1P passe 1SA 2m;honors_in_bicolors;;;;;2C;2299
1480;REDEMO;;;15-19HL;bicolore;;carreau;>=5;trèfle;>=4;;0;;;;0;1K passe 1C 1P;;;;;;2T;2295
1481;REDEMO;;;15-19HL;bicolore;;coeur;>=5;carreau;>=4;;0;;;;0;1C passe 1P 2T;;;;;;2K;2296
1482;REDEMO;;;15-19HL;bicolore;;coeur;>=5;carreau;>=4;;0;;;;0;1C o 1SA 2T;;;;;;2K;2297
1483;REDEMO;;;15-19HL;bicolore;;pique;>=5;carreau;>=4;;0;;;;0;1P o 1SA 2T;;;;;;2K;2298
1484;REDEMO;;;15-19HL;bicolore;;pique;>=5;coeur;>=4;;0;;;;0;1P passe 1SA 2m;;;;;;2C;2299
1485;REDEMO;;;18-23HL;bicolore;;trèfle;>=5;pique;>=4;;0;;;;0;1T passe 1K 1C;;;;;;2P;2300
1486;REDEMO;;;18-23HL;bicolore;;trèfle;>=5;pique;>=4;;0;;;;0;1T passe 1K 2m;;;;;;2P;2301
1487;REDEMO;;;18-23HL;bicolore;;carreau;>=5;pique;>=4;;0;;;;0;1K passe 1C 2m;;;;;;2P;2302
1488;REDEMO;;;18-23HL;bicolore;;carreau;>=5;trèfle;>=4;;0;;;;0;1K passe 1C 1P;;;;;;3T;2303
1489;REDEMO;;;18-23HL;bicolore;;carreau;>=5;trèfle;>=4;;0;;;;0;1K o 1M 2E;;;;;;3T;2304
1490;REDEMO;;;18-23HL;bicolore;;coeur;>=5;carreau;>=4;;0;;;;0;1C o 2T 2P;;;;;;3K;2305
1491;REDEMO;;;18-23HL;bicolore;;pique;>=5;carreau;>=4;;0;;;;0;1P passe 2T 2C;;;;;;3K;2306
1492;REDEMO;;;18-23HL;bicolore;;pique;>=5;coeur;>=4;;0;;;;0;1P passe 2T 2K;;;;;;3C;2307
1493;REDEMO;;;18-23HL;bicolore;;pique;>=5;coeur;>=4;;0;;;;0;1P o 2K 3T;;;;;;3C;2308
1494;REDEMO;;;18-23HL;bicolore;;trèfle;>=5;carreau;>=4;;0;;;;0;1T o 1C 1P;;;;;;2K;2309
1495;REDEMO;;;18-23HL;bicolore;;trèfle;>=5;coeur;>=4;;0;;;;0;1T o 1P 2T;;;;;;2C;2310
1496;REDEMO;;;18-23HL;bicolore;;trèfle;>=5;coeur;>=4;;0;;;;0;1T o 1SA 2K;;;;;;2C;2311
1497;REDEMO;;;18-23HL;bicolore;;trèfle;>=5;pique;>=4;;0;;;;0;1T o 1SA 2K;;;;;;2P;2312
1498;REDEMO;;;18-23HL;bicolore;;trèfle;>=5;pique;>=4;;0;;;;0;1T o 1SA 2C;;;;;;2P;2313
1499;REDEMO;;;18-23HL;bicolore;;carreau;>=5;coeur;>=4;;0;;;;0;1K o 1P 2T;;;;;;2C;2314
1500;REDEMO;;;18-23HL;bicolore;;carreau;>=5;coeur;>=4;;0;;;;0;1K o 1SA 2T;;;;;;2C;2315
1501;REDEMO;;;18-23HL;bicolore;;carreau;>=5;pique;>=4;;0;;;;0;1K o 1SA 2T;;;;;;2P;2316
1502;REDEMO;;;18-23HL;bicolore;;carreau;>=5;pique;>=4;;0;;;;0;1K o 1SA 2C;;;;;;2P;2317
1503;REDEMO;;;18-23HL;bicolore;;coeur;>=5;pique;>=4;;0;;;;0;1C o 1SA 2m;;;;;;2P;2318
1504;REDEMO;;;18-23HL;bicolore;;coeur;>=5;pique;>=4;;0;;;;0;1C o 2T 2K;;;;;;2P;2319
1505;REDEMO;;;18-23HL;bicolore;;coeur;>=5;trèfle;>=4;;0;;;;0;1C o 2K 2P;;;;;;3T;2320
1506;REDEMO;;;18-23HL;bicolore;;pique;>=5;trèfle;>=4;;0;;;;0;1P o 2K 2C;;;;;;3T;2321
1507;REDEMO;;;18-23HL;bicolore;;pique;>=5;carreau;>=4;;0;;;;0;1P o 2C 3T;;;;;;3K;2322
1508;REDEMO;;;13-17HL;;;trèfle;>=6;;;;0;;;;0;1T passe 1K 1P;;;;;;2T;2323
1509;REDEMO;;;13-17HL;;;trèfle;>=6;;;;0;;;;0;1T o 1C 1P;;;;;;2T;2324
1510;REDEMO;;;13-17HL;;;carreau;>=6;;;;0;;;;0;1K passe 1C 1P;;;;;;2K;2325
1511;REDEMO;;;13-17HL;;;carreau;>=6;;;;0;;;;0;1K passe 1C 2T;;;;;;2K;2326
1512;REDEMO;;;13-17HL;;;carreau;>=6;;;;0;;;;0;1K o 1P 2T;;;;;;2K;2327
1513;REDEMO;;;13-17HL;;;coeur;>=6;;;;0;;;;0;1C passe 1P 2m;;;;;;2C;2328
1514;REDEMO;;;13-17HL;;;carreau;>=6;;;;0;;;;0;1K passe 1SA 2T;;;;;;2K;2329
1515;REDEMO;;;13-17HL;;;coeur;>=6;;;;0;;;;0;1C o 1SA 2m;;;;;;2C;2330
1516;REDEMO;;;13-17HL;;;pique;>=6;;;;0;;;;0;1P passe 1SA 2m;;;;;;2P;2331
1517;REDEMO;;;13-17HL;;;pique;>=6;;;;0;;;;0;1P passe 1SA 2C;;;;;;2P;2332
1518;REDEMO;;;13-17HL;;;coeur;>=6;;;;0;;;;0;1C o 2T 2K;;;;;;2C;2333
1519;REDEMO;;;13-17HL;;;pique;>=6;;;;0;;;;0;1P passe 2T 2K;;;;;;2P;2334
1520;REDEMO;;;13-17HL;;;pique;>=6;;;;0;;;;0;1P o 2m 2C;;;;;;2P;2335
1521;REDEMO;;;>=17HL;;;trèfle;>=6;;;;0;;;;0;1T passe 1K 1M;;;;;;3T;2336
1522;REDEMO;;;>=17HL;;;trèfle;>=6;;;;0;;;;0;1T o 1C 1P;;;;;;3T;2337
1523;REDEMO;;;>=17HL;;;carreau;>=6;;;;0;;;;0;1K passe 1C 1P;;;;;;3K;2338
1524;REDEMO;;;>=17HL;;;carreau;>=6;;;;0;;;;0;1K passe 1C 2T;;;;;;3K;2339
1525;REDEMO;;;>=17HL;;;carreau;>=6;;;;0;;;;0;1K o 1P 2m;;;;;;3K;2340
1526;REDEMO;;;>=17HL;;;coeur;>=6;;;;0;;;;0;1C passe 1P 2m;;;;;;3C;2341
1527;REDEMO;;;>=17HL;;;trèfle;>=6;;;;0;;;;0;1T o 1SA 2E;;;;;;3T;2342
1528;REDEMO;;;>=17HL;;;carreau;>=6;;;;0;;;;0;1K o 1SA 2M;;;;;;3K;2343
1529;REDEMO;;;>=17HL;;;coeur;>=6;;;;0;;;;0;1C o 1SA 2m;;;;;;3C;2344
1530;REDEMO;;;>=17HL;;;pique;>=6;;;;0;;;;0;1P passe 1SA 2m;;;;;;3P;2345
1531;REDEMO;;;>=17HL;;;pique;>=6;;;;0;;;;0;1P passe 1SA 2C;;;;;;3P;2346
1532;REDEMO;;;>=17HL;;;carreau;>=6;;;;0;;;;0;1K o 2T 2M;;;;;;3K;2347
1533;REDEMO;;;>=17HL;;;coeur;>=6;;;;0;;;;0;1C o 2m 2E;;;;;;3C;2348
1534;REDEMO;;;>=17HL;;;pique;>=6;;;;0;;;;0;1P passe 2T 2K;;;;;;3P;2349
1535;REDEMO;;;>=17HL;;;pique;>=6;;;;0;;;;0;1P o 2m 2C;;;;;;3P;2350
1536;REDEMO;;;>=17HL;;;pique;>=6;;;;0;;;;0;1P o 2C 3m;;;;;;3P;2351
1537;REDEMO;;;;irrégulier;;;;;;;0;;;;0;1T 1K X 1M;;suit_length;P4;;;1P;2352
1538;REDEMO;;;12-19HL;bicolore;;coeur;>=5;carreau;>=4;;0;;;;0;1C 1P X 2T;honors_in_bicolors;;;;;2K;2353
1539;REDEMO;;;12-19HL;bicolore;;pique;>=5;coeur;>=4;;0;;;;0;1P 2T X 2K;honors_in_bicolors;;;;;2C;2354
1540;REDEMO;;;18-23HL;bicolore;;trèfle;>=5;pique;>=4;;0;;;;0;1T 1K X 1C;;;;;;2P;2355
1541;REDEMO;;;18-23HL;bicolore;;carreau;>=5;pique;>=4;;0;;;;0;1K 1C X 2m;;;;;;2P;2356
1542;REDEMO;;;18-23HL;bicolore;;carreau;>=5;trèfle;>=4;;0;;;;0;1K 1M X 2M;;;;;;3T;2357
1543;REDEMO;;;18-23HL;bicolore;;coeur;>=5;carreau;>=4;;0;;;;0;1C 2T X 2P;;;;;;3K;2358
1544;REDEMO;;;18-23HL;bicolore;;coeur;>=5;carreau;>=4;;0;;;;0;1C 2T X 3T;;;;;;3K;2359
1545;REDEMO;;;18-23HL;bicolore;;pique;>=5;carreau;>=4;;0;;;;0;1P 2T X 2K;;;;;;3K;2360
1546;REDEMO;;;18-23HL;bicolore;;pique;>=5;coeur;>=4;;0;;;;0;1P 2T X 3T;;;;;;3C;2361
1547;REDEMO;;;18-23HL;bicolore;;pique;>=5;coeur;>=4;;0;;;;0;1P 2K X 3m;;;;;;3C;2362
1548;REDEMO;;;18-23HL;bicolore;;trèfle;>=5;carreau;>=4;;0;;;;0;1T 1C X 2T;;;;;;2K;2363
1549;REDEMO;;;18-23HL;bicolore;;trèfle;>=5;coeur;>=4;;0;;;;0;1T 1P X 2K;;;;;;2C;2364
1550;REDEMO;;;18-23HL;bicolore;;carreau;>=5;coeur;>=4;;0;;;;0;1K 1P X 2T;;;;;;2C;2365
1551;REDEMO;;;18-23HL;bicolore;;coeur;>=5;pique;>=4;;0;;;;0;1C 2T X 2K;;;;;;2P;2366
1552;REDEMO;;;18-23HL;bicolore;;coeur;>=5;trèfle;>=4;;0;;;;0;1C 1E X 2E;;;;;;3T;2367
1553;REDEMO;;;18-23HL;bicolore;;pique;>=5;trèfle;>=4;;0;;;;0;1P 2K X 2C;;;;;;3T;2368
1554;REDEMO;;;18-23HL;bicolore;;pique;>=5;carreau;>=4;;0;;;;0;1P 2C X 3T;;;;;;3K;2369
1555;REDEMO;;;13-17HL;;;trèfle;>=6;;;;0;;;;0;1T 1K X 1M;;;;;;2T;2370
1556;REDEMO;;;13-17HL;;;carreau;>=6;;;;0;;;;0;1K 1C X 1P;;;;;;2K;2371
1557;REDEMO;;;13-17HL;;;carreau;>=6;;;;0;;;;0;1K 1M X 2T;;;;;;2K;2372
1558;REDEMO;;;13-17HL;;;coeur;>=6;;;;0;;;;0;1C 1P X 2m;;;;;;2C;2373
1559;REDEMO;;;13-17HL;;;coeur;>=6;;;;0;;;;0;1C 2T X 2K;;;;;;2C;2374
1560;REDEMO;;;13-17HL;;;pique;>=6;;;;0;;;;0;1P 2T X 2K;;;;;;2P;2375
1561;REDEMO;;;13-17HL;;;pique;>=6;;;;0;;;;0;1P 2m X 2C;;;;;;2P;2376
1562;REDEMO;;;>=17HL;;;trèfle;>=6;;;;0;;;;0;1T 1K X 2K;;;;;;3T;2377
1563;REDEMO;;;>=17HL;;;trèfle;>=6;;;;0;;;;0;1T 1M X 2M;;;;;;3T;2378
1564;REDEMO;;;>=17HL;;;trèfle;>=6;;;;0;;;;0;1T 1K X 2M;;;;;;3T;2379
1565;REDEMO;;;>=17HL;;;trèfle;>=6;;;;0;;;;0;1T 1M X 2K;;;;;;3T;2380
1566;REDEMO;;;>=17HL;;;carreau;>=6;;;;0;;;;0;1K 1M X 2M;;;;;;3K;2381
1567;REDEMO;;;>=17HL;;;carreau;>=6;;;;0;;;;0;1K 2T X 2M;;;;;;3K;2382
1568;REDEMO;;;>=17HL;;;carreau;>=6;;;;0;;;;0;1K 2T X 3T;;;;;;3K;2383
1569;REDEMO;;;>=17HL;;;coeur;>=6;;;;0;;;;0;1C 1P X 2P;;;;;;3C;2384
1570;REDEMO;;;>=17HL;;;coeur;>=6;;;;0;;;;0;1C 1P X 2m;;;;;;3C;2385
1571;REDEMO;;;>=17HL;;;coeur;>=6;;;;0;;;;0;1C 2m X 3m;;;;;;3C;2386
1572;REDEMO;;;>=17HL;;;coeur;>=6;;;;0;;;;0;1C 2T X 3K;;;;;;3C;2387
1573;REDEMO;;;>=17HL;;;coeur;>=6;;;;0;;;;0;1C 2K X 3T;;;;;;3C;2388
1574;REDEMO;;;>=17HL;;;pique;>=6;;;;0;;;;0;1P 2m X 3m;;;;;;3P;2389
1575;REDEMO;;;>=17HL;;;pique;>=6;;;;0;;;;0;1P 2C X 3C;;;;;;3P;2390
1576;REDEMO;;;>=17HL;;;pique;>=6;;;;0;;;;0;1P 2m X 2C;;;;;;3P;2391
1577;REDEMO;;;>=17HL;;;pique;>=6;;;;0;;;;0;1P 2C X 3m;;;;;;3P;2392
1578;REDEMO;;;;;;;;;;;0;;;;0;1T passe 1C 2K;;suit_length;C3;;;X;2421
1579;REDEMO;;;;;;;;;;;0;;;;0;1T passe 1P 2K;;suit_length;P3;;;X;2421
1580;REDEMO;;;;;;;;;;;0;;;;0;1K passe 1C 2T;;suit_length;C3;;;X;2422
1581;REDEMO;;;;;;;;;;;0;;;;0;1K passe 1P 2T;;suit_length;P3;;;X;2422
1582;REDEMO;;;;;;;;;;;0;;;;0;1m passe 1C X;;suit_length;C3;;;XX;2423
1583;REDEMO;;;;;;;;;;;0;;;;0;1m passe 1P X;;suit_length;P3;;;XX;2423
1584;REDEMO;;;>=18H;;;;;;;;0;;;;0;1T passe 1K 1M;;;;;;X;2424
1585;REDEMO;;;15-17H;;;;;;;;0;;;;0;1C passe 1SA 2P;takeout_double;suit_length;P<=1;;;X;2425
1586;REDEMO;;;15-17H;;;;;;;;0;;;;0;1P passe 1SA 2C;takeout_double;suit_length;C<=1;;;X;2426
1587;REDEMO;;;15-17H;;;;;;;;0;;;;0;1K passe 2T 2C;takeout_double;suit_length;C<=1;;;X;2427
1588;REDEMO;;;15-17H;;;;;;;;0;;;;0;1K passe 2T 2P;takeout_double;suit_length;P<=1;;;X;2428
1589;REDEMO;;;15-17H;;;;;;;;0;;;;0;1K passe 2T 2C;takeout_double;suit_length;C<=1;;;X;2429
1590;REDEMO;;;15-17H;;;;;;;;0;;;;0;1K passe 2T 2P;takeout_double;suit_length;P<=1;;;X;2430
1591;REDEMO;;FREE;<8H;;;;;;;;0;;;;0;2M passe 2SA passe;;;;long_suit;3CL1;;2431
1592;REDEMO;;FREE;>=8H;;;;;;;;0;;;;0;2M passe 2SA passe;has_strength;;;strength;3;;2432
1593;REDEMO;;FREE;>=8H;;;;;;;;0;;;;0;2C passe 2SA o;;suit_length;P<=1;;;4P;2433
1594;REDEMO;;FREE;>=8H;;;;;;;;0;;;;0;2M passe 2SA o;any_short_color;;;short_suit;4;;2434
1595;REDEMO;;FREE;>=8H;semi-régulier;;;;;;;0;;;;0;2M passe 2SA o;stop_opponents_suits;;;;;3SA;2435
1596;REDEMO;;FREE;<8H;;;;;;;;0;;;;0;2C 2P 2SA passe;;;;long_suit;3CL1;;2436
1597;REDEMO;;FREE;>=8H;;;;;;;;0;;;;0;2C 2P 2SA passe;has_strength;;;strength;3;;2437
1598;REDEMO;;FREE;>=8H;;;;;;;;0;;;;0;2C 2P 2SA o;;suit_length;P<=1;;;4P;2438
1599;REDEMO;;FREE;>=8H;;;;;;;;0;;;;0;2C 2P 2SA o;any_short_color;;;short_suit;4;;2439
1600;REDEMO;;FREE;>=8H;semi-régulier;;;;;;;0;;;;0;2C 2P 2SA o;stop_opponents_suits;;;;;3SA;2440
1601;REDEMO;;PASS;;;;;;;;;0;;;;0;3SA passe 4T passe;;cards_gap;TK1;;;4K;2441
1602;REDEMO;;PASS;;;;;;;;;0;;;;0;3SA passe 4T passe;;;;;;passe;none
1603;REDEMO;;PASS;;;;;;;;;0;;;;0;3SA passe 5T passe;;cards_gap;TK1;;;5K;2442
1604;REDEMO;;PASS;;;;;;;;;0;;;;0;3SA passe 5T passe;;;;;;passe;none
1605;REDEMO;;FREE;;;;;;;;;0;;;;0;3SA passe 4K passe;;suit_length;C<=1;;;4C;2443
1606;REDEMO;;FREE;;;;;;;;;0;;;;0;3SA passe 4K passe;;suit_length;P<=1;;;4P;2444
1607;REDEMO;;FREE;;;;;;;;;0;;;;0;3SA passe 4K passe;;no_short_suit;;;;4SA;2445
1608;REDEMO;;FREE;;;;;;;;;0;;;;0;3SA passe 4K passe;;suit_length;T<=1;;;5T;2446
1609;REDEMO;;FREE;;;;;;;;;0;;;;0;3SA passe 4K passe;;suit_length;K<=1;;;5T;2446
1610;DRURY;;PASS;<12H;;;;;;;;0;;;;0;1C passe 2T passe;;;;;;2C;243
1611;DRURY;;PASS;<12H;;;;;;;;0;;;;0;1P passe 2T passe;;;;;;2P;243
1612;DRURY;;DRURY;12-14HLD;;;;;;;;0;;;;0;1M passe 2T passe;;;;;;2K;244
1613;DRURY;;FREE;>=20HLD;;;;;;;;0;;;;0;1C passe 2T passe;;;;;;3C;245
1614;DRURY;;FREE;>=20HLD;;;;;;;;0;;;;0;1P passe 2T passe;;;;;;3P;245
1615;DRURY;;PASS;15-19HLD;;;;;;;;0;;;;0;1C passe 2T passe;;;;;;4C;246
1616;DRURY;;PASS;15-19HLD;;;;;;;;0;;;;0;1P passe 2T passe;;;;;;4P;246
1617;DRURY;;FREE;>=12H;bicolore;;;;coeur;>=4;;0;;;;0;1P passe 2T passe;;;;;;2C;247
1618;DRURY;;FREE;>=15H;bicolore;;;;mineure;>=4;;0;;;;0;1M passe 2T passe;;;;;;3m;248
1619;DRURY;;FREE;>=15H;bicolore;;;;pique;>=4;;0;;;;0;1C passe 2T passe;;;;;;2P;249
1620;DRURY;;FREE;;;;;;;;;0;;;;0;1C passe 2T passe 2K passe;;suit_length;C3;;;2C;250
1621;DRURY;;FREE;;;;;;;;;0;;;;0;1P passe 2T passe 2K passe;;suit_length;P3;;;2P;250
1622;DRURY;;FREE;;;;;;;;;0;;;;0;1C passe 2T passe 2K passe;;suit_length;C4;;;3C;251
1623;DRURY;;FREE;;;;;;;;;0;;;;0;1P passe 2T passe 2K passe;;suit_length;P4;;;3P;251
1624;SPOUTNIK;;FREE;12-14HLD;;;;;;;;0;;;;0;1m 1P X passe;;suit_length;C>=4;;;2C;370
1625;SPOUTNIK;;FREE;15-17HLD;;;;;;;;0;;;;0;1m 1P X passe;;suit_length;C>=4;;;3C;371
1626;SPOUTNIK;;FREE;18-19HLD;régulier;;;;;;;0;;;;0;1m 1P X passe;;suit_length;C>=4;;;4C;372
1627;SPOUTNIK;;FREE;18-19HLD;irrégulier;;;;;;;0;;;;0;1m 1P X passe;;suit_length;C>=4;first_control;;;373
1628;SPOUTNIK;;FREE;12-14H;semi-régulier;;;;;;;0;;;;0;1m 1P X passe;;;;;;1SA;374
1629;SPOUTNIK;;FREE;12-14H;;;;;;;;0;;;;0;1m 1P X passe;;suit_length;C1;;;1SA;374
1630;SPOUTNIK;;FREE;15-17H;semi-régulier;;;;;;;0;;;;0;1m 1P X passe;stop_opponents_suits;;;;;2SA;375
1631;SPOUTNIK;;FREE;15-17H;;;;;;;;0;;;;0;1m 1P X passe;stop_opponents_suits;suit_length;C1;;;2SA;375
1632;SPOUTNIK;;FREE;18-19H;semi-régulier;;;;;;;0;;;;0;1m 1P X passe;stop_opponents_suits;;;;;3SA;376
1633;SPOUTNIK;;FREE;18-19H;;;;;;;;0;;;;0;1m 1P X passe;stop_opponents_suits;suit_length;C1;;;3SA;376
1634;SPOUTNIK;;FREE;<=17HL;bicolore;;carreau;>=5;trèfle;>=4;;0;;;;0;1K 1P X passe;;;;;;2T;377
1635;SPOUTNIK;;FREE;>=16HL;bicolore;;trèfle;>=5;carreau;>=4;;0;;;;0;1T 1P X passe;;;;;;2K;378
1636;SPOUTNIK;;FREE;>=18HL;bicolore;;carreau;>=5;trèfle;>=4;;0;;;;0;1K 1P X passe;;;;;;3T;379
1637;SPOUTNIK;;FREE;>=18H;;;;;;;;0;;;;0;1m 1P X passe;;;;;;2P;380
1638;K2TX;;FREE;12-14H;;;;;;;;0;;;;0;1K 2T X passe;;suit_length;C4;;;2C;359
1639;K2TX;;FREE;12-14H;;;;;;;;0;;;;0;1K 2T X passe;;suit_length;P4;;;2P;360
1640;K2TX;;FREE;>=15H;irrégulier;;;;;;;0;;;;0;1K 2T X passe;;suit_length;C4;;;3C;361
1641;K2TX;;FREE;>=15H;irrégulier;;;;;;;0;;;;0;1K 2T X passe;;suit_length;P4;;;3P;362
1642;K2TX;;FREE;18-19H;4-4-3-2;;;4;;4;;0;;;;0;1K 2T X o;;;;;;4C;363
1643;K2TX;;FREE;>=15H;;;;4;;4;;0;;;;0;1K 2T X passe;;suit_length;T<=1;;;4T;364
1644;K2TX;;FREE;18-19H;régulier;;;;;;;0;;;;0;1K 2T X passe;;suit_length;C4;;;3T;365
1645;K2TX;;FREE;18-19H;régulier;;;;;;;0;;;;0;1K 2T X passe;;suit_length;P4;;;3T;365
1646;K2TX;;FREE;12-14H;régulier;;;;;;;0;;;;0;1K 2T X passe;stop_opponents_suits;;;;;2SA;366
1647;K2TX;;PASS;18-19H;régulier;;;;;;;0;;;;0;1K 2T X passe;stop_opponents_suits;;;;;3SA;367
1648;K2TX;;PASS;18-19H;;;carreau;>=7;;;;0;;;;0;1K 2T X passe;stop_opponents_suits;long_color_points_H;10;;;3SA;367
1649;K2TX;;FREE;12-14H;;;;;;;;0;;;;0;1K 2T X passe;;suit_length;K>=4;;;2K;368
1650;K2TX;;FREE;18-19H;;;;;;;;0;;;;0;1K 2T X passe;;;;;;3T;369
1651;STAYMAN;;STAYMAN;;;;;;;;;0;;;;0;1SA passe 2T passe;;majors_at_least_4;=0;;;2K;1601
1652;STAYMAN;;STAYMAN;;;;;;;;;0;;;;0;1SA passe 2T passe;;majors_at_least_4;1;best_major;2;;1602
1653;STAYMAN;;STAYMAN;;;;;;;;;0;;;;0;1SA passe 2T passe;;majors_at_least_4;2;;;2SA;1603
1654;STAYMAN;;STAYMAN;<=15H;;;mineure;>=5;;;;0;;;;0;2T passe 2K passe;any_short_color;;;long_suit;3CL1;;1604
1655;STAYMAN;;STAYMAN;>=16H;;;mineure;>=5;;;;0;;;;0;2T passe 2K passe;;;;long_suit;3CL1;;1604
1656;STAYMAN;;SEQSA;9HL;régulier;;;;;;;0;;;;0;2T passe 2K passe;;;;;;2SA;none
1657;STAYMAN;;PASS;10-15HL;régulier;;;;;;;0;;;;0;2T passe 2K passe;;;;;;3SA;none
1658;STAYMAN;;SEQSA;16-17HL;régulier;;;;;;;0;;;;0;2T passe 2K passe;;;;;;4SA;none
1659;STAYMAN;;PASS;18-19HL;régulier;;;;;;;0;;;;0;2T passe 2K passe;;;;;;6SA;none
1660;STAYMAN;;SEQSA;20-21HL;régulier;;;;;;;0;;;;0;2T passe 2K passe;;;;;;5SA;none
1661;STAYMAN;;PASS;22-25HL;régulier;;;;;;;0;;;;0;2T passe 2K passe;;;;;;7SA;none
1662;STAYMAN;;PASS;<=9HL;irrégulier;;Majeure;>=5;;;;0;;;;0;2T passe 2K passe;;;;long_suit;2CL1;;1605
1663;STAYMAN;;STAYMAN;>=10HL;;;pique;>=5;coeur;4;;0;;;;0;2T passe 2K passe;;;;;;3C;1606
1664;STAYMAN;;STAYMAN;>=10HL;;;coeur;>=5;pique;4;;0;;;;0;2T passe 2K passe;;;;;;3P;1607
1665;STAYMAN;;STAYMAN;9-10HLD;;;;;;;;0;;;>=4;0;2T passe 2M passe;;;;support;3;;1608
1666;STAYMAN;;PASS;11-15HLD;;;;;;;;0;;;>=4;0;2T passe 2M passe;;;;support;4;;1609
1667;STAYMAN;;FREE;>=16HLD;;;;;;;;0;;;;0;2T passe 2C passe;;suit_length;C>=4;;;3P;1610
1668;STAYMAN;;FREE;>=16HLD;;;;;;;;0;;;;0;2T passe 2P passe;;suit_length;P>=4;;;3C;1611
1669;STAYMAN;;STAYMAN;<=15H;;;mineure;>=5;;;;0;;;;0;2T passe 2M passe;any_short_color;;;long_suit;3CL1;;1612
1670;STAYMAN;;STAYMAN;>=16H;;;mineure;>=5;;;;0;;;;0;2T passe 2M passe;;;;long_suit;3CL1;;1612
1671;STAYMAN;;STAYMAN;9-10HLD;;;;;;;;0;;;;0;2T passe 2SA passe;;suit_length;C>=4;;;3T;1613
1672;STAYMAN;;STAYMAN;9-10HLD;;;;;;;;0;;;;0;2T passe 2SA passe;;suit_length;P>=4;;;3K;1614
1673;STAYMAN;;STAYMAN;11-15HLD;;;;;;;;0;;;;0;2T passe 2SA passe;;suit_length;C>=4;;;4T;1615
1674;STAYMAN;;STAYMAN;11-15HLD;;;;;;;;0;;;;0;2T passe 2SA passe;;suit_length;P>=4;;;4K;1616
1675;STAYMAN;;FREE;>=16HLD;;;;;;;;0;;;;0;2T passe 2SA passe;;suit_length;C>=4;;;3C;1617
1676;STAYMAN;;FREE;>=16HLD;;;;;;;;0;;;;0;2T passe 2SA passe;;suit_length;P>=4;;;3P;1618
1677;STAYMAN;;FREE;15-17HLD;;;;;;;;0;;;;0;2T passe 2M passe;;suit_length;T<=1;;;4T;1619
1678;STAYMAN;;FREE;15-17HLD;;;;;;;;0;;;;0;2T passe 2M passe;;suit_length;K<=1;;;4K;1619
1679;STAYMAN;;FREE;15-17HLD;;;;;;;;0;;;;0;2T passe 2P passe;;suit_length;C<=1;;;4C;1620
1680;STAYMAN;;PASS;<16HL;;;;;;;;0;;;;0;2T passe 2K passe 3C passe;;suit_length;P=3;;;3P;none
1681;STAYMAN;;PASS;>=16HL;;;;;;;;0;;;;0;2T passe 2K passe 3C passe;;suit_length;P=3;;;4P;none
1682;STAYMAN;;PASS;<16HL;;;;;;;;0;;;;0;2T passe 2K passe 3P passe;;suit_length;C=3;;;3C;none
1683;STAYMAN;;PASS;>=16HL;;;;;;;;0;;;;0;2T passe 2K passe 3P passe;;suit_length;C=3;;;4C;none
1684;STAYMAN;;PASS;<17HLD;;;;;;;;0;;;;0;2T passe 2M passe 3M passe;;;;;;passe;none
1685;STAYMAN;;PASS;>=17HLD;;;;;;;;0;;;;0;2T passe 2M passe 3M passe;;;;support;4;;none
1686;STAYMAN;;PASS;<16HL;;;;;;;;0;;;;0;2T passe 2SA passe 3T passe;;;;;;3C;none
1687;STAYMAN;;PASS;>=16HL;;;;;;;;0;;;;0;2T passe 2SA passe 3T passe;;;;;;4C;none
1688;STAYMAN;;PASS;<16HL;;;;;;;;0;;;;0;2T passe 2SA passe 3K passe;;;;;;3P;none
1689;STAYMAN;;PASS;>=16HL;;;;;;;;0;;;;0;2T passe 2SA passe 3K passe;;;;;;4P;none
1690;STAYMAN;;PASS;;;;;;;;;0;;;;0;2T passe 2SA passe 4T passe;;;;;;4C;none
1691;STAYMAN;;PASS;;;;;;;;;0;;;;0;2T passe 2SA passe 4K passe;;;;;;4P;none
1692;STAYMAN;;STAYMAN;;;;;;;;;0;;;;0;2T passe 2E passe 3T;;stop_suits;K;;;3SA;1621
1693;STAYMAN;;STAYMAN;;;;;;;;;0;;;;0;2T passe 2E passe 3K;;stop_suits;T;;;3SA;1622
1694;STAYMAN;;STAYMAN;;;;;;;;;0;;;;0;2T passe 2E passe 3m;;;;support;5;;1623
1695;STAYMAN;;PASS;>=18HL;;;;;;;;0;;;;0;3m passe 3SA passe;;;;;;6SA;none
1696;STAYMAN;;PASS;<18HL;;;;;;;;0;;;;0;3m passe 3SA passe;;;;;;passe;none
1697;STAYMAN;;PASS;>=18HLD;;;mineure;>=6;;;;0;;;;0;3m passe 5m passe;any_short_color;;;support;6;;none
1698;STAYMAN;;PASS;;;;;;;;;0;;;;0;3m passe 5m passe;;;;;;passe;none
1699;TEXAS;;TEXAS;;;;;;;;;0;;;;0;1SA passe 2K passe;;;;;;2C;1701
1700;TEXAS;;TEXAS;;;;;;;;;0;;;;0;1SA passe 2C;;;;;;2P;1702
1701;TEXAS;;TEXAS;16-17H;;;;;;;;0;;;;0;1SA passe 2K passe;;suit_length;C>=4;;;3C;1703
1702;TEXAS;;TEXAS;16-17H;;;;;;;;0;;;;0;1SA passe 2C passe;;suit_length;P>=4;;;3P;1704
1703;TEXAS;;TEXAS;;;;;;;;;0;;;;0;1SA passe 2P passe;;;;;;3T;1705
1704;TEXAS;;TEXAS;;;;;;;;;0;;;;0;1SA passe 3T passe;;;;;;3K;1706
1705;TEXAS;;PASS;<=8HL;;;;;;;;0;;;;0;2M passe;;;;;;passe;none
1706;TEXAS;;FREE;;;;coeur;>=6;;;;0;;;;0;2K passe 2C passe;;;;;;3C;1707
1707;TEXAS;;FREE;;;;pique;>=6;;;;0;;;;0;2C passe 2P passe;;;;;;3P;1707
1708;TEXAS;;FREE;15-17HLD;;;coeur;>=6;;;;0;;;;0;2K passe 2C passe;;suit_length;T<=1;;;4T;1708
1709;TEXAS;;FREE;15-17HLD;;;pique;>=6;;;;0;;;;0;2C passe 2P passe;;suit_length;T<=1;;;4T;1708
1710;TEXAS;;FREE;15-17HLD;;;coeur;>=6;;;;0;;;;0;2K passe 2C passe;;suit_length;K<=1;;;4K;1708
1711;TEXAS;;FREE;15-17HLD;;;pique;>=6;;;;0;;;;0;2C passe 2P passe;;suit_length;K<=1;;;4K;1708
1712;TEXAS;;FREE;15-17HLD;;;pique;>=6;;;;0;;;;0;2C passe 2P passe;;suit_length;C<=1;;;4C;1709
1713;TEXAS;;FREE;<=15H;;;;;mineure;>=4;;0;;;;0;2K passe 2C passe;any_short_color;;;long_suit;3CL2;;1710
1714;TEXAS;;FREE;<=15H;;;;;mineure;>=4;;0;;;;0;2C passe 2P passe;any_short_color;;;long_suit;3CL2;;1710
1715;TEXAS;;FREE;>=16H;;;;;mineure;>=4;;0;;;;0;2K passe 2C passe;;;;long_suit;3CL2;;1710
1716;TEXAS;;FREE;>=16H;;;;;mineure;>=4;;0;;;;0;2C passe 2P passe;;;;long_suit;3CL2;;1710
1717;TEXAS;;FREE;<=15H;;;;;;;;0;;;;0;2P passe 3T passe;;suit_length;C<=1;;;3C;1711
1718;TEXAS;;FREE;<=15H;;;;;;;;0;;;;0;2P passe 3T passe;;suit_length;P<=1;;;3P;1712
1719;TEXAS;;FREE;<=15H;;;;;;;;0;;;;0;2P passe 3T passe;;suit_length;K<=1;;;3SA;1713
1720;TEXAS;;FREE;<=15H;;;;;;;;0;;;;0;3T passe 3K passe;;suit_length;C<=1;;;3C;1714
1721;TEXAS;;FREE;<=15H;;;;;;;;0;;;;0;3T passe 3K passe;;suit_length;P<=1;;;3P;1715
1722;TEXAS;;FREE;<=15H;;;;;;;;0;;;;0;3T passe 3K passe;;suit_length;T<=1;;;3SA;1716
1723;TEXAS;;SEQSA;>=16H;régulier;;;;;;;0;;;;0;2P passe 3T passe;;;;;;4SA;1717
1724;TEXAS;;SEQSA;>=16H;régulier;;;;;;;0;;;;0;3T passe 3K passe;;;;;;4SA;1718
1725;TEXAS;;FREE;>=16H;;;;;;;;0;;;;0;2P passe 3T passe;;suit_length;K<=1;;;4K;1719
1726;TEXAS;;FREE;>=16H;;;;;;;;0;;;;0;3T passe 3K passe;;suit_length;T<=1;;;4T;1720
1727;TEXAS;;FREE;>=16H;;;trèfle;>=6;;;;0;;;;0;2P passe 3T passe;;;;;;4T;1721
1728;TEXAS;;FREE;>=16H;;;carreau;>=6;;;;0;;;;0;3T passe 3K passe;;;;;;4K;1722
1729;TEXAS;;FREE;>=16H;bicolore 5/5;carreau,trèfle;;;;;;0;;;;0;2P passe 3T passe;;;;;;3K;1723
1730;TEXAS;;SEQSA;9HL;;;;;;;;0;;;;0;2K passe 2C passe;;;;;;2SA;none
1731;TEXAS;;PASS;10-15HL;;;;;;;;0;;;;0;2K passe 2C passe;;;;;;3SA;none
1732;TEXAS;;SEQSA;16-17HL;;;;;;;;0;;;;0;2K passe 2C passe;;;;;;4SA;none
1733;TEXAS;;PASS;18-19HL;;;;;;;;0;;;;0;2K passe 2C passe;;;;;;6SA;none
1734;TEXAS;;SEQSA;20-21HL;;;;;;;;0;;;;0;2K passe 2C passe;;;;;;5SA;none
1735;TEXAS;;PASS;22-25HL;;;;;;;;0;;;;0;2K passe 2C passe;;;;;;7SA;none
1736;TEXAS;;SEQSA;9HL;;;;;;;;0;;;;0;2C passe 2P passe;;;;;;2SA;none
1737;TEXAS;;PASS;10-15HL;;;;;;;;0;;;;0;2C passe 2P passe;;;;;;3SA;none
1738;TEXAS;;SEQSA;16-17HL;;;;;;;;0;;;;0;2C passe 2P passe;;;;;;4SA;none
1739;TEXAS;;PASS;18-19HL;;;;;;;;0;;;;0;2C passe 2P passe;;;;;;6SA;none
1740;TEXAS;;SEQSA;20-21HL;;;;;;;;0;;;;0;2C passe 2P passe;;;;;;5SA;none
1741;TEXAS;;PASS;22-25HL;;;;;;;;0;;;;0;2C passe 2P passe;;;;;;7SA;none
1742;SEQSA;;PASS;>=16H;;;;;;;;0;;;;0;1SA passe 2SA passe;;;;;;3SA;none
1743;SEQSA;;PASS;>=16H;;;;;;;;0;;;;0;1SA passe 4SA passe;;;;;;6SA;none
1744;SEQSA;;PASS;>=16H;;;;;;;;0;;;;0;1SA passe 5SA passe;;;;;;7SA;none
1745;RUBEN4;;PASS;;;;trèfle;>=6;;;;0;;;;0;1SA passe 2T X;;;;;;XX;1774
1746;RUBEN4;;FREE;;;;carreau;>=5;;;;0;;;;0;1SA passe 2T X;;;;;;2K;1775
1747;RUBEN4;;RUBEN4;;;;;;;;;0;;;;0;1SA passe 2T X;;suit_length;P>=4;;;2C;1776
1748;RUBEN4;;RUBEN4;;;;;;;;;0;;;;0;1SA passe 2T X;;suit_length;C>=4;;;2P;1777
1749;RUBEN4;;RUBEN4;;;;;;;;;0;;;;0;1SA passe 2T X;;stop_suit;T2;;;2SA;1778
1750;RUBEN4;;RUBEN4;;;;;;;;;0;;;;0;1SA passe 2T X;;majors_at_least_4;2;;;3T;1779
1751;RUBEN4;;PASS;;;;;;;;;0;;;;0;1SA passe 2T X;;;;;;passe;none
1752;RUBEN4;;RUBEN4;;;;;;;;;0;;;;0;1SA passe 2K X;;suit_length;C>=3;;;XX;1780
1753;RUBEN4;;RUBEN4;;;;;;;;;0;;;;0;1SA passe 2C X;;suit_length;P>=3;;;XX;1781
1754;RUBEN4;;RUBEN4;;;;;;;;;0;;;;0;1SA passe 2P X;;suit_length;T>=3;;;XX;1782
1755;RUBEN4;;RUBEN4;;;;;;;;;0;;;;0;1SA passe 3T X;;suit_length;K>=3;;;XX;1783
1756;RUBEN4;;FREE;;;;;;;;;0;;;;0;1SA passe 2K X;;suit_length;C>=3;;;2C;1784
1757;RUBEN4;;FREE;;;;;;;;;0;;;;0;1SA passe 2C X;;suit_length;P>=3;;;2P;1785
1758;RUBEN4;;FREE;;;;;;;;;0;;;;0;1SA passe 2P X;;suit_length;T>=3;;;3T;1786
1759;RUBEN4;;FREE;;;;;;;;;0;;;;0;1SA passe 3T X;;suit_length;K>=3;;;3K;1787
1760;RUBEN4;;PASS;;;;;;;;;0;;;;0;1SA passe 2E X;;;;;;passe;none
1761;RUBEN4;;PASS;;;;;;;;;0;;;;0;1SA passe 3T X;;;;;;passe;none
1762;RUBEN4;;PASS;;;;;;;;;0;;;;0;1SA passe 2T 2K;;suit_length;K>=4;;;X;1788
1763;RUBEN4;;PASS;;;;;;;;;0;;;;0;1SA passe 2m 2C;;suit_length;C>=4;;;X;1789
1764;RUBEN4;;PASS;;;;;;;;;0;;;;0;1SA passe 2C 2P;;suit_length;P>=4;;;X;1790
1765;RUBEN4;;PASS;;;;;;;;;0;;;;0;1SA passe 2E 3T;;suit_length;T>=4;;;X;1791
1766;RUBEN4;;PASS;;;;;;;;;0;;;;0;1SA passe 2E 3K;;suit_length;K>=4;;;X;1792
1767;RUBEN4;;PASS;;;;;;;;;0;;;;0;1SA passe 2E 3C;;suit_length;C>=4;;;X;1793
1768;RUBEN4;;PASS;;;;;;;;;0;;;;0;1SA passe 2E 3P;;suit_length;P>=4;;;X;1794
1769;RUBEN4;;PASS;;;;;;;;;0;;;;0;1SA passe 3T 3K;;suit_length;K>=4;;;X;1795
1770;RUBEN4;;PASS;;;;;;;;;0;;;;0;1SA passe 3T 3C;;suit_length;C>=4;;;X;1796
1771;RUBEN4;;PASS;;;;;;;;;0;;;;0;1SA passe 3T 3P;;suit_length;P>=4;;;X;1797
1772;RUBEN4;;PASS;<12HLD;;;;;;;;0;;;;0;1SA passe 2T X 2C passe;;;;;;2P;1798
1773;RUBEN4;;PASS;>=12HLD;;;;;;;;0;;;;0;1SA passe 2T X 2C passe;;;;;;4P;1799
1774;RUBEN4;;PASS;<12HLD;;;;;;;;0;;;;0;1SA passe 2T X 2P passe;;;;;;3C;1800
1775;RUBEN4;;PASS;>=12HLD;;;;;;;;0;;;;0;1SA passe 2T X 2P passe;;;;;;4C;1801
1776;RUBEN4;;PASS;>=10H;semi-régulier;;;;;;;0;;;;0;1SA passe 2T X 2SA passe;;;;;;3SA;1802
1777;RUBEN4;;PASS;;;;;;;;;0;;;;0;1SA passe 2T X 2SA passe;;;;;;passe;none
1778;RUBEN4;;PASS;<12HLD;;;;;;;;0;;;;0;1SA passe 2T X 3T passe;;;;best_major;3;;1803
1779;RUBEN4;;PASS;>=12HLD;;;;;;;;0;;;;0;1SA passe 2T X 3T passe;;;;best_major;4;;1804
1780;RUBEN4;;PASS;<12HLD;;;;;;;;0;;;;0;1SA passe 2K X XX passe;;;;;;2C;1805
1781;RUBEN4;;PASS;>=12HLD;;;;;;;;0;;;;0;1SA passe 2K X XX passe;;;;;;4C;1806
1782;RUBEN4;;PASS;<12HLD;;;;;;;;0;;;;0;1SA passe 2C X XX passe;;;;;;2P;1807
1783;RUBEN4;;PASS;>=12HLD;;;;;;;;0;;;;0;1SA passe 2C X XX passe;;;;;;4P;1808
1784;RUBEN4;;PASS;<14HLD;;;;;;;;0;;;;0;1SA passe 2P X XX passe;;;;;;3T;1809
1785;RUBEN4;;PASS;>=14HLD;;;;;;;;0;;;;0;1SA passe 2P X XX passe;;;;;;5T;1810
1786;RUBEN4;;PASS;<14HLD;;;;;;;;0;;;;0;1SA passe 3T X XX passe;;;;;;3K;1811
1787;RUBEN4;;PASS;>=14HLD;;;;;;;;0;;;;0;1SA passe 3T X XX passe;;;;;;5K;1812
1788;R2REP;;;;;;;;;;>=2;0;;;;0;1C passe 2SA passe 3T passe;;suit_length;T<=1;;;3C;2701
1789;R2REP;;;;;;;;;;>=2;0;;;;0;1P passe 2SA passe 3T passe;;suit_length;T<=1;;;3P;2701
1790;R2REP;;;;;;;;;;>=2;0;;;;0;1M passe 2SA passe 3T passe;;suit_length;K<=1;;;3K;2702
1791;R2REP;;;;;;;;;;>=2;0;;;;0;1P passe 2SA passe 3T passe;;suit_length;C<=1;;;3C;2703
1792;R2REP;;;;;;;;;;>=2;0;;;;0;1C passe 2SA passe 3T passe;;suit_length;P<=1;;;3P;2704
1793;R2REP;;;>=8HL;;;;;;;;0;;;;0;1T passe 1M passe 2M passe;;suit_length;T>=4;;;3T;2705
1794;R2REP;;;>=8HL;;;;;;;;0;;;;0;1K passe 1M passe 2M passe;;suit_length;K>=4;;;3K;2705
1795;R2REP;;;>=8HL;irrégulier;;;;;;;0;;;;0;1T passe 1M passe 2M passe;;suit_length;K>=4;;;3K;2706
1796;R2REP;;;>=8HL;irrégulier;;;;;;;0;;;;0;1K passe 1M passe 2M passe;;suit_length;K>=4;;;3K;2706
1797;R2REP;;;>=8HL;irrégulier;;;;;;;0;;;;0;1T passe 1C passe 2C passe;;suit_length;P>=4;;;2P;2707
1798;R2REP;;;>=8HL;irrégulier;;;;;;;0;;;;0;1K passe 1C passe 2C passe;;suit_length;P>=4;;;2P;2707
1799;R2REP;;;>=12HLD;;;;;;;;0;;;;0;1m passe 1M passe 2M passe;;;;;;2SA;2708
1800;R2REP;;PASS;<8HLD;;;;;;;;0;;;;0;1m passe 1M passe 3M passe;;;;;;passe;2709
1801;R2REP;;PASS;8-15HLD;;;;;;;;0;;;;0;1m passe 1M passe 3M passe;;;;support;4;;2710
1802;R2REP;;;>=16HLD;;;;;;;;0;;;;0;1C o 1P o 2P o;;suit_length;C>=3;;;3C;2711
1803;R2REP;;;13-15HLD;;;;;;;;0;;;;0;1C o 1P o 2P o;;suit_length;C>=3;;;4C;2712
1804;R2REP;;;>=16HLD;;;;;;;;0;;;;0;1m passe 1C passe 3C passe;;;;;;3P;2713
1805;R2REP;;;>=16HLD;;;;;;;;0;;;;0;1m passe 1M passe 3M passe;;;;first_control;;;2714
1806;R2REP;;;>=17HLD;irrégulier;;;;;;;0;;;>=4;0;1T passe 1K o 2K o;;;;;;4K;2715
1807;R2REP;;;11H;semi-régulier;;;;;;;0;;;;0;1T passe 1K o 2K o;stop_opponents_suits;;;;;2SA;2716
1808;R2REP;;;>=12H;semi-régulier;;;;;;;0;;;;0;1T passe 1K o 2K o;stop_opponents_suits;;;;;3SA;2717
1809;R2REP;;;>=11H;semi-régulier;;;;;;;0;;;;0;1T passe 1K o 2K o;;stop_suits;C;;;2C;2718
1810;R2REP;;;>=11H;semi-régulier;;;;;;;0;;;;0;1T passe 1K o 2K o;;stop_suits;P;;;2P;2718
1811;R2REP;;;>=12H;semi-régulier;;;;;;;0;;;;0;1T passe 1K o 2K 2M;;stop_suits;C;;;3C;2719
1812;R2REP;;;>=12H;semi-régulier;;;;;;;0;;;;0;1T passe 1K o 2K 2P;;stop_suits;P;;;3P;2719
1813;R2REP;;;12-16HLD;;;;;;;;0;;;;0;1T passe 1K o 2K o;;;;;;3K;2720
1814;R2REP;;;>=17HLD;irrégulier;;;;;;;0;;;>=4;0;1T passe 1K o 3K o;;;;;;4K;2721
1815;R2REP;;;>=10H;semi-régulier;;;;;;;0;;;;0;1T passe 1K o 3K o;stop_opponents_suits;;;;;3SA;2722
1816;R2REP;;;>=10H;semi-régulier;;;;;;;0;;;;0;1T passe 1K o 3K o;;stop_suits;C;;;3C;2723
1817;R2REP;;;>=10H;semi-régulier;;;;;;;0;;;;0;1T passe 1K o 3K o;;stop_suits;P;;;3P;2723
1818;R2REP;;;>=12H;semi-régulier;;;;;;;0;;;;0;1M o 2m o 3m o;stop_opponents_suits;;;;;3SA;2724
1819;R2REP;;;>=12H;semi-régulier;;;;;;;0;;;;0;1M o 2T o 3T o;;stop_suits;K;;;3K;2725
1820;R2REP;;;>=12H;semi-régulier;;;;;;;0;;;;0;1C o 2m o 3m o;;stop_suits;P;;;3P;2725
1821;R2REP;;;>=12H;semi-régulier;;;;;;;0;;;;0;1P o 2m o 3m o;;stop_suits;C;;;3C;2725
1822;R2REP;;;>=17HLD;irrégulier;;;;;;;0;;;>=4;0;1M o 2T o 3T o;;;;;;4T;2726
1823;R2REP;;;>=17HLD;irrégulier;;;;;;;0;;;>=4;0;1M o 2K o 3K o;;;;;;4K;2726
1824;R2REP;;;13-14HLD;;;;;;;;0;;;;0;1C passe 2m passe 3m passe;;suit_length;C>=3;;;4C;2727
1825;R2REP;;;13-14HLD;;;;;;;;0;;;;0;1P passe 2m passe 3m passe;;suit_length;P>=3;;;4P;2727
1826;R2REP;;;>=15HLD;irrégulier;;;;;;;0;;;;0;1C passe 2m passe 3m passe;;suit_length;C>=3;;;3C;2728
1827;R2REP;;;>=15HLD;irrégulier;;;;;;;0;;;;0;1P passe 2m passe 3m passe;;suit_length;P>=3;;;3P;2728
1828;R2REP;;;<=10H;bicolore 5/5;;coeur;>=5;carreau;>=5;;0;;;;0;1T o 1C o 1SA passe;;;;;;2K;2729
1829;R2REP;;;<=10H;bicolore 5/5;;pique;>=5;carreau;>=5;;0;;;;0;1T o 1P o 1SA passe;;;;;;2K;2729
1830;R2REP;;;<=10H;;;carreau;>=4;coeur;4;;0;;;;0;1K passe 1C o 1SA passe;;;;;;2K;2729
1831;R2REP;;;<=10H;;;carreau;>=4;pique;4;;0;;;;0;1K o 1P o 1SA passe;;;;;;2K;2729
1832;R2REP;;;<=10H;;;carreau;>=5;pique;4;;0;;;;0;1C passe 1P passe 1SA passe;;;;;;2K;2729
1833;R2REP;;;<=10H;bicolore;;coeur;>=5;pique;>=4;;0;;;;0;1m o 1P passe 1SA passe;;;;;;2C;2730
1834;R2REP;;;<=10H;;;coeur;>=5;;;;0;;;;0;1m o 1C o 1SA passe;;;;;;2C;2731
1835;R2REP;;;<=10H;;;pique;>=5;;;;0;;;;0;1E o 1P passe 1SA passe;;;;;;2P;2731
1836;R2REP;;;>=14HLD;bicolore;;trèfle;>=5;;;;0;;;;0;1T o 1M o 1SA passe;;;;;;3T;2732
1837;R2REP;;;>=14HLD;bicolore;;carreau;>=5;;;;0;;;;0;1K o 1M o 1SA passe;;;;;;3K;2732
1838;R2REP;;;>=17HLD;;;;;;;;0;;;;0;1C passe 1P passe 1SA passe;;suit_length;C>=3;;;3C;2733
1839;R2REP;;;12-15HLD;bicolore 5/5;;pique;>=5;coeur;>=5;;0;;;;0;1C passe 1P passe 1SA passe;;;;;;4C;2734
1840;R2REP;;;>=12H;bicolore 5/5;;;;;;;0;;;;0;1T o 1M o 1SA passe;;;;long_suit;3CL2;;2735
1841;R2REP;;;>=12H;bicolore 5/5;;;;;;;0;;;;0;1K o 1M o 1SA passe;;;;long_suit;3CL2;;2736
1842;R2REP;;;>=12H;bicolore 5/5;;;;;;;0;;;;0;1C passe 1P passe 1SA passe;;;;long_suit;3CL2;;2737
1843;R2REP;;;>=12H;;;;;;;;0;;;;0;1E o 1C o 1SA passe;;suit_length;C>=6;;;3C;2738
1844;R2REP;;;>=12H;;;;;;;;0;;;;0;1E o 1P passe 1SA passe;;suit_length;P>=6;;;3P;2738
1845;R2REP;;;12H-18HL;bicolore 5/5;;;>=5;coeur;>=5;;0;;;;0;1T o 1P passe 1SA passe;;;;;;4C;2739
1846;R2REP;;;12H-18HL;bicolore 5/5;;;>=5;coeur;>=5;;0;;;;0;1K o 1P passe 1SA passe;;;;;;4C;2740
1847;R2REP;;;11-12HL;;;;;;;;0;;;;0;1E o 1C o 1SA passe;;suit_length;C<5;;;2SA;2741
1848;R2REP;;;11-12HL;;;;;;;;0;;;;0;1E o 1P o 1SA passe;;suit_length;P<5;;;2SA;2741
1849;R2REP;;;13-18HL;;;;;;;;0;;;;0;1E o 1C o 1SA passe;;suit_length;C<5;;;3SA;2742
1850;R2REP;;;13-18HL;;;;;;;;0;;;;0;1E o 1P passe 1SA passe;;suit_length;P<5;;;3SA;2742
1851;R2REP;;;19-20HL;;;;;;;;0;;;;0;1E o 1M o 1SA passe;;;;;;4SA;2743
1852;R2REP;;PASS;>=21HL;;;;;;;;0;;;;0;1E o 1M o 1SA passe;;;;;;6SA;2744
1853;R2REP;;ROUDI;>=11HL;;;;;;;;0;;;;0;1E o 1C o 1SA passe;;suit_length;C>=5;;;2T;2745
1854;R2REP;;ROUDI;>=11HL;;;;;;;;0;;;;0;1E o 1P passe 1SA passe;;suit_length;P>=5;;;2T;2746
1855;R2REP;;RELMIN;;;;;;;;;0;;;;0;1T o 1M passe 2SA passe;;;;;;3K;2747
1856;R2REP;;RELMIN;;;;;;;;;0;;;;0;1K o 1M passe 2SA passe;;;;;;3T;2748
1857;R2REP;;;<14HL;;;mineure;>=4;;;;0;;;;0;1m o 1E passe 2SA passe;any_short_color;;;long_suit;3CL1;;2749
1858;R2REP;;;;;;mineure;>=4;;;;0;;;;0;1m o 1E passe 2SA passe;;;;long_suit;3CL1;;2749
1859;R2REP;;;<14HLD;;;Majeure;>=6;;;;0;;;;0;1E o 1M passe 2SA passe;;;;long_suit;4CL1;;2750
1860;R2REP;;;>=14HLD;;;Majeure;>=6;;;;0;;;;0;1E o 1M passe 2SA passe;;;;long_suit;3CL1;;2751
1861;R2REP;;;;bicolore 5/5;pique,coeur;;;;;;0;;;;0;1T passe 1K passe 2SA passe;;;;;;4C;2752
1862;R2REP;;;>=14HL;bicolore 5/5;pique,coeur;;;;;;0;;;;0;1T passe 1K passe 2SA passe;;;;;;3C;2753
1863;R2REP;;PASS;>=8H;régulier;;;;;;;0;;;;0;1E o 1SA o 2SA passe;;;;;;3SA;2754
1864;R2REP;;;;;;mineure;>=6;;;;0;;;;0;1E o 2m o 2SA passe;;;;long_suit;3CL1;;2755
1865;R2REP;;;;;;coeur;>=6;;;;0;;;;0;1P o 2C passe 2SA passe;;;;;;3C;2756
1866;R2REP;;;10-15HLD;;;;;;;;0;;;;0;1P passe 2E passe 2SA passe;;suit_length;P>=3;;;3P;2757
1867;R2REP;;;10-15HLD;;;;;;;;0;;;;0;1C passe 2m passe 2SA passe;;suit_length;C>=3;;;3C;2758
1868;R2REP;;;<6H;;;;;;;;0;;;;0;1m o 1E o 1M passe;;;;;;passe;2759
1869;R2REP;;;6-11H;;;trèfle;>=5;;;;0;;;;0;1T o 1E o 1M passe;;;;;;2T;2760
1870;R2REP;;;6-11H;;;carreau;>=4;;;;0;;;;0;1K passe 1C passe 1P passe;;;;;;2K;2760
1871;R2REP;;;>=12H;irrégulier;;trèfle;>=5;;;;0;;;;0;1T o 1E o 1C passe;;suit_length;C<5;;;3T;2761
1872;R2REP;;;>=12H;irrégulier;;trèfle;>=5;;;;0;;;;0;1T o 1E o 1P passe;;suit_length;P<5;;;3T;2761
1873;R2REP;;;>=12H;irrégulier;;carreau;>=4;;;;0;;;;0;1K passe 1C passe 1P passe;;suit_length;P<5;;;3K;2761
1874;R2REP;;;6-10HLD;;;;;;;;0;;;;0;1m o 1E o 1C passe;;suit_length;C>=4;;;2C;2762
1875;R2REP;;;6-10HLD;;;;;;;;0;;;;0;1m o 1E o 1P passe;;suit_length;P>=4;;;2P;2762
1876;R2REP;;;11-12HLD;;;;;;;;0;;;;0;1m o 1E o 1C passe;;suit_length;C>=4;;;3C;2763
1877;R2REP;;;11-12HLD;;;;;;;;0;;;;0;1m o 1E o 1P passe;;suit_length;P>=4;;;3P;2763
1878;R2REP;;;13-15HLD;;;;;;;;0;;;;0;1m o 1E o 1C passe;;suit_length;C>=4;;;4C;2764
1879;R2REP;;;13-15HLD;;;;;;;;0;;;;0;1m o 1E o 1P passe;;suit_length;P>=4;;;4P;2764
1880;R2REP;;;6-10HL;;;;>=6;;;;0;;;;0;1m o 1E o 1M passe;;;;long_suit;2CL1;;2765
1881;R2REP;;;11-12HL;;;;>=6;;;;0;;;;0;1m o 1E o 1M passe;;long_color_points_H;>=6;long_suit;3CL1;;2766
1882;R2REP;;;6-10HL;;;;;;;;0;;;;0;1m o 1E o 1M passe;;;;;;1SA;2767
1883;R2REP;;;11-12HL;;;;;;;;0;;;;0;1T passe 1K passe 1P passe;;stop_suits;C;;;2SA;2768
1884;R2REP;;;11-12HL;;;;;;;;0;;;;0;1T passe 1C passe 1P passe;;stop_suits;K;;;2SA;2768
1885;R2REP;;;11-12HL;;;;;;;;0;;;;0;1K passe 1C passe 1P passe;;stop_suits;T;;;2SA;2768
1886;R2REP;;;13-15HL;;;;;;;;0;;;;0;1T passe 1K passe 1P passe;;stop_suits;C;;;3SA;2769
1887;R2REP;;;13-15HL;;;;;;;;0;;;;0;1T passe 1C passe 1P passe;;stop_suits;K;;;3SA;2769
1888;R2REP;;;13-15HL;;;;;;;;0;;;;0;1K passe 1C passe 1P passe;;stop_suits;T;;;3SA;2769
1889;R2REP;;FORCING4;>=11H;;;;;;;;0;;;;0;1K passe 1C passe 1P passe;;;;;;2T;2770
1890;R2REP;;FORCING4;>=11H;;;;;;;;0;;;;0;1T passe 1C passe 1P passe;;;;;;2K;2771
1891;R2REP;;FORCING4;>=11H;;;;;;;;0;;;;0;1T passe 1K passe 1P passe;;;;;;2C;2772
1892;R2REP;;;>=8HL;;;;;;;;0;;;;0;1T passe 1K passe 1C passe;;suit_length;P4;;;1P;2773
1893;R2REP;;;>=11H;;;;;;;;0;;;;0;1T passe 1K passe 1C passe;;;;;;1P;2773
1894;R2REP;;FORCING4;>=13HL;bicolore 5/5;pique,carreau;;>=5;;>=5;;0;;;;0;1T passe 1K passe 1C passe;honors_in_bicolors;;;;;2P;2774
1895;R2REP;;FORCING4;>=13HL;bicolore 5/5;coeur,carreau;;>=5;;>=5;;0;;;;0;1T passe 1C passe 1P passe;honors_in_bicolors;;;;;3K;2775
1896;R2REP;;FORCING4;>=13HL;bicolore 5/5;coeur,carreau;;>=5;;>=5;;0;;;;0;1T passe 1K passe 1P passe;honors_in_bicolors;;;;;3C;2776
1897;R2REP;;;>=13HL;bicolore 5/5;pique,coeur;;>=5;;>=5;;0;;;;0;1K passe 1P passe 2T passe;honors_in_bicolors;;;;;3C;2777
1898;R2REP;;;>=13HL;bicolore 5/5;pique,coeur;;>=5;;>=5;;0;;;;0;1K passe 1C passe 2T passe;honors_in_bicolors;;;;;3P;2778
1899;R2REP;;;>=13HL;bicolore 5/5;pique,coeur;;>=5;;>=5;;0;;;;0;1T passe 1P passe 2K passe;honors_in_bicolors;;;;;3C;2779
1900;R2REP;;;>=13HL;bicolore 5/5;pique,coeur;;>=5;;>=5;;0;;;;0;1T passe 1C passe 2K passe;honors_in_bicolors;;;;;3P;2780
1901;R2REP;;;>=13HL;bicolore 5/5;pique,trèfle;;>=5;;>=5;;0;;;;0;1K passe 2T passe 2C passe;honors_in_bicolors;;;;;3P;2781
1902;R2REP;;PASS;6-10HL;;;;;;;;0;;;;0;1K o 1M o 2T o;;cards_gap;KT2;;;passe;2901
1903;R2REP;;PASS;6-10HL;;;;;;;;0;;;;0;1C passe 1P o 2T o;;cards_gap;CT2;;;passe;2902
1904;R2REP;;PASS;6-10HL;;;;;;;;0;;;;0;1C passe 1P o 2K o;;cards_gap;CK2;;;passe;2902
1905;R2REP;;;6-10HL;;;;;;;;0;;;;0;1K o 1M o 2T passe;;suit_length;K>=2;;;2K;2903
1906;R2REP;;;6-10HL;;;;;;;;0;;;;0;1C passe 1P o 2m o;;suit_length;C2;;;2C;2904
1907;R2REP;;;6-10HL;;;;>=6;;;;0;;;;0;1K passe 1C o 2T passe;;;;;;2C;2905
1908;R2REP;;;6-10HL;;;;>=6;;;;0;;;;0;1K o 1P o 2T passe;;;;;;2P;2905
1909;R2REP;;;6-10HL;;;;>=6;;;;0;;;;0;1C passe 1P o 2m o;;;;;;2P;2906
1910;R2REP;;;11-12HLD;;;;;;;;0;;;>=4;0;1K o 1M o 2T passe;;;;;;3T;2907
1911;R2REP;;;11-12HLD;;;;;;;;0;;;>=4;0;1C passe 1P o 2m o;;;;support;3;;2908
1912;R2REP;;;11HL-11H;;;;;;;;0;;;;0;1K passe 1C o 2T passe;;stop_suits;P;;;2SA;2909
1913;R2REP;;;11HL-11H;;;;;;;;0;;;;0;1K o 1P o 2T passe;;stop_suits;C;;;2SA;2909
1914;R2REP;;;11HL-11H;;;;;;;;0;;;;0;1C passe 1P o 2T o;;stop_suits;K;;;2SA;2910
1915;R2REP;;;11HL-11H;;;;;;;;0;;;;0;1C passe 1P o 2K o;;stop_suits;T;;;2SA;2910
1916;R2REP;;;11-12HL;;;;>=6;;;;0;;;;0;1K passe 1C o 2T passe;;long_color_points_H;>=5;;;3C;2911
1917;R2REP;;;11-12HL;;;;>=6;;;;0;;;;0;1K o 1P o 2T passe;;long_color_points_H;>=5;;;3P;2911
1918;R2REP;;;11-12HL;;;;>=6;;;;0;;;;0;1C passe 1P o 2m o;;long_color_points_H;>=5;;;3P;2912
1919;R2REP;;;>=13HLD;irrégulier;;;;;;;0;;;;0;1K o 1M o 2T passe;;suit_length;K>=3;;;3K;2913
1920;R2REP;;;13-15HLD;;;;;;;;0;;;;0;1C passe 1P o 2m o;;suit_length;C>=3;;;4C;2914
1921;R2REP;;;>=16HLD;;;;;;;;0;;;;0;1C passe 1P o 2m o;;suit_length;C>=3;;;3C;2915
1922;R2REP;;;12H-15HL;régulier;;;;;;;0;;;;0;1K passe 1C o 2T passe;;stop_suits;P;;;3SA;2916
1923;R2REP;;;12H-15HL;régulier;;;;;;;0;;;;0;1K o 1P o 2T passe;;stop_suits;C;;;3SA;2916
1924;R2REP;;;12H-15HL;régulier;;;;;;;0;;;;0;1C passe 1P o 2T o;;stop_suits;K;;;3SA;2917
1925;R2REP;;;12H-15HL;régulier;;;;;;;0;;;;0;1C passe 1P o 2K o;;stop_suits;T;;;3SA;2917
1926;R2REP;;FORCING4;>=12HL;;;;;;;;0;;;;0;1K passe 1C o 2T passe;;;;;;2P;2918
1927;R2REP;;FORCING4;>=12HL;;;;;;;;0;;;;0;1K o 1P o 2T passe;;;;;;2C;2919
1928;R2REP;;FORCING4;>=12HL;;;;;;;;0;;;;0;1C passe 1P o 2T o;;;;;;2K;2920
1929;R2REP;;FORCING4;>=12HL;;;;;;;;0;;;;0;1C passe 1P o 2K o;;;;;;3T;2921
1930;R2REP;;PASS;6-10HL;;;;;;;;0;;;;0;1K o 1SA passe 2T passe;;cards_gap;KT2;;;passe;2922
1931;R2REP;;PASS;6-10HL;;;;;;;;0;;;;0;1C o 1SA passe 2T o;;cards_gap;CT2;;;passe;2923
1932;R2REP;;PASS;6-10HL;;;;;;;;0;;;;0;1C o 1SA o 2K o;;cards_gap;CK2;;;passe;2923
1933;R2REP;;;6-10HL;;;;;;;;0;;;;0;1K o 1SA passe 2T passe;;suit_length;K>=2;;;2K;2924
1934;R2REP;;;6-10HL;;;;;;;;0;;;;0;1C o 1SA o 2m o;;suit_length;C2;;;2C;2925
1935;R2REP;;;;;;;>=5;;;;0;;;;0;1C o 1SA passe 2T passe;;;;;;2K;2926
1936;R2REP;;;;;;;>=6;;;;0;;;;0;1C o 1SA o 2K o;;;;;;3T;2927
1937;R2REP;;;<=10H;;;;;;;;0;;;>=5;0;1C o 1SA passe 2m o;;points_H;P>=4;;;2P;2928
1938;R2REP;;;<=10H;;;;;;;;0;;;>=5;0;1C o 1SA passe 2T o;;points_H;K>=4;;;3K;2929
1939;R2REP;;;<=10H;;;;;;;;0;;;>=5;0;1K o 1SA passe 2T o;;points_H;C>=4;;;2C;2930
1940;R2REP;;;<=10H;;;;;;;;0;;;>=5;0;1K o 1SA passe 2T o;;points_H;P>=4;;;2P;2931
1941;R2REP;;;>=13HLD;;;;;;;;0;;;>=4;0;1M passe 2T passe 2K o;;;;support;3;;2932
1942;R2REP;;;>=13HLD;;;;;;;;0;;;;0;1C o 2T passe 2K o;;;C>=3;;;3C;2933
1943;R2REP;;;>=13HLD;;;;;;;;0;;;;0;1P passe 2T passe 2K o;;suit_length;P>=3;;;3P;2933
1944;R2REP;;;>=13HLD;;;;;;;;0;;;>=4;0;1P o 2m o 2C o;;;;support;3;;2934
1945;R2REP;;;>=13HLD;;;;;;;;0;;;;0;1P o 2m o 2C o;;suit_length;P>=3;;;3P;2935
1946;R2REP;;;11-12HL;;;;;;;;0;;;;0;1M passe 2T passe 2K o;stop_unnamed_suits;;;;;2SA;2936
1947;R2REP;;;11-12HL;;;;;;;;0;;;;0;1P passe 2m o 2C o;stop_unnamed_suits;;;;;2SA;2937
1948;R2REP;;;12H-15HL;;;;;;;;0;;;;0;1M passe 2T passe 2K o;stop_unnamed_suits;;;;;3SA;2938
1949;R2REP;;;12H-15HL;;;;;;;;0;;;;0;1P passe 2m o 2C o;stop_unnamed_suits;;;;;3SA;2939
1950;R2REP;;;11-12HL;;;;>=6;;;;0;;;;0;1M passe 2T passe 2K o;;;;;;3T;2940
1951;R2REP;;;11-12HL;;;;>=6;;;;0;;;;0;1P passe 2T o 2C o;;;;;;3T;2941
1952;R2REP;;;11-12HL;;;;>=6;;;;0;;;;0;1P passe 2K o 2C o;;;;;;3K;2942
1953;R2REP;;FORCING4;>=11H;;;;;;;;0;;;;0;1C passe 2T passe 2K o;;;;;;2P;2943
1954;R2REP;;FORCING4;>=11H;;;;;;;;0;;;;0;1P passe 2T passe 2K o;;;;;;2C;2944
1955;R2REP;;FORCING4;>=13HL;bicolore 5/5;pique,trèfle;;>=5;;>=5;;0;;;;0;1C passe 2T passe 2K o;honors_in_bicolors;;;;;3P;2945
1956;R2REP;;FORCING4;>=13HL;bicolore 5/5;coeur,trèfle;;>=5;;>=5;;0;;;;0;1P passe 2T passe 2K o;honors_in_bicolors;;;;;3C;2946
1957;R2REP;;FORCING4;>=13HL;;;;;;;;0;;;;0;1P passe 2T o 2C o;;;;;;3K;2947
1958;R2REP;;FORCING4;>=13HL;;;;;;;;0;;;;0;1P passe 2K o 2C o;;;;;;3T;2948
1959;R2REP;;;11-12HL;;;;;;;;0;;;;0;1C passe 2T passe 2K o;;suit_length;C2;;;2C;2949
1960;R2REP;;;11-12HL;;;;;;;;0;;;;0;1P passe 2T passe 2K o;;suit_length;P2;;;2P;2949
1961;R2REP;;;11-12HL;;;;;;;;0;;;;0;1P passe 2m o 2C o;;suit_length;P2;;;2P;2950
1962;R2REP;;;11-13HLD;;;;;;;;0;;;;0;1T o 1M o 2K o;;suit_length;T>=4;;;3T;2981
1963;R2REP;;;11-13HLD;;;;;;;;0;;;;0;1T o 1P o 2C o;;suit_length;T>=4;;;3T;2982
1964;R2REP;;;11-13HLD;;;;;;;;0;;;;0;1K o 1P o 2C o;;suit_length;K>=4;;;3K;2983
1965;R2REP;;;11-13HLD;;;;;;;;0;;;;0;1T o 1SA o 2E o;;suit_length;T>=4;;;3T;2984
1966;R2REP;;;11-13HLD;;;;;;;;0;;;;0;1K o 1SA o 2M o;;suit_length;K>=4;;;3K;2985
1967;R2REP;;;11-13HLD;;;;;;;;0;;;;0;1C o 1SA o 2P o;;suit_length;C>=3;;;3C;2986
1968;R2REP;;;11-13HLD;;;;;;;;0;;;;0;1K o 2T o 2M o;;suit_length;K>=4;;;3K;2987
1969;R2REP;;;11-13HLD;;;;;;;;0;;;;0;1C o 2m o 2P o;;suit_length;C>=3;;;3C;2988
1970;R2REP;;;>=11HLD;;;;;;;;0;;;>=4;0;1T o 1M o 2K o;;;;;;3K;2989
1971;R2REP;;;>=11HLD;;;;;;;;0;;;>=4;0;1m o 1P o 2C o;;;;;;3C;2990
1972;R2REP;;;>=11HLD;;;;;;;;0;;;>=4;0;1T o 1SA o 2E o;;;;support;3;;2991
1973;R2REP;;;>=11HLD;;;;;;;;0;;;>=4;0;1K o 1SA o 2M o;;;;support;3;;2992
1974;R2REP;;;>=11HLD;;;;;;;;0;;;>=4;0;1C o 1SA o 2P o;;;;;;3P;2993
1975;R2REP;;;>=11HLD;;;;;;;;0;;;>=4;0;1K o 2T o 2M o;;;;support;3;;2994
1976;R2REP;;;>=11HLD;;;;;;;;0;;;>=4;0;1C o 2m o 2P o;;;;;;3P;2995
1977;R2REP;;;>=14HLD;;;;;;;;0;;;;0;1T o 1M o 2K o;;suit_length;T>=4;;;4T;2996
1978;R2REP;;;>=14HLD;;;;;;;;0;;;;0;1T o 1P o 2C o;;suit_length;T>=4;;;4T;2997
1979;R2REP;;;>=14HLD;;;;;;;;0;;;;0;1K o 1P o 2C o;;suit_length;K>=4;;;4K;2998
1980;R2REP;;;>=14HLD;;;;;;;;0;;;;0;1T o 1SA o 2E o;;suit_length;T>=4;;;4T;2999
1981;R2REP;;;>=14HLD;;;;;;;;0;;;;0;1K o 1SA o 2M o;;suit_length;K>=4;;;4K;3000
1982;R2REP;;PASS;8-10HLD;;;;;;;;0;;;;0;1C o 1SA o 2P o;;suit_length;C>=3;;;4C;3001
1983;R2REP;;;>=14HLD;;;;;;;;0;;;;0;1K o 2T o 2M o;;suit_length;K>=4;;;4K;3002
1984;R2REP;;PASS;8-10HLD;;;;;;;;0;;;;0;1C o 2m o 2P o;;suit_length;C>=3;;;4C;3003
1985;R2REP;;;>=14HLD;;;;;;;;0;;;>=4;0;1T o 1M o 2K o;;;;;;4K;3004
1986;R2REP;;PASS;8-10HLD;;;;;;;;0;;;>=4;0;1m o 1P o 2C o;;;;;;4C;3005
1987;R2REP;;;>=14HLD;;;;;;;;0;;;>=4;0;1T o 1SA o 2E o;;;;support;4;;3006
1988;R2REP;;PASS;8-10HLD;;;;;;;;0;;;>=4;0;1m o 1SA o 2M o;;;;support;4;;3007
1989;R2REP;;PASS;8-10HLD;;;;;;;;0;;;>=4;0;1C o 1SA o 2P o;;;;;;4P;3008
1990;R2REP;;PASS;8-10HLD;;;;;;;;0;;;>=4;0;1K o 2T o 2M o;;;;support;4;;3009
1991;R2REP;;PASS;8-10HLD;;;;;;;;0;;;>=4;0;1C o 2m o 2P o;;;;;;4P;3010
1992;R2REP;;;10-12H;;;;;;;;0;;;;0;1T o 1M o 2K o;stop_unnamed_suits;;;;;3SA;3011
1993;R2REP;;;10-12H;;;;;;;;0;;;;0;1m o 1P o 2C o;stop_unnamed_suits;;;;;3SA;3012
1994;R2REP;;;10-12H;;;;;;;;0;;;;0;1T o 1SA o 2E o;stop_unnamed_suits;;;;;3SA;3013
1995;R2REP;;;10-12H;;;;;;;;0;;;;0;1K o 1SA o 2M o;stop_unnamed_suits;;;;;3SA;3014
1996;R2REP;;;10-12H;;;;;;;;0;;;;0;1C o 1SA o 2P o;stop_unnamed_suits;;;;;3SA;3015
1997;R2REP;;;10-12H;;;;;;;;0;;;;0;1K o 2T o 2M o;stop_unnamed_suits;;;;;3SA;3016
1998;R2REP;;;10-12H;;;;;;;;0;;;;0;1C o 2m o 2P o;stop_unnamed_suits;;;;;3SA;3017
1999;R2REP;;;>=12HL;;;;>=6;;;;0;;;;0;1T o 1C o 2K o;;long_color_points_H;>=6;;;3C;3018
2000;R2REP;;;>=12HL;;;;>=6;;;;0;;;;0;1T o 1P o 2K o;;long_color_points_H;>=6;;;3P;3018
2001;R2REP;;;>=12HL;;;;>=6;;;;0;;;;0;1m o 1P o 2C o;;long_color_points_H;>=6;;;3P;3019
2002;R2REP;;;>=12HL;;;;>=6;;;;0;;;;0;1K o 2T o 2M o;;long_color_points_H;>=6;;;3T;3020
2003;R2REP;;;>=12HL;;;;>=6;;;;0;;;;0;1C o 2T o 2P o;;long_color_points_H;>=6;;;3T;3021
2004;R2REP;;;>=12HL;;;;>=6;;;;0;;;;0;1C o 2K o 2P o;;long_color_points_H;>=6;;;3K;3022
2005;R2REP;;;;;;;;;;;0;;;;0;1T o 1C o 2K o;;suit_length;C>=5;;;2C;3023
2006;R2REP;;;;;;;;;;;0;;;;0;1T o 1P o 2K o;;suit_length;P>=5;;;2P;3023
2007;R2REP;;;;;;;;;;;0;;;;0;1m o 1P o 2C o;;suit_length;P>=5;;;2P;3024
2008;R2REP;;FORCING4;>=8H;;;;;;;;0;;;;0;1T o 1C o 2K o;;suit_length;C<=4;;;2P;3025
2009;R2REP;;FORCING4;>=8H;;;;;;;;0;;;;0;1T o 1P o 2K o;;suit_length;P<=4;;;2C;3026
2010;R2REP;;FORCING4;>=8H;;;;;;;;0;;;;0;1T o 1P o 2C o;;suit_length;P<=4;;;3K;3027
2011;R2REP;;FORCING4;>=8H;;;;;;;;0;;;;0;1K o 1P o 2C o;;suit_length;P<=4;;;3T;3028
2012;R2REP;;FORCING4;>=8H;;;;;;;;0;;;;0;1K o 2T o 2C o;;;;;;2P;3029
2013;R2REP;;FORCING4;>=8H;;;;;;;;0;;;;0;1K o 2T o 2P o;;;;;;3C;3030
2014;R2REP;;FORCING4;>=8H;;;;;;;;0;;;;0;1C o 2T o 2P o;;;;;;3K;3031
2015;R2REP;;FORCING4;>=8H;;;;;;;;0;;;;0;1C o 2K o 2P o;;;;;;3T;3032
2016;R2REP;;SAMODER;;;;;;;;;0;;;;0;1T o 1M o 2K o;;;;;;2SA;3033
2017;R2REP;;SAMODER;;;;;;;;;0;;;;0;1m o 1P o 2C o;;;;;;2SA;3034
2018;R2REP;;SAMODER;;;;;;;;;0;;;;0;1K o 2T o 2M o;;;;;;2SA;3035
2019;R2REP;;SAMODER;;;;;;;;;0;;;;0;1C o 2m o 2P o;;;;;;2SA;3036
2020;R2REP;;;;;;;;;;;0;;;;0;1T o 1K passe 2M passe;;suit_length;T>=3;;;3T;3037
2021;R2REP;;;;;;;;;;;0;;;;0;1T o 1C passe 2P passe;;suit_length;T>=3;;;3T;3038
2022;R2REP;;;;;;;;;;;0;;;;0;1K o 1C passe 2P passe;;suit_length;K>=3;;;3K;3038
2023;R2REP;;;;;;;;;;;0;;;;0;1K o 1M passe 3T passe;;suit_length;K>=3;;;3K;3039
2024;R2REP;;;;;;;;;;;0;;;;0;1K o 1SA passe 3T passe;;suit_length;K>=3;;;3K;3040
2025;R2REP;;;;;;;;;;;0;;;;0;1C o 1P passe 3m passe;;suit_length;C>=3;;;3C;3041
2026;R2REP;;;;;;;;;;;0;;;;0;1C o 1SA passe 3m passe;;suit_length;C>=3;;;3C;3042
2027;R2REP;;;;;;;;;;;0;;;;0;1P o 1SA passe 3m passe;;suit_length;P>=3;;;3P;3043
2028;R2REP;;;;;;;;;;;0;;;;0;1C o 2T passe 3K passe;;suit_length;C>=3;;;3C;3044
2029;R2REP;;;;;;;;;;;0;;;;0;1P o 2T passe 3K passe;;suit_length;P>=3;;;3P;3044
2030;R2REP;;;;;;;;;;;0;;;;0;1P o 2m passe 3C passe;;suit_length;P>=3;;;3P;3045
2031;R2REP;;;;;;;;;;;0;;;;0;1T o 1K passe 2M passe;;suit_length;T>=4;;;4T;3046
2032;R2REP;;;;;;;;;;;0;;;;0;1T o 1C passe 2P passe;;suit_length;T>=4;;;4T;3047
2033;R2REP;;;;;;;;;;;0;;;;0;1K o 1C passe 2P passe;;suit_length;K>=4;;;4K;3047
2034;R2REP;;;;;;;;;;;0;;;;0;1K o 1M passe 3T passe;;suit_length;K>=4;;;4K;3048
2035;R2REP;;;;;;;;;;;0;;;;0;1K o 1SA passe 3T passe;;suit_length;K>=4;;;4K;3049
2036;R2REP;;;;;;;;;;;0;;;;0;1T o 1K passe 2C passe;;suit_length;C>=4;;;3C;3050
2037;R2REP;;;;;;;;;;;0;;;;0;1T o 1K passe 2P passe;;suit_length;P>=4;;;3P;3050
2038;R2REP;;;;;;;;;;;0;;;;0;1m o 1C passe 2P passe;;suit_length;P>=4;;;3P;3051
2039;R2REP;;;>=13HLD;;;;;;;;0;;;;0;1K o 1M passe 3T passe;;suit_length;T>=4;;;4T;3052
2040;R2REP;;;>=13HLD;;;;;;;;0;;;;0;1K o 1SA passe 3T passe;;suit_length;T>=4;;;4T;3053
2041;R2REP;;;>=13HLD;;;;;;;;0;;;;0;1C o 1P passe 3T passe;;suit_length;T>=4;;;4T;3054
2042;R2REP;;;>=13HLD;;;;;;;;0;;;;0;1C o 1P passe 3K passe;;suit_length;K>=4;;;4K;3054
2043;R2REP;;;>=13HLD;;;;;;;;0;;;;0;1C o 1SA passe 3T passe;;suit_length;T>=4;;;4T;3055
2044;R2REP;;;>=13HLD;;;;;;;;0;;;;0;1C o 1SA passe 3K passe;;suit_length;K>=4;;;4K;3055
2045;R2REP;;;>=13HLD;;;;;;;;0;;;;0;1P o 1SA passe 3T passe;;suit_length;T>=4;;;4T;3055
2046;R2REP;;;>=13HLD;;;;;;;;0;;;;0;1P o 1SA passe 3K passe;;suit_length;K>=4;;;4K;3055
2047;R2REP;;;>=13HLD;;;;;;;;0;;;;0;1M o 2T passe 3K passe;;suit_length;K>=4;;;4K;3056
2048;R2REP;;;;;;;;;;;0;;;;0;1P o 2m passe 3C passe;;suit_length;C>=4;;;4C;3057
2049;R2REP;;;;;;;;;;;0;;;;0;1T o 1K passe 2M passe;stop_unnamed_suits;;;;;2SA;3058
2050;R2REP;;;;;;;;;;;0;;;;0;1m o 1C passe 2P passe;stop_unnamed_suits;;;;;2SA;3059
2051;R2REP;;;10-11H;;;;;;;;0;;;;0;1T o 1K passe 2M passe;stop_unnamed_suits;;;;;3SA;3060
2052;R2REP;;;10-11H;;;;;;;;0;;;;0;1m o 1C passe 2P passe;stop_unnamed_suits;;;;;3SA;3061
2053;R2REP;;;10-11H;;;;;;;;0;;;;0;1K o 1M passe 3T passe;stop_unnamed_suits;;;;;3SA;3062
2054;R2REP;;;10-11H;;;;;;;;0;;;;0;1K o 1SA passe 3T passe;stop_unnamed_suits;;;;;3SA;3063
2055;R2REP;;;10-11H;;;;;;;;0;;;;0;1C o 1P passe 3m passe;stop_unnamed_suits;;;;;3SA;3064
2056;R2REP;;;10-11H;;;;;;;;0;;;;0;1M o 1SA passe 3m passe;stop_unnamed_suits;;;;;3SA;3065
2057;R2REP;;;10-11H;;;;;;;;0;;;;0;1M o 2T passe 3K passe;stop_unnamed_suits;;;;;3SA;3066
2058;R2REP;;;10-11H;;;;;;;;0;;;;0;1P o 2m passe 3C passe;stop_unnamed_suits;;;;;3SA;3067
2059;R2REP;;;;;;;>=5;;;;0;;;;0;1T o 1K passe 2M passe;;long_color_points_H;>=6;;;3K;3068
2060;R2REP;;;;;;;>=5;;;;0;;;;0;1m o 1C passe 2P passe;;long_color_points_H;>=6;;;3C;3069
2061;R2REP;;;;;;;>=5;;;;0;;;;0;1K o 1C passe 3T passe;;long_color_points_H;>=6;;;3C;3070
2062;R2REP;;;;;;;>=5;;;;0;;;;0;1K o 1P passe 3T passe;;long_color_points_H;>=6;;;3P;3070
2063;R2REP;;;;;;;>=5;;;;0;;;;0;1C o 1P passe 3m passe;;long_color_points_H;>=6;;;3P;3071
2064;R2REP;;;;;;;>=6;;;;0;;;;0;1M o 2T passe 3K passe;;long_color_points_H;>=6;;;4T;3072
2065;R2REP;;;;;;;>=6;;;;0;;;;0;1P o 2T passe 3C passe;;long_color_points_H;>=6;;;4T;3073
2066;R2REP;;;;;;;>=6;;;;0;;;;0;1P o 2K passe 3C passe;;long_color_points_H;>=6;;;4K;3073
2067;R2REP;;FORCING4;;;;;;;;;0;;;;0;1T o 1K passe 2C passe;;;;;;2P;3074
2068;R2REP;;FORCING4;;;;;;;;;0;;;;0;1T o 1K passe 2P passe;;;;;;3C;3075
2069;R2REP;;FORCING4;;;;;;;;;0;;;;0;1T o 1C passe 2P passe;;;;;;3K;3076
2070;R2REP;;FORCING4;;;;;;;;;0;;;;0;1K o 1C passe 2P passe;;;;;;3T;3077
2071;R2REP;;FORCING4;;;;;;;;;0;;;;0;1K o 1C passe 3T passe;;;;;;3P;3078
2072;R2REP;;FORCING4;;;;;;;;;0;;;;0;1K o 1P passe 3T passe;;;;;;3C;3079
2073;R2REP;;FORCING4;;;;;;;;;0;;;;0;1C o 1P passe 3T passe;;;;;;3K;3080
2074;R2REP;;FORCING4;;;;;;;;;0;;;;0;1C o 1P passe 3K passe;;;;;;4T;3081
2075;R2REP;;FORCING4;;;;;;;;;0;;;;0;1C o 2T passe 3K passe;;;;;;3P;3082
2076;R2REP;;FORCING4;;;;;;;;;0;;;;0;1P o 2T passe 3K passe;;;;;;3C;3083
2077;R2REP;;FORCING4;;;;;;;;;0;;;;0;1P o 2T passe 3C passe;;;;;;4K;3084
2078;R2REP;;FORCING4;;;;;;;;;0;;;;0;1P o 2K passe 3C passe;;;;;;4T;3085
2079;R2REP;;;>=16HLD;;;;;;;;0;;;>=3;0;1m o 1E o 2m o;;;;support;4;;3111
2080;R2REP;;;>=16HLD;;;;;;;;0;;;>=2;0;1m o 1SA o 2m o;;;;support;4;;3112
2081;R2REP;;;>=16HLD;;;;;;;;0;;;>=3;0;1K o 2T o 2K o;;;;;;4K;3113
2082;R2REP;;PASS;12-15HLD;;;;;;;;0;;;>=2;0;1C passe 1P passe 2C passe;;;;;;4C;3114
2083;R2REP;;PASS;12-15HLD;;;;;;;;0;;;>=2;0;1M o 1SA o 2M o;;;;support;4;;3115
2084;R2REP;;PASS;12-15HLD;;;;;;;;0;;;>=3;0;1M passe 2m passe 2M passe;;;;support;4;;3116
2085;R2REP;;PASS;12-15HLD;;;;;;;;0;;;>=3;0;1P o 2C o 2P o;;;;;;4P;3117
2086;R2REP;;;10-15HLD;;;;;;;;0;;;>=3;0;1m o 1E o 2m o;;;;support;3;;3118
2087;R2REP;;;10-15HLD;;;;;;;;0;;;>=2;0;1C passe 1P passe 2C passe;;;;;;3C;3119
2088;R2REP;;;10-15HLD;;;;;;;;0;;;>=2;0;1E o 1SA o 2E o;;;;support;3;;3120
2089;R2REP;;;>=14HLD;;;;;;;;0;;;>=3;0;1M passe 2m passe 2M passe;;;;support;3;;3121
2090;R2REP;;;>=14HLD;;;;;;;;0;;;>=3;0;1K o 2T o 2K o;;;;;;3K;3122
2091;R2REP;;;>=14HLD;;;;;;;;0;;;>=3;0;1P o 2C o 2P o;;;;;;3P;3123
2092;R2REP;;;11-12HL;;;;;;;;0;;;;0;1m o 1E o 2m o;stop_unnamed_suits;;;;;2SA;3124
2093;R2REP;;;11-12HL;;;;;;;;0;;;;0;1C o 1P o 2C o;stop_unnamed_suits;;;;;2SA;3125
2094;R2REP;;;11-12HL;;;;;;;;0;;;;0;1E o 1SA o 2E o;stop_unnamed_suits;;;;;2SA;3126
2095;R2REP;;;11-12HL;;;;;;;;0;;;;0;1M o 2m o 2M o;stop_unnamed_suits;;;;;2SA;3127
2096;R2REP;;;11-12HL;;;;;;;;0;;;;0;1K o 2T o 2K o;stop_unnamed_suits;;;;;2SA;3128
2097;R2REP;;;11-12HL;;;;;;;;0;;;;0;1P o 2C o 2P o;stop_unnamed_suits;;;;;2SA;3129
2098;R2REP;;;13-15HL;;;;;;;;0;;;;0;1T o 1K o 2T o;stop_unnamed_suits;;;;;3SA;3130
2099;R2REP;;;13-15HL;;;;;;;;0;;;;0;1K o 1C o 2m o;stop_unnamed_suits;suit_length;C<5;;;3SA;3131
2100;R2REP;;;13-15HL;;;;;;;;0;;;;0;1K o 1P o 2m o;stop_unnamed_suits;suit_length;P<5;;;3SA;3132
2101;R2REP;;;13-15HL;;;;;;;;0;;;;0;1C o 1P o 2C o;stop_unnamed_suits;suit_length;P<5;;;3SA;3133
2102;R2REP;;;13-15HL;;;;;;;;0;;;;0;1E o 1SA o 2E o;stop_unnamed_suits;;;;;3SA;3134
2103;R2REP;;;13-15HL;;;;;;;;0;;;;0;1M o 2m o 2M o;stop_unnamed_suits;;;;;3SA;3135
2104;R2REP;;;13-15HL;;;;;;;;0;;;;0;1K o 2T o 2K o;stop_unnamed_suits;;;;;3SA;3136
2105;R2REP;;;13-15HL;;;;;;;;0;;;;0;1P o 2C o 2P o;stop_unnamed_suits;suit_length;C<5;;;3SA;3137
2106;R2REP;;;6-10HL;;;;>=6;;;;0;;;;0;1m o 1E o 2m o;;;;long_suit;2CL1;;3138
2107;R2REP;;;6-10HL;;;;>=6;;;;0;;;;0;1C o 1P o 2C o;;;;;;2P;3139
2108;R2REP;;;11-12HL;;;;>=6;;;;0;;;;0;1m o 1E o 2m o;;long_color_points_H;>=5;long_suit;3CL1;;3140
2109;R2REP;;;11-12HL;;;;>=6;;;;0;;;;0;1C o 1P o 2C o;;long_color_points_H;>=5;;;3P;3141
2110;R2REP;;;11-12HL;;;;>=6;;;;0;;;;0;1K o 2T o 2K o;;long_color_points_H;>=5;long_suit;3CL1;;3142
2111;R2REP;;;11-12HL;;;;>=6;;;;0;;;;0;1M o 2m o 2M o;;long_color_points_H;>=5;long_suit;3CL1;;3143
2112;R2REP;;;11-12HL;;;;>=6;;;;0;;;;0;1P o 2C o 2P o;;long_color_points_H;>=5;;;3C;3144
2113;R2REP;;;>=10H;;;pique;>=5;coeur;>=4;;0;;;;0;1T o 1P o 2T o;;;;;;2C;3145
2114;R2REP;;FORCING3;>=10H;;;;;;;;0;;;;0;1T o 1M o 2T o;;;;;;2K;3146
2115;R2REP;;FORCING3;>=10H;;;;;;;;0;;;;0;1K o 1P o 2K o;;;;;;2C;3147
2116;R2REP;;;>=15HL;;;;;;;;0;;;;0;1T o 1K o 2T o;;points_H;C>=4;;;2C;3148
2117;R2REP;;;>=15HL;;;;;;;;0;;;;0;1T o 1K o 2T o;;points_H;P>=4;;;2P;3148
2118;R2REP;;;>=15HL;;;;;;;;0;;;;0;1K o 1C o 2K o;;;;;;3T;3149
2119;R2REP;;;>=15HL;;;;;;;;0;;;;0;1C o 1P o 2C o;;points_H;T>=4;;;3T;3150
2120;R2REP;;;>=15HL;;;;;;;;0;;;;0;1C o 1P o 2C o;;points_H;K>=4;;;3K;3150
2121;R2REP;;;;;;;;;;;0;;;;0;1C o 2m o 2C o;;points_H;P>=4;;;2P;3151
2122;R2REP;;;;;;;;;;;0;;;;0;1C o 2T o 2C o;;points_H;K>=4;;;3K;3152
2123;R2REP;;;;;;;;;;;0;;;;0;1C o 2K o 2C o;;points_H;T>=4;;;3T;3153
2124;R2REP;;;;;;;;;;;0;;;;0;1P o 2T o 2P o;;points_H;K>=4;;;3K;3154
2125;R2REP;;;;;;;;;;;0;;;;0;1P o 2K o 2P o;;points_H;T>=4;;;3T;3155
2126;R2REP;;;;;;;;;;;0;;;;0;1K o 2T o 2K o;;points_H;C>=4;;;2C;3156
2127;R2REP;;;;;;;;;;;0;;;;0;1K o 2T o 2K o;;points_H;P>=4;;;2P;3156
2128;R2REP;;;;;;;;;;;0;;;;0;1P o 2C o 2P o;;points_H;T>=4;;;3T;3157
2129;R2REP;;;;;;;;;;;0;;;;0;1P o 2C o 2P o;;points_H;K>=4;;;3K;3157
2130;R2REP;;;>=15HL;bicolore 5/5;pique,coeur;;;;;;0;;;;0;1m o 1P o 2m o;honors_in_bicolors;;;;;3C;3158
2131;R2REP;;;>=15HL;bicolore 5/5;pique,coeur;;;;;;0;;;;0;1m o 1C o 2m o;honors_in_bicolors;;;;;3P;3159
2132;R2REP;;;>=15HL;bicolore 5/5;coeur,carreau;;;;;;0;;;;0;1T o 1C o 2T o;honors_in_bicolors;;;;;3K;3160
2133;R2REP;;;>=15HL;bicolore 5/5;pique,carreau;;;;;;0;;;;0;1T o 1P o 2T o;honors_in_bicolors;;;;;3K;3161
2134;R2REP;;;>=15HL;bicolore 5/5;coeur,trèfle;;;;;;0;;;;0;1K o 2T o 2K o;honors_in_bicolors;;;;;3C;3162
2135;R2REP;;;>=15HL;bicolore 5/5;pique,trèfle;;;;;;0;;;;0;1K o 2T o 2K o;honors_in_bicolors;;;;;3P;3163
2136;R2REP;;;>=15HL;bicolore 5/5;pique,carreau;;;;;;0;;;;0;1T o 1K o 2T o;honors_in_bicolors;;;;;3C;3164
2137;R2REP;;;>=15HL;bicolore 5/5;pique,carreau;;;;;;0;;;;0;1T o 1K o 2T o;honors_in_bicolors;;;;;3P;3165
2138;R2REP;;;>=15HL;bicolore 5/5;coeur,trèfle;;;;;;0;;;;0;1K o 1C o 2K o;honors_in_bicolors;;;;;4T;3166
2139;R2REP;;;>=15HL;bicolore 5/5;pique,trèfle;;;;;;0;;;;0;1K o 1P o 2K o;honors_in_bicolors;;;;;4T;3167
2140;R2REP;;;16-19HLD;;;;;;;;0;;;;0;1C o 2m o 2C o;;suit_length;P<=1;;;3P;3168
2141;R2REP;;;16-19HLD;;;;;;;;0;;;;0;1C o 1P o 2C o;;suit_length;T<=1;;;4T;3169
2142;R2REP;;;16-19HLD;;;;;;;;0;;;;0;1C o 2K o 2C o;;suit_length;T<=1;;;4T;3170
2143;R2REP;;;16-19HLD;;;;;;;;0;;;;0;1C o 1P o 2C o;;suit_length;K<=1;;;4K;3171
2144;R2REP;;;16-19HLD;;;;;;;;0;;;;0;1C o 2T o 2C o;;suit_length;K<=1;;;4K;3172
2145;R2REP;;;16-19HLD;;;;;;;;0;;;;0;1P o 2K o 2P o;;suit_length;T<=1;;;4T;3173
2146;R2REP;;;16-19HLD;;;;;;;;0;;;;0;1P o 2C o 2P o;;suit_length;T<=1;;;4T;3174
2147;R2REP;;;16-19HLD;;;;;;;;0;;;;0;1P o 2T o 2P o;;suit_length;K<=1;;;4K;3175
2148;R2REP;;;16-19HLD;;;;;;;;0;;;;0;1P o 2C o 2P o;;suit_length;K<=1;;;4K;3176
2149;R2REP;;;16-19HLD;;;;;;;;0;;;;0;1P o 2m o 2P o;;suit_length;C<=1;;;4C;3177
2150;R2REP;;;>=16HL;;;;;;;;0;;;;0;1m o 1M o 3m o;;;;support;4;;3178
2151;R2REP;;;>=16HL;;;;;;;;0;;;;0;1K o 2T o 3K o;;;;support;4;;3179
2152;R2REP;;;>=16HL;;;;;;;;0;;;;0;1T o 1K o 3T o;;;;support;4;;3180
2153;R2REP;;;>=16HL;;;;;;;;0;;;;0;1K o 1C o 3K o;;;;support;4;;3181
2154;R2REP;;;>=10HL;;;;;;;;0;;;;0;1m o 1M o 3m o;stop_unnamed_suits;;;;;3SA;3182
2155;R2REP;;;>=10HL;;;;;;;;0;;;;0;1K o 2T o 3K o;stop_unnamed_suits;;;;;3SA;3183
2156;R2REP;;;>=10HL;;;;;;;;0;;;;0;1T o 1K o 3T o;stop_unnamed_suits;;;;;3SA;3184
2157;R2REP;;;>=10HL;;;;;;;;0;;;;0;1K o 1C o 3K o;stop_unnamed_suits;;;;;3SA;3185
2158;R2REP;;;>=12HL;;;;>=6;;;;0;;;;0;1m o 1C o 3m o;;long_color_points_H;>=5;;;3C;3186
2159;R2REP;;;>=12HL;;;;>=6;;;;0;;;;0;1m o 1P o 3m o;;long_color_points_H;>=5;;;3P;3187
2160;R2REP;;;>=12HL;;;;>=6;;;;0;;;;0;1K o 2T o 3K o;;long_color_points_H;>=5;;;4T;3188
2161;R2REP;;;>=12HL;;;;>=6;;;;0;;;;0;1T o 1K o 3T o;;long_color_points_H;>=5;;;3K;3189
2162;R2REP;;;>=12HL;;;;>=6;;;;0;;;;0;1K o 1C o 3K o;;long_color_points_H;>=5;;;3C;3190
2163;R2REP;;;>=10HL;;;;;;;;0;;;;0;1m o 1P o 3m o;;points_H;C>=4;;;3C;3191
2164;R2REP;;;>=10HL;;;;;;;;0;;;;0;1m o 1C o 3m o;;points_H;P>=4;;;3P;3192
2165;R2REP;;;>=10HL;;;;;;;;0;;;;0;1T o 1M o 3T o;;points_H;K>=4;;;3K;3193
2166;R2REP;;;>=10HL;;;;;;;;0;;;;0;1K o 2T o 3K o;;points_H;C>=4;;;3C;3194
2167;R2REP;;;>=10HL;;;;;;;;0;;;;0;1K o 2T o 3K o;;points_H;P>=4;;;3P;3195
2168;R2REP;;;>=10HL;;;;;;;;0;;;;0;1T o 1K o 3T o;;points_H;C>=4;;;3C;3196
2169;R2REP;;;>=10HL;;;;;;;;0;;;;0;1T o 1K o 3T o;;points_H;P>=4;;;3P;3197
2170;R2REP;;PASS;10-15HLD;;;;;;;;0;;;>=3;0;1M passe 2m passe 3M passe;;;;support;4;;3198
2171;R2REP;;PASS;10-15HLD;;;;;;;;0;;;>=3;0;1C passe 1P passe 3C passe;;;;;;4C;3199
2172;R2REP;;PASS;10-15HLD;;;;;;;;0;;;>=3;0;1P o 2C o 3P o;;;;;;4P;3200
2173;R2REP;;PASS;10-15HLD;;;;;;;;0;;;>=3;0;1P o 2T o 3P o;;;;;;4P;3201
2174;R2REP;;;>=10HL;;;;;;;;0;;;;0;1M o 2m o 3M o;stop_unnamed_suits;;;;;3SA;3202
2175;R2REP;;;>=10HL;;;;;;;;0;;;;0;1C o 1P o 3C o;stop_unnamed_suits;;;;;3SA;3203
2176;R2REP;;;>=10HL;;;;;;;;0;;;;0;1P o 2C o 3P o;stop_unnamed_suits;;;;;3SA;3204
2177;R2REP;;;>=10HL;;;;;;;;0;;;;0;1P o 2T o 3P o;stop_unnamed_suits;;;;;3SA;3205
2178;R2REP;;;>=12HL;;;;>=6;;;;0;;;;0;1M o 2T o 3M o;;long_color_points_H;>=5;;;4T;3206
2179;R2REP;;;>=12HL;;;;>=6;;;;0;;;;0;1M o 2K o 3M o;;long_color_points_H;>=5;;;4K;3207
2180;R2REP;;;>=12HL;;;;>=6;;;;0;;;;0;1C o 1P o 3C o;;long_color_points_H;>=5;;;3P;3208
2181;R2REP;;;>=12HL;;;;>=6;;;;0;;;;0;1P o 2C o 3P o;;long_color_points_H;>=5;;;4C;3209
2182;R2REP;;;>=12HL;;;;>=6;;;;0;;;;0;1P o 2T o 3P o;;long_color_points_H;>=5;;;4T;3210
2183;R2REP;;;>=16HL;;;;;;;;0;;;;0;1C passe 2m passe 3C passe;;points_H;P>=4;;;3P;3211
2184;R2REP;;;>=16HL;;;;;;;;0;;;;0;1C passe 1P passe 3C passe;;points_H;T>=4;;;4T;3212
2185;R2REP;;;>=16HL;;;;;;;;0;;;;0;1C passe 2K passe 3C passe;;points_H;T>=4;;;4T;3213
2186;R2REP;;;>=16HL;;;;;;;;0;;;;0;1C passe 1P passe 3C passe;;points_H;K>=4;;;4K;3214
2187;R2REP;;;>=16HL;;;;;;;;0;;;;0;1C passe 2T passe 3C passe;;points_H;K>=4;;;4K;3215
2188;R2REP;;;>=16HL;;;;;;;;0;;;;0;1P passe 2K passe 3P passe;;points_H;T>=4;;;4T;3216
2189;R2REP;;;>=16HL;;;;;;;;0;;;;0;1P passe 2C passe 3P passe;;points_H;T>=4;;;4T;3217
2190;R2REP;;;>=16HL;;;;;;;;0;;;;0;1P passe 2T passe 3P passe;;points_H;K>=4;;;4K;3218
2191;R2REP;;;>=16HL;;;;;;;;0;;;;0;1P passe 2C passe 3P passe;;points_H;K>=4;;;4K;3219
2192;R2REP;;;>=16HL;;;;;;;;0;;;;0;1P passe 2m passe 3P passe;;points_H;C>=4;;;4C;3220
2193;REDI_N2;;FREE;<12H;;;;;;;;0;;;;0;1T 1K passe 2T passe;;;;;;2K;3231
2194;REDI_N2;;FREE;<12H;;;Majeure;;;;;0;;;;0;1m 1M passe 2m passe;;;;long_suit;2CL1;;3232
2195;REDI_N2;;FREE;<12H;;;;;;;;0;;;;0;1C 1P passe 2C passe;;;;;;2P;3233
2196;REDI_N2;;FREE;<12H;;;;;;;;0;;;;0;1K 2T passe 2K passe;;;;;;3T;3234
2197;REDI_N2;;FREE;<12H;;;;;;;;0;;;;0;1M 2T passe 2M passe;;;;;;3T;3235
2198;REDI_N2;;FREE;<12H;;;;;;;;0;;;;0;1M 2K passe 2M passe;;;;;;3K;3236
2199;REDI_N2;;FREE;<12H;;;;;;;;0;;;;0;1P 2C passe 2P passe;;;;;;3C;3237
2200;REDI_N2;;FREE;12-14H;semi-régulier;;;;;;;0;;;;1;1T 1K passe 2T passe;;;;;;2SA;3238
2201;REDI_N2;;FREE;12-14H;semi-régulier;;;;;;;0;;;;1;1m 1M passe 2m passe;;;;;;2SA;3239
2202;REDI_N2;;FREE;12-14H;semi-régulier;;;;;;;0;;;;1;1C 1P passe 2C passe;;;;;;2SA;3240
2203;REDI_N2;;FREE;12-14H;semi-régulier;;;;;;;0;;;;1;1K 2T passe 2K passe;;;;;;2SA;3241
2204;REDI_N2;;FREE;12-14H;semi-régulier;;;;;;;0;;;;1;1M 2T passe 2M passe;;;;;;2SA;3242
2205;REDI_N2;;FREE;12-14H;semi-régulier;;;;;;;0;;;;1;1M 2K passe 2M passe;;;;;;2SA;3243
2206;REDI_N2;;FREE;12-14H;semi-régulier;;;;;;;0;;;;1;1P 2C passe 2P passe;;;;;;2SA;3244
2207;REDI_N2;;FREE;;;;coeur;>=5;carreau;>=4;;0;;;;0;1T 1C passe 2T passe;;;;;;2K;3245
2208;REDI_N2;;FREE;;;;pique;>=5;carreau;>=4;;0;;;;0;1T 1P passe 2T passe;;;;;;2K;3246
2209;REDI_N2;;FREE;;;;pique;>=5;coeur;>=4;;0;;;;0;1m 1P passe 2m passe;;;;;;2C;3247
2210;REDI_N2;;FREE;;;;trèfle;>=5;Majeure;>=4;;0;;;;0;1K 2T passe 2K passe;;;;long_suit;2CL2;;3248
2211;REDI_N2;;FREE;;;;trèfle;>=5;pique;>=4;;0;;;;0;1C 2T passe 2C passe;;;;long_suit;;2P;3249
2212;REDI_N2;;FREE;;;;carreau;>=5;trèfle;>=4;;0;;;;0;1M 2K passe 2M passe;;;;;;3T;3250
2213;REDI_N2;;FREE;;;;carreau;>=5;pique;>=4;;0;;;;0;1C 2K passe 2C passe;;;;;;2P;3251
2214;REDI_N2;;FREE;;;;coeur;>=5;mineure;>=4;;0;;;;0;1P 2C passe 2P passe;;;;long_suit;3CL2;;3252
2215;REDI_N2;;FREE;>=15H;;;carreau;>=5;Majeure;>=4;;0;;;;0;1T 1K passe 2T passe;;;;long_suit;2CL2;;3253
2216;REDI_N2;;FREE;>=15H;;;coeur;>=5;pique;>=4;;0;;;;0;1m 1C passe 2m passe;;;;;;2P;3254
2217;REDI_N2;;FREE;>=15H;;;coeur;>=5;trèfle;>=4;;0;;;;0;1K 1C passe 2K passe;;;;;;3T;3255
2218;REDI_N2;;FREE;>=15H;;;pique;>=5;trèfle;>=4;;0;;;;0;1K 1P passe 2K passe;;;;;;3T;3256
2219;REDI_N2;;FREE;>=15H;;;pique;>=5;mineure;>=4;;0;;;;0;1C 1P passe 2C passe;;;;long_suit;3CL2;;3257
2220;REDI_N2;;FREE;>=15H;;;trèfle;>=5;coeur;>=4;;0;;;;0;1P 2T passe 2P passe;;;;long_suit;;3C;3258
2221;REDI_N2;;FREE;>=15H;;;carreau;>=5;coeur;>=4;;0;;;;0;1P 2K passe 2P passe;;;;;;3C;3259
2222;REDI_N2;;FREE;12-14H;;;;>=6;;;;0;;;;0;1T 1K passe 2T passe;;;;;;3K;3260
2223;REDI_N2;;FREE;12-14H;;;Majeure;>=6;;;;0;;;;0;1m 1M passe 2m passe;;;;long_suit;3CL1;;3261
2224;REDI_N2;;FREE;12-14H;;;;>=6;;;;0;;;;0;1C 1P passe 2C passe;;;;;;3P;3262
2225;REDI_N2;;FREE;12-14H;;;;>=6;;;;0;;;;0;1K 2T passe 2K passe;;;;;;4T;3263
2226;REDI_N2;;FREE;12-14H;;;;>=6;;;;0;;;;0;1M 2T passe 2M passe;;;;;;4T;3264
2227;REDI_N2;;FREE;12-14H;;;;>=6;;;;0;;;;0;1M 2K passe 2M passe;;;;;;4K;3265
2228;REDI_N2;;FREE;12-14H;;;;>=6;;;;0;;;;0;1P 2C passe 2P passe;;;;;;4C;3266
2229;REDI_N2;;FREE;14-17H;régulier;;;;;;;0;;;;2;1T 1K passe 2T passe;;;;;;3SA;3267
2230;REDI_N2;;FREE;14-17H;régulier;;;;;;;0;;;;2;1m 1M passe 2m passe;;;;;;3SA;3268
2231;REDI_N2;;FREE;14-17H;régulier;;;;;;;0;;;;2;1C 1P passe 2C passe;;;;;;3SA;3269
2232;REDI_N2;;FREE;14-17H;régulier;;;;;;;0;;;;2;1K 2T passe 2K passe;;;;;;3SA;3270
2233;REDI_N2;;FREE;14-17H;régulier;;;;;;;0;;;;2;1M 2T passe 2M passe;;;;;;3SA;3271
2234;REDI_N2;;FREE;14-17H;régulier;;;;;;;0;;;;2;1M 2K passe 2M passe;;;;;;3SA;3272
2235;REDI_N2;;FREE;14-17H;régulier;;;;;;;0;;;;2;1P 2C passe 2P passe;;;;;;3SA;3273
2236;REDI_N2;;FREE;>=12H;;;;;;;;0;;;;0;1T 1K passe 2T passe;;;;;;3T;3274
2237;REDI_N2;;FREE;>=12H;;;;;;;;0;;;;0;1T 1M passe 2T passe;;;;;;3T;3275
2238;REDI_N2;;FREE;>=12H;;;;;;;;0;;;;0;1K 2T passe 2K passe;;;;;;3K;3276
2239;REDI_N2;;FREE;>=12H;;;;;;;;0;;;;0;1K 1M passe 2K passe;;;;;;3K;3277
2240;REDI_N2;;FREE;>=12H;;;;;;;;0;;;;0;1C 2m passe 2C passe;;;;;;3C;3278
2241;REDI_N2;;FREE;>=12H;;;;;;;;0;;;;0;1C 1P passe 2C passe;;;;;;3C;3279
2242;REDI_N2;;FREE;>=12H;;;;;;;;0;;;;0;1P 2m passe 2P passe;;;;;;3P;3280
2243;REDI_N2;;FREE;>=12H;;;;;;;;0;;;;0;1P 2C passe 2P passe;;;;;;3P;3281
2244;REDI_N2;;PASS;;;;;;;;;0;;;;0;1m 2SA passe 4C passe;;;;;;passe;none
2245;REDI_N2;;PASS;;;;;;;;;0;;;;0;1P 2P passe 4C passe;;;;;;passe;none
2246;REDI_N2;;PASS;;;;;;;;;0;;;;0;1C 3T passe 4P passe;;;;;;passe;none
2247;REDI_N2;;PASS;;;;;;;;;0;;;;0;1P 3T passe 4C passe;;;;;;passe;none
2248;REDI_N2;;PASS;;;;;;;;;0;;5;;0;1m 2K passe 3M passe;;;;support;4;;3282
2249;REDI_N2;;PASS;;;;;;;;;0;;5;;0;1C 2C passe 3P passe;;;;;;4P;3283
2250;REDI_N2;;PASS;;;;;;;;;0;;4;;0;1T 2SA passe 4K passe;;;;;;5K;3284
2251;REDI_N2;;PASS;;;;;;;;;0;;4;;0;1K 2SA passe 4T passe;;;;;;5T;3285
2252;REDI_N2;;PASS;;;;;;;;;0;;4;;0;1M 2SA passe 4m passe;;;;support;5;;3286
2253;REDI_N2;;PASS;;;;;;;;;0;;4;;0;1M 2M passe 4T passe;;;;;;5T;3287
2254;REDI_N2;;PASS;;;;;;;;;0;;4;;0;1M 3T passe 4K passe;;;;;;5K;3288
2255;REDI_N2;;FREE;>=16HL;;;;;;;;0;;;;0;1m 2K passe 2SA passe;;;;first_control;;;3289
2256;REDI_N2;;FREE;>=16HL;;;;;;;;0;;;;0;1m 2SA passe 3m passe;;;;first_control;;;3290
2257;REDI_N2;;FREE;>=16HL;;;;;;;;0;;;;0;1M 2SA passe 3M passe;;;;first_control;;;3291
2258;REDI_N2;;FREE;>=16HL;;;;;;;;0;;;;0;1M 2M passe 2SA passe;;;;first_control;;;3292
2259;REDI_N2;;FREE;>=16HL;;;;;;;;0;;;;0;1M 3T passe 3M passe;;;;first_control;;;3293
2260;REDI_N2;;FREE;<16HL;;;;;;;;0;;;;0;1m 2K passe 2SA passe;;;;;;4C;3294
2261;REDI_N2;;FREE;<16HL;;;;;;;;0;;;;0;1T 2SA passe 3T passe;;;;;;4C;3295
2262;REDI_N2;;FREE;<16HL;;;;;;;;0;;;;0;1K 2SA passe 3K passe;;;;;;4C;3296
2263;REDI_N2;;FREE;<16HL;;;;;;;;0;;;;0;1C 2SA passe 3C passe;;;;;;5T;3297
2264;REDI_N2;;FREE;<16HL;;;;;;;;0;;;;0;1P 2SA passe 3P passe;;;;;;5T;3298
2265;REDI_N2;;FREE;<16HL;;;;;;;;0;;;;0;1C 2C passe 2SA passe;;;;;;4P;3299
2266;REDI_N2;;FREE;<16HL;;;;;;;;0;;;;0;1P 2P passe 2SA passe;;;;;;4C;3300
2267;REDI_N2;;FREE;<16HL;;;;;;;;0;;;;0;1C 3T passe 3C passe;;;;;;4P;3301
2268;REDI_N2;;FREE;<16HL;;;;;;;;0;;;;0;1P 3T passe 3P passe;;;;;;4C;3302
2269;REDI_N2;;PASS;>=16HL;;;;;;;;0;;;;0;1E 3E passe 4T passe;long_suit_1_unnamed;;;;;4K;3303
2270;REDI_N2;;PASS;>=16HL;;;;;;;;0;;;;0;1E 3E passe 4T passe;;;;;;passe;none
2271;REDI_N2;;PASS;>=16HL;;;;;;;;0;;;;0;1E 3E passe 4E passe;;;;long_suit;6CL1;;3304
2272;REDI_N2;;PASS;>=16HL;;;;;;;;0;;;;0;1E 3SA passe 4E passe;;;;long_suit;6CL1;;3305
2273;REDI_N2;;FREE;<16HL;;;;;;;;0;;;;0;1E 3E passe 4E passe;;;;long_suit;5CL1;;3306
2274;REDI_N2;;FREE;<16HL;;;;;;;;0;;;;0;1E 3SA passe 4E passe;;;;long_suit;5CL1;;3307
2275;REDI_N2;;PASS;<=17HL;;;;;;;;0;;;;0;1T X passe 1K o;;;;;;passe;none
2276;REDI_N2;;PASS;<=17HL;;;;;;;;0;;;;0;1m X passe 1M o;;;;;;passe;none
2277;REDI_N2;;PASS;<=17HL;;;;;;;;0;;;;0;1C X passe 1P o;;;;;;passe;none
2278;REDI_N2;;PASS;<=17HL;;;;;;;;0;;;;0;1K X passe 2T o;;;;;;passe;none
2279;REDI_N2;;PASS;<=17HL;;;;;;;;0;;;;0;1M X passe 2m o;;;;;;passe;none
2280;REDI_N2;;PASS;<=17HL;;;;;;;;0;;;;0;1C X passe 1P o;;;;;;passe;none
2281;REDI_N2;;PASS;18-20HLD;;;;;;;;0;;;;0;1T X passe 1K passe;;;;;;2K;3308
2282;REDI_N2;;PASS;18-20HLD;;;;;;;;0;;;;0;1m X passe 1M passe;;;;support;2;;3309
2283;REDI_N2;;PASS;18-20HLD;;;;;;;;0;;;;0;1C X passe 1P o;;;;;;2P;3310
2284;REDI_N2;;PASS;18-20HLD;;;;;;;;0;;;;0;1K X passe 2T o;;;;;;3T;3311
2285;REDI_N2;;PASS;18-20HLD;;;;;;;;0;;;;0;1M X passe 2m o;;;;support;3;;3312
2286;REDI_N2;;PASS;18-20HLD;;;;;;;;0;;;;0;1C X passe 1P o;;;;;;2P;3313
2287;REDI_N2;;FREE;21-23HLD;;;;;;;;0;;;>=5;0;1T X passe 1K passe;;;;;;3K;3314
2288;REDI_N2;;FREE;21-23HLD;;;;;;;;0;;;>=5;0;1m X passe 1M passe;;;;support;3;;3315
2289;REDI_N2;;FREE;21-23HLD;;;;;;;;0;;;>=5;0;1C X passe 1P o;;;;;;3P;3316
2290;REDI_N2;;FREE;21-23HLD;;;;;;;;0;;;>=5;0;1K X passe 2T o;;;;;;4T;3317
2291;REDI_N2;;FREE;21-23HLD;;;;;;;;0;;;>=5;0;1M X passe 2m o;;;;support;4;;3318
2292;REDI_N2;;FREE;21-23HLD;;;;;;;;0;;;>=5;0;1C X passe 1P o;;;;;;3P;3319
2293;REDI_N2;;FREE;19-21HL;;;Majeure;>=5;;;;0;;;;0;1T X passe 1K passe;;;;long_suit;1CL1;;3320
2294;REDI_N2;;FREE;19-21HL;;;pique;>=5;;;;0;;;;0;1m X passe 1C passe;;;;;;1P;3321
2295;REDI_N2;;FREE;19-21HL;;;mineure;>=5;;;;0;;;;0;1C X passe 1P o;;;;long_suit;2CL1;;3322
2296;REDI_N2;;FREE;19-21HL;;;Majeure;>=5;;;;0;;;;0;1K X passe 2T o;;;;long_suit;2CL1;;3323
2297;REDI_N2;;FREE;19-21HL;;;carreau;>=5;;;;0;;;;0;1M X passe 2T passe;;;;;;2K;3324
2298;REDI_N2;;FREE;19-21HL;;;pique;>=5;;;;0;;;;0;1C X passe 2m passe;;;;;;2P;3325
2299;REDI_N2;;FREE;19-21HL;;;coeur;>=5;;;;0;;;;0;1P X passe 2m passe;;;;;;2C;3326
2300;REDI_N2;;FREE;19-21HL;;;mineure;>=5;;;;0;;;;0;1C X passe 1P passe;;;;long_suit;2CL1;;3327
2301;REDI_N2;;FREE;21-23HL;;;Majeure;>=6;;;;0;;;;0;1T X passe 1K passe;;;;long_suit;2CL1;;3328
2302;REDI_N2;;FREE;21-23HL;;;pique;>=6;;;;0;;;;0;1m X passe 1C passe;;;;;;2P;3329
2303;REDI_N2;;FREE;21-23HL;;;mineure;>=6;;;;0;;;;0;1C X passe 1P o;;;;long_suit;3CL1;;3330
2304;REDI_N2;;FREE;21-23HL;;;Majeure;>=6;;;;0;;;;0;1K X passe 2T o;;;;long_suit;3CL1;;3331
2305;REDI_N2;;FREE;21-23HL;;;carreau;>=6;;;;0;;;;0;1M X passe 2T passe;;;;;;3K;3332
2306;REDI_N2;;FREE;21-23HL;;;pique;>=6;;;;0;;;;0;1C X passe 2m passe;;;;;;3P;3333
2307;REDI_N2;;FREE;21-23HL;;;coeur;>=6;;;;0;;;;0;1P X passe 2m passe;;;;;;3C;3334
2308;REDI_N2;;FREE;21-23HL;;;mineure;>=6;;;;0;;;;0;1C X passe 1P passe;;;;long_suit;3CL1;;3335
2309;REDI_N2;;FREE;19-20HL;régulier;;;;;;;0;;;;1;1T X passe 1K o;;;;;;1SA;3336
2310;REDI_N2;;FREE;19-20HL;régulier;;;;;;;0;;;;1;1m X passe 1M passe;;;;;;1SA;3337
2311;REDI_N2;;FREE;19-20HL;régulier;;;;;;;0;;;;1;1C X passe 1P passe;;;;;;1SA;3338
2312;REDI_N2;;FREE;19-20HL;régulier;;;;;;;0;;;;1;1C X passe 1P passe;;;;;;1SA;3339
2313;REDI_N2;;FREE;21-22HL;régulier;;;;;;;0;;;;1;1T X passe 1K o;;;;;;2SA;3340
2314;REDI_N2;;FREE;21-22HL;régulier;;;;;;;0;;;;1;1m X passe 1M o;;;;;;2SA;3341
2315;REDI_N2;;FREE;21-22HL;régulier;;;;;;;0;;;;1;1C X passe 1P o;;;;;;2SA;3342
2316;REDI_N2;;FREE;21-22HL;régulier;;;;;;;0;;;;1;1K X passe 2T o;;;;;;2SA;3343
2317;REDI_N2;;FREE;21-22HL;régulier;;;;;;;0;;;;1;1M X passe 2m o;;;;;;2SA;3344
2318;REDI_N2;;FREE;21-22HL;régulier;;;;;;;0;;;;1;1C X passe 1P o;;;;;;2SA;3345
2319;REDI_N2;;RI2_N2;>=18H;;;;;;;;0;;;;0;1T X passe 1K passe;;;;;;2T;3346
2320;REDI_N2;;RI2_N2;>=18H;;;;;;;;0;;;;0;1m X passe 1C passe;;;;cuebid;2;;3347
2321;REDI_N2;;RI2_N2;>=18H;;;;;;;;0;;;;0;1C X passe 1P o;;;;;;2C;3348
2322;REDI_N2;;RI2_N2;>=18H;;;;;;;;0;;;;0;1K X passe 2T o;;;;;;2K;3349
2323;REDI_N2;;RI2_N2;>=18H;;;;;;;;0;;;;0;1M X passe 2T passe;;;;cuebid;2;;3350
2324;REDI_N2;;RI2_N2;>=18H;;;;;;;;0;;;;0;1C X passe 2m passe;;;;;;2C;3351
2325;REDI_N2;;RI2_N2;>=18H;;;;;;;;0;;;;0;1P X passe 2m passe;;;;;;2P;3352
2326;REDI_N2;;RI2_N2;>=18H;;;;;;;;0;;;;0;1C X passe 1P passe;;;;;;2C;3353
2327;REDI_N2;;FREE;14-15HL;semi-régulier;;;;;;;0;;;;1.5;1T X passe 2K passe;;;;;;2SA;3354
2328;REDI_N2;;FREE;14-15HL;semi-régulier;;;;;;;0;;;;1.5;1K X passe 2M passe;;;;;;2SA;3355
2329;REDI_N2;;FREE;14-15HL;semi-régulier;;;;;;;0;;;;1.5;1C X passe 2P passe;;;;;;2SA;3356
2330;REDI_N2;;FREE;>=18H;;;Majeure;>=5;;;;0;;;;0;1T X passe 2K passe;;;;long_suit;2CL1;;3357
2331;REDI_N2;;FREE;>=18H;;;pique;>=5;;;;0;;;;0;1K X passe 2C passe;;;;;;2P;3358
2332;REDI_N2;;FREE;>=18H;;;coeur;>=5;;;;0;;;;0;1K X passe 2P passe;;;;;;3C;3359
2333;REDI_N2;;FREE;>=18H;;;trèfle;>=5;;;;0;;;;0;1K X passe 2M passe;;;;;;3T;3360
2334;REDI_N2;;FREE;>=18H;;;mineure;>=5;;;;0;;;;0;1C X passe 2P passe;;;;long_suit;3CL1;;3361
2335;REDI_N2;;PASS;;;;;;;;;0;;;;0;1E X passe 2E passe;;;;best_major;2;;3362
2336;REDI_N2;;PASS;;;;;;;;;0;;;;0;1m X XX 2m passe;;;;best_major;2;;3363
2337;REDI_N2;;PASS;;;;;;;;;0;;;;0;1m X 1SA 2m passe;;;;best_major;2;;3364
2338;REDI_N2;;PASS;;;;;;;;;0;;;;0;1m X 2m X passe;;;;best_major;2;;3365
2339;REDI_N2;;PASS;;;;;;;;;0;;;;0;1C X 2C X passe;;;;;;2P;3366
2340;REDI_N2;;PASS;;;;;>=5;;;;0;;;;0;1P X 2P X passe;;;;long_suit;3CL1;;3367
2341;REDI_N2;;PASS;;;;;;;;;0;;;;0;1P X 2P X passe;;;;;;3C;3368
2342;REDI_N2;;FREE;>=19HL;;;Majeure;>=5;;;;0;;;;0;1m X passe 2m passe;;;;long_suit;3CL1;;3369
2343;REDI_N2;;FREE;>=19HL;;;carreau;>=5;;;;0;;;;0;1T X passe 2T passe;;;;;;3K;3370
2344;REDI_N2;;FREE;>=19HL;;;Majeure;>=5;;;;0;;;;0;1m X XX 2m passe;;;;long_suit;3CL1;;3371
2345;REDI_N2;;FREE;>=19HL;;;Majeure;>=5;;;;0;;;;0;1m X 1SA 2m passe;;;;long_suit;3CL1;;3372
2346;REDI_N2;;FREE;>=19HL;;;Majeure;>=5;;;;0;;;;0;1m X 2m X passe;;;;long_suit;3CL1;;3373
2347;REDI_N2;;FREE;>=19HL;;;pique;>=5;;;;0;;;;0;1C X 2C X passe;;;;;;3P;3374
2348;REDI_N2;;FREE;>=19HL;;;coeur;>=5;;;;0;;;;0;1P X 2P X passe;;;;;;4C;3375
2349;REDI_N2;;FREE;>=19HL;régulier;;;;;;;0;;;;1.5;1E X passe 2E passe;;;;;;2SA;3376
2350;REDI_N2;;FREE;>=19HL;régulier;;;;;;;0;;;;1.5;1m X XX 2m passe;;;;;;2SA;3377
2351;REDI_N2;;FREE;>=19HL;régulier;;;;;;;0;;;;1.5;1m X 1SA 2m passe;;;;;;2SA;3378
2352;REDI_N2;;FREE;>=19HL;régulier;;;;;;;0;;;;1.5;1m X 2m X passe;;;;;;2SA;3379
2353;REDI_N2;;FREE;>=19HL;régulier;;;;;;;0;;;;1.5;1C X 2C X passe;;;;;;2SA;3380
2354;REDI_N2;;FREE;>=19HL;régulier;;;;;;;0;;;;1.5;1P X 2P X passe;;;;;;2SA;3381
2355;REDI_N2;;FREE;>=19HL;régulier;;;;;;;0;;;;1.5;1P X 2P X passe;;;;;;2SA;3382
2356;REDI_N2;;PASS;>=15H;régulier;;;;;;;0;;;;0;1E X passe 1SA passe;;;;;;2SA;3383
2357;REDI_N2;;PASS;>=15H;régulier;;;;;;;0;;;;0;1T X 1K 1SA passe;;;;;;2SA;3384
2358;REDI_N2;;PASS;>=15H;régulier;;;;;;;0;;;;0;1m X 1M 1SA passe;;;;;;2SA;3385
2359;REDI_N2;;PASS;>=15H;régulier;;;;;;;0;;;;0;1E X 2E 1SA passe;;;;;;2SA;3386
2360;REDI_N2;;PASS;>=17H;régulier;;;;;;;0;;;;0;1E X passe 1SA passe;;;;;;3SA;3387
2361;REDI_N2;;PASS;>=17H;régulier;;;;;;;0;;;;0;1T X 1K 1SA passe;;;;;;3SA;3388
2362;REDI_N2;;PASS;>=17H;régulier;;;;;;;0;;;;0;1m X 1M 1SA passe;;;;;;3SA;3389
2363;REDI_N2;;PASS;>=17H;régulier;;;;;;;0;;;;0;1E X 2E 1SA passe;;;;;;3SA;3390
2364;REDI_N2;;PASS;>=14H;régulier;;;;;;;0;;;;0;1E X passe 2SA passe;;;;;;3SA;3391
2365;REDI_N4;;PASS;;;;;;;;;0;;5;;0;1m passe 1P 2m passe 3C passe;;;;;;4C;3392
2366;REDI_N4;;PASS;;;;;;;;;0;;5;;0;1m passe 1C 2m passe 3P passe;;;;;;4P;3393
2367;REDI_N4;;PASS;;;;;;;;;0;;5;;0;1C passe 2T 2C passe 3P passe;;;;;;4P;3394
2368;REDI_N4;;PASS;;;;;;;;;0;;5;;0;1C passe 1SA 2C passe 3P passe;;;;;;4P;3395
2369;REDI_N4;;PASS;;;;;;;;;0;;5;;0;1C passe 2K 2C passe 3P passe;;;;;;4P;3396
2370;REDI_N4;;PASS;;;;;;;;;0;;5;;0;1T passe 1K 2T passe 3M passe;;;;support;4;;3397
2371;REDI_N4;;PASS;;;;;;;;;0;;5;;0;1K passe 2T 2K passe 3M passe;;;;support;4;;3398
2372;REDI_N4;;PASS;;;;;;;;;0;;5;;0;1m passe 1SA 2m passe 3M passe;;;;support;4;;3399
2373;REDI_N4;;PASS;;;;;;;;;0;;4;;0;1M passe 1SA 2M passe 4T passe;;;;;;5T;3400
2374;REDI_N4;;PASS;;;;;;;;;0;;4;;0;1K passe 1C 2SA passe 4T passe;;;;;;5T;3401
2375;REDI_N4;;PASS;;;;;;;;;0;;4;;0;1C passe 2K 2SA passe 4T passe;;;;;;5T;3402
2376;REDI_N4;;PASS;;;;;;;;;0;;4;;0;1K passe 1C 2K passe 4T passe;;;;;;5T;3403
2377;REDI_N4;;PASS;;;;;;;;;0;;4;;0;1C passe 2K 2C passe 4T passe;;;;;;5T;3404
2378;REDI_N4;;PASS;;;;;;;;;0;;4;;0;1K passe 1P 2SA passe 4T passe;;;;;;5T;3405
2379;REDI_N4;;PASS;;;;;;;;;0;;4;;0;1P passe 2K 2SA passe 4T passe;;;;;;5T;3406
2380;REDI_N4;;PASS;;;;;;;;;0;;4;;0;1K passe 1P 2K passe 4T passe;;;;;;5T;3407
2381;REDI_N4;;PASS;;;;;;;;;0;;4;;0;1P passe 2K 2P passe 4T passe;;;;;;5T;3408
2382;REDI_N4;;PASS;;;;;;;;;0;;4;;0;1K passe 1SA 2SA passe 4T passe;;;;;;5T;3409
2383;REDI_N4;;PASS;;;;;;;;;0;;4;;0;1T passe 1M 2SA passe 4K passe;;;;;;5K;3410
2384;REDI_N4;;PASS;;;;;;;;;0;;4;;0;1M passe 2T 2SA passe 4K passe;;;;;;5K;3411
2385;REDI_N4;;PASS;;;;;;;;;0;;4;;0;1C passe 2T 2C passe 4K passe;;;;;;5K;3412
2386;REDI_N4;;PASS;;;;;;;;;0;;4;;0;1T passe 1SA 2SA passe 4K passe;;;;;;5K;3413
2387;REDI_N4;;PASS;;;;;;;;;0;;4;;0;1C passe 1P 2SA passe 4m passe;;;;support;5;;3414
2388;REDI_N4;;PASS;;;;;;;;;0;;4;;0;1P passe 2C 2SA passe 4m passe;;;;support;5;;3415
2389;REDI_N4;;PASS;;;;;;;;;0;;4;;0;1C passe 1P 2C passe 4m passe;;;;support;5;;3416
2390;REDI_N4;;PASS;;;;;;;;;0;;4;;0;1P passe 2C 2P passe 4m passe;;;;support;5;;3417
2391;REDI_N4;;PASS;;;;;;;;;0;;4;;0;1M passe 1SA 2SA passe 4m passe;;;;support;5;;3418
2392;REDI_N4;;PASS;;;;;;;;;0;;4;;0;1M passe 2M 2SA passe 4m passe;;;;support;5;;3419
2393;REDI_N4;;FREE;<16HL;;;;;;;;0;;;;0;1T passe 1K 2SA passe 3T passe;;;;;;4C;3420
2394;REDI_N4;;FREE;<16HL;;;;;;;;0;;;;0;1K passe 2T 2SA passe 3K passe;;;;;;4C;3421
2395;REDI_N4;;FREE;<16HL;;;;;;;;0;;;;0;1T passe 1K 2T passe 3T passe;;;;;;4C;3422
2396;REDI_N4;;FREE;<16HL;;;;;;;;0;;;;0;1K passe 2T 2K passe 3K passe;;;;;;4C;3423
2397;REDI_N4;;FREE;<16HL;;;;;;;;0;;;;0;1m passe 1SA 2m passe 3m passe;;;;;;4C;3424
2398;REDI_N4;;FREE;<16HL;;;;;;;;0;;;;0;1m passe 2m 3m passe 4m passe;;;;;;4C;3425
2399;REDI_N4;;FREE;<16HL;;;;;;;;0;;;;0;1m passe 1C 2SA passe 3m passe;;;;;;4P;3426
2400;REDI_N4;;FREE;<16HL;;;;;;;;0;;;;0;1C passe 2m 2SA passe 3C passe;;;;;;4P;3427
2401;REDI_N4;;FREE;<16HL;;;;;;;;0;;;;0;1m passe 1C 2m passe 3m passe;;;;;;4P;3428
2402;REDI_N4;;FREE;<16HL;;;;;;;;0;;;;0;1C passe 2m 2C passe 3C passe;;;;;;4P;3429
2403;REDI_N4;;FREE;<16HL;;;;;;;;0;;;;0;1C passe 2C 4T passe 4C passe;;;;;;4P;3430
2404;REDI_N4;;FREE;<16HL;;;;;;;;0;;;;0;1P passe 2P 4T passe 4P passe;;;;;;4C;3431
2405;REDI_N4;;FREE;<16HL;;;;;;;;0;;;;0;1C passe 1SA 2C passe 3C passe;;;;;;4P;3432
2406;REDI_N4;;FREE;<16HL;;;;;;;;0;;;;0;1P passe 1SA 2P passe 3P passe;;;;;;4C;3433
2407;REDI_N4;;FREE;<16HL;;;;;;;;0;;;;0;1C passe 2C 3C passe 4C passe;;;;;;4P;3434
2408;REDI_N4;;FREE;<16HL;;;;;;;;0;;;;0;1P passe 2P 3P passe 4P passe;;;;;;4C;3435
2409;REDI_N4;;FREE;<16HL;;;;;;;;0;;;;0;1m passe 1P 2SA passe 3m passe;;;;;;4C;3436
2410;REDI_N4;;FREE;<16HL;;;;;;;;0;;;;0;1P passe 2m 2SA passe 3P passe;;;;;;4C;3437
2411;REDI_N4;;FREE;<16HL;;;;;;;;0;;;;0;1m passe 1P 2m passe 3m passe;;;;;;4C;3438
2412;REDI_N4;;FREE;<16HL;;;;;;;;0;;;;0;1P passe 2m 2P passe 3P passe;;;;;;4C;3439
2413;REDI_N4;;FREE;<16HL;;;;;;;;0;;;;0;1m passe 1SA 2SA passe 3m passe;;;;;;4C;3440
2414;REDI_N4;;FREE;<16HL;;;;;;;;0;;;;0;1C passe 1P 2SA passe 3C passe;;;;;;5T;3441
2415;REDI_N4;;FREE;<16HL;;;;;;;;0;;;;0;1P passe 2C 2SA passe 3P passe;;;;;;5T;3442
2416;REDI_N4;;FREE;<16HL;;;;;;;;0;;;;0;1C passe 1P 2C passe 3C passe;;;;;;5T;3443
2417;REDI_N4;;FREE;<16HL;;;;;;;;0;;;;0;1P passe 2C 2P passe 3P passe;;;;;;5T;3444
2418;REDI_N4;;FREE;<16HL;;;;;;;;0;;;;0;1M passe 1SA 2SA passe 3M passe;;;;;;5T;3445
2419;REDI_N4;;FREE;<16HL;;;;;;;;0;;;;0;1M passe 2M 2SA passe 3M passe;;;;;;5T;3446
2420;REDI_N4;;FREE;>=16HL;;;;;;;;0;;;;0;1T passe 1K 2SA passe 3T passe;;;;first_control;;;3447
2421;REDI_N4;;FREE;>=16HL;;;;;;;;0;;;;0;1K passe 2T 2SA passe 3K passe;;;;first_control;;;3448
2422;REDI_N4;;FREE;>=16HL;;;;;;;;0;;;;0;1T passe 1K 2T passe 3T passe;;;;first_control;;;3449
2423;REDI_N4;;FREE;>=16HL;;;;;;;;0;;;;0;1K passe 2T 2K passe 3K passe;;;;first_control;;;3450
2424;REDI_N4;;FREE;>=16HL;;;;;;;;0;;;;0;1m passe 1SA 2m passe 3m passe;;;;first_control;;;3451
2425;REDI_N4;;FREE;>=16HL;;;;;;;;0;;;;0;1m passe 2m 3m passe 4m passe;;;;first_control;;;3452
2426;REDI_N4;;FREE;>=16HL;;;;;;;;0;;;;0;1m passe 1C 2SA passe 3m passe;;;;first_control;;;3453
2427;REDI_N4;;FREE;>=16HL;;;;;;;;0;;;;0;1C passe 2m 2SA passe 3C passe;;;;first_control;;;3454
2428;REDI_N4;;FREE;>=16HL;;;;;;;;0;;;;0;1m passe 1C 2m passe 3m passe;;;;first_control;;;3455
2429;REDI_N4;;FREE;>=16HL;;;;;;;;0;;;;0;1C passe 2m 2C passe 3C passe;;;;first_control;;;3456
2430;REDI_N4;;FREE;>=16HL;;;;;;;;0;;;;0;1M passe 2M 4T passe 4M passe;;;;;;4SA;3457
2431;REDI_N4;;FREE;>=16HL;;;;;;;;0;;;;0;1M passe 1SA 2M passe 3M passe;;;;first_control;;;3458
2432;REDI_N4;;FREE;>=16HL;;;;;;;;0;;;;0;1M passe 2M 3M passe 4M passe;;;;;;4SA;3459
2433;REDI_N4;;FREE;>=16HL;;;;;;;;0;;;;0;1m passe 1P 2SA passe 3m passe;;;;first_control;;;3460
2434;REDI_N4;;FREE;>=16HL;;;;;;;;0;;;;0;1P passe 2m 2SA passe 3P passe;;;;first_control;;;3461
2435;REDI_N4;;FREE;>=16HL;;;;;;;;0;;;;0;1m passe 1P 2m passe 3m passe;;;;first_control;;;3462
2436;REDI_N4;;FREE;>=16HL;;;;;;;;0;;;;0;1P passe 2m 2P passe 3P passe;;;;first_control;;;3463
2437;REDI_N4;;FREE;>=16HL;;;;;;;;0;;;;0;1m passe 1SA 2SA passe 3m passe;;;;first_control;;;3464
2438;REDI_N4;;FREE;>=16HL;;;;;;;;0;;;;0;1C passe 1P 2SA passe 3C passe;;;;first_control;;;3465
2439;REDI_N4;;FREE;>=16HL;;;;;;;;0;;;;0;1P passe 2C 2SA passe 3P passe;;;;first_control;;;3466
2440;REDI_N4;;FREE;>=16HL;;;;;;;;0;;;;0;1C passe 1P 2C passe 3C passe;;;;first_control;;;3467
2441;REDI_N4;;FREE;>=16HL;;;;;;;;0;;;;0;1P passe 2C 2P passe 3P passe;;;;first_control;;;3468
2442;REDI_N4;;FREE;>=16HL;;;;;;;;0;;;;0;1M passe 1SA 2SA passe 3M passe;;;;first_control;;;3469
2443;REDI_N4;;FREE;>=16HL;;;;;;;;0;;;;0;1M passe 2M 2SA passe 3M passe;;;;first_control;;;3470
2444;REDI_N4;;PASS;>=17HL;;;;;;;;0;;;;0;X passe 1SA o;;;;;;3SA;3471
2445;REDI_N4;;PASS;>=18HLD;;;;;;;;0;;;;0;1T passe 1K X passe 2M o;;;;support;3;;3472
2446;REDI_N4;;PASS;>=16HLD;;;;;;;;0;;;;0;1T passe 1K X passe 3M o;;;;support;4;;3473
2447;REDI_N4;;FREE;14-15HL;semi-régulier;;;;;;;0;;;;1.5;1T passe 1K X passe 2M passe;;;;;;2SA;3474
2448;REDI_N4;;PASS;>=18HLD;;;;;;;;0;;;;0;1m passe 1C X passe 2P o;;;;;;3P;3475
2449;REDI_N4;;FREE;14-15HL;semi-régulier;;;;;;;0;;;;1.5;1m passe 1C X passe 2P passe;;;;;;2SA;3476
2450;REDI_N4;;PASS;>=18HLD;;;;;;;;0;;;>=4;0;1m passe 2m X passe 3M passe;;;;support;4;;3477
2451;REDI_N4;;PASS;>=18HLD;;;;;;;;0;;;>=4;0;1C passe 2C X passe 3P o;;;;;;4P;3478
2452;REDI_N4;;FREE;>=18HLD;;;;;;;;0;;;;0;1T passe 1K X 1C 1P o;;;;;;2P;3479
2453;REDI_N4;;FREE;>=18HLD;;;;;;;;0;;;;0;X 1P 2E o;;;;support;3;;3480
2454;REDI_N4;;FREE;>=18HLD;;;;;;;;0;;;;0;X 2m 2E o;;;;support;3;;3481
2455;REDI_N4;;FREE;>=18HLD;;;;;;;;0;;;;0;X 2C 2P o;;;;;;3P;3482
2456;REDI_N4;;FREE;>=18HLD;;;;;;;;0;;;;0;X 1SA 2E o;;;;support;3;;3483
2457;REDI_N4;;FREE;>=18HLD;;;;;;;;0;;;;0;X XX 1P o;;;;;;2P;3484
2458;REDI_N4;;FREE;>=18HLD;;;;;;;;0;;;>=4;0;X XX 2E o;;;;support;3;;3485
2459;REDI_N4;;FREE;>=18HLD;;;;;;;;0;;;>=4;0;X XX 3E o;;;;support;4;;3486
2460;RI2_N2;;FREE;>=5H;;;;;;;;0;;;;0;1T X passe 1K passe 2T passe;;points_H;T<3;strength;2;;3487
2461;RI2_N2;;FREE;>=5H;;;;;;;;0;;;;0;1m X passe 1C passe 2m passe;;points_H;P>=3;;;2P;3488
2462;RI2_N2;;FREE;>=5H;;;;;;;;0;;;;0;1C X passe 1P o 2C passe;;points_H;C<3;strength;3;;3489
2463;RI2_N2;;FREE;>=5H;;;;;;;;0;;;;0;1K X passe 2T o 2K passe;;points_H;K<3;strength;2;;3490
2464;RI2_N2;;FREE;>=5H;;;;;;;;0;;;;0;1C X passe 2T passe 2C passe;;points_H;P>=3;;;2P;3491
2465;RI2_N2;;FREE;>=5H;;;;;;;;0;;;;0;1P X passe 2T passe 2P passe;;points_H;C>=3;;;3C;3492
2466;RI2_N2;;FREE;>=5H;;;;;;;;0;;;;0;1M X passe 2T passe 2M passe;;points_H;K>=3;;;3K;3493
2467;RI2_N2;;FREE;>=5H;;;;;;;;0;;;;0;1C X passe 2m passe 2C passe;;points_H;P>=3;;;2P;3494
2468;RI2_N2;;FREE;>=5H;;;;;;;;0;;;;0;1P X passe 2m passe 2P passe;;points_H;C>=3;;;3C;3495
2469;RI2_N2;;FREE;>=5H;;;;;;;;0;;;;0;1C X passe 1P passe 2C passe;;points_H;C<3;strength;3;;3496
2470;RI2_N2;;FREE;;;;;;;;;0;;;;0;1T X passe 1K passe 2T passe;;;;;;2K;3497
2471;RI2_N2;;FREE;;;;;;;;;0;;;;0;1m X passe 1C passe 2m passe;;;;;;2C;3498
2472;RI2_N2;;FREE;;;;;;;;;0;;;;0;1C X passe 1P o 2C passe;;;;;;2P;3499
2473;RI2_N2;;FREE;;;;;;;;;0;;;;0;1K X passe 2T o 2K passe;;;;;;3T;3500
2474;RI2_N2;;FREE;;;;;;;;;0;;;;0;1M X passe 2T passe 2M passe;;;;;;3T;3501
2475;RI2_N2;;FREE;;;;;;;;;0;;;;0;1M X passe 2T passe 2M passe;;;;;;3T;3502
2476;RI2_N2;;FREE;;;;;;;;;0;;;;0;1M X passe 2K passe 2M passe;;;;;;3K;3503
2477;RI2_N2;;FREE;;;;;;;;;0;;;;0;1C X passe 1P passe 2C passe;;;;;;2P;3504
2478;ROUDI;;FREE;;;;;;;;;0;;;;0;1C o 1SA passe 2T passe;;suit_length;C2;;;2K;3581
2479;ROUDI;;FREE;;;;;;;;;0;;;;0;1P passe 1SA passe 2T passe;;suit_length;P2;;;2K;3582
2480;ROUDI;;FREE;12H-13HL;;;;;;;;0;;;;0;1C o 1SA passe 2T passe;;suit_length;C>=3;;;2C;3583
2481;ROUDI;;FREE;12H-13HL;;;;;;;;0;;;;0;1P passe 1SA passe 2T passe;;suit_length;P>=3;;;2C;3584
2482;ROUDI;;FREE;14HL-14H;;;;;;;;0;;;;0;1C o 1SA passe 2T passe;;suit_length;C>=3;;;2P;3585
2483;ROUDI;;FREE;14HL-14H;;;;;;;;0;;;;0;1P passe 1SA passe 2T passe;;suit_length;P>=3;;;2P;3586
2484;RELMIN;;FREE;;;;;;;;;0;;;;0;1C passe 2SA passe 3m passe;;suit_length;C>=3;;;3C;3587
2485;RELMIN;;FREE;;;;;;;;;0;;;;0;1P passe 2SA passe 3m passe;;suit_length;P>=3;;;3P;3587
2486;RELMIN;;FREE;;;;;>=5;;;;0;;;;0;1C passe 2SA passe 3m passe;;suit_length;C<3;long_suit;3CL1;;3588
2487;RELMIN;;FREE;;;;;;;;;0;;;;0;1C passe 2SA passe 3m passe;;suit_length;C<3;;;3SA;3589
2488;RELMIN;;FREE;;;;;;;;;0;;;;0;1P passe 2SA passe 3m passe;;suit_length;C>=4;;;3C;3590
2489;RELMIN;;FREE;;;;;;;;;0;;;;0;1P passe 2SA passe 3m passe;;suit_length;P<3;;;3SA;3591
2490;SAMODER;;FREE;17-20HL;;;;;;<=4;;0;;;;0;1T o 1M o 2K o 2SA passe;;;;;;3T;3601
2491;SAMODER;;FREE;17-20HL;;;;;;<=4;;0;;;;0;1T o 1P o 2C o 2SA passe;;;;;;3T;3602
2492;SAMODER;;FREE;17-20HL;;;;;;<=4;;0;;;;0;1K o 1P o 2C o 2SA passe;;;;;;3K;3603
2493;SAMODER;;FREE;17-20HL;;;;;;<=4;;0;;;;0;1K o 2T o 2C o 2SA passe;;;;;;3K;3604
2494;SAMODER;;FREE;17-20HL;;;;;;<=4;;0;;;;0;1K o 2T o 2P o 2SA passe;;;;;;3K;3605
2495;SAMODER;;FREE;17-20HL;;;;;;<=4;;0;;;;0;1C o 2m o 2P o 2SA passe;;;;;;3C;3606
2496;SAMODER;;FREE;17-20HL;;;;;;>=5;;0;;;;0;1T o 1M o 2K o 2SA passe;;;;;;3K;3607
2497;SAMODER;;FREE;17-20HL;;;;;;>=5;;0;;;;0;1m o 1P o 2C o 2SA passe;;;;;;3C;3608
2498;SAMODER;;FREE;17-20HL;;;;;;>=5;;0;;;;0;1K o 2T o 2C o 2SA passe;;;;;;3C;3609
2499;SAMODER;;FREE;17-20HL;;;;;;>=5;;0;;;;0;1K o 2T o 2P o 2SA passe;;;;;;3P;3609
2500;SAMODER;;FREE;17-20HL;;;;;;>=5;;0;;;;0;1C o 2m o 2P o 2SA passe;;;;;;3P;3610
2501;SAMODER;;FREE;21-23HL;;;;;;;;0;;;;0;1T o 1C o 2K o 2SA passe;;suit_length;C>=3;;;3C;3611
2502;SAMODER;;FREE;21-23HL;;;;;;;;0;;;;0;1T o 1P o 2K o 2SA passe;;suit_length;P>=3;;;3P;3611
2503;SAMODER;;FREE;21-23HL;;;;;;;;0;;;;0;1m o 1P o 2C o 2SA passe;;suit_length;P>=3;;;3P;3612
2504;SAMODER;;FREE;21-23HL;;;;;;;;0;;;;0;1T o 1M o 2K o 2SA passe;stop_unnamed_suits;;;;;3SA;3613
2505;SAMODER;;FREE;21-23HL;;;;;;;;0;;;;0;1m o 1P o 2C o 2SA passe;stop_unnamed_suits;;;;;3SA;3614
2506;SAMODER;;FREE;21-23HL;;;;;;;;0;;;;0;1K o 2T o 2M o 2SA passe;stop_unnamed_suits;;;;;3SA;3615
2507;SAMODER;;FREE;21-23HL;;;;;;;;0;;;;0;1C o 2m o 2P o 2SA passe;stop_unnamed_suits;;;;;3SA;3616
2508;SAMODER;;FREE;21-23HL;;;;;;;;0;;;;0;1T o 1C o 2K o 2SA passe;;;;;;3P;3617
2509;SAMODER;;FREE;21-23HL;;;;;;;;0;;;;0;1T o 1P o 2K o 2SA passe;;;;;;3C;3618
2510;SAMODER;;FREE;21-23HL;;;;;;;;0;;;;0;1T o 1P o 2C o 2SA passe;;;;;;3K;3619
2511;SAMODER;;FREE;21-23HL;;;;;;;;0;;;;0;1K o 1P o 2C o 2SA passe;;;;;;3T;3620
2512;SAMODER;;FREE;21-23HL;;;;;;;;0;;;;0;1K o 2T o 2C o 2SA passe;;;;;;3P;3621
2513;SAMODER;;FREE;21-23HL;;;;;;;;0;;;;0;1K o 2T o 2P o 2SA passe;;;;;;3C;3622
2514;SAMODER;;FREE;21-23HL;;;;;;;;0;;;;0;1C o 2T o 2P o 2SA passe;;;;;;3K;3623
2515;SAMODER;;FREE;21-23HL;;;;;;;;0;;;;0;1C o 2K o 2P o 2SA passe;;;;;;3T;3624
2516;FORCING4;;FREE;15-17H;irrégulier;;;;;;;0;;;;0;1K passe 1C passe 1P passe 2T passe;;suit_length;C>=3;;;3C;3651
2517;FORCING4;;FREE;15-17H;irrégulier;;;;;;;0;;;;0;1T passe 1C passe 1P passe 2K passe;;suit_length;C>=3;;;3C;3652
2518;FORCING4;;FREE;15-17H;irrégulier;;;;;;;0;;;;0;1T passe 1C passe 1P passe 3K passe;;suit_length;C>=3;;;4C;3653
2519;FORCING4;;FREE;15-17H;irrégulier;;;;;;;0;;;;0;1K passe 1C o 2T passe 2P passe;;suit_length;C>=3;;;4C;3654
2520;FORCING4;;FREE;15-17H;irrégulier;;;;;;;0;;;;0;1K o 1P o 2T passe 2C passe;;suit_length;P>=3;;;3P;3655
2521;FORCING4;;FREE;15-17H;irrégulier;;;;;;;0;;;;0;1C passe 1P o 2T o 2K passe;;suit_length;P>=3;;;3P;3656
2522;FORCING4;;FREE;15-17H;irrégulier;;;;;;;0;;;;0;1C passe 1P o 2K o 3T passe;;suit_length;P>=3;;;4P;3657
2523;FORCING4;;FREE;15-17H;irrégulier;;;;;;;0;;;;0;1T o 1C o 2K o 2P passe;;suit_length;C>=3;;;4C;3658
2524;FORCING4;;FREE;15-17H;irrégulier;;;;;;;0;;;;0;1T o 1P o 2K o 2C passe;;suit_length;P>=3;;;3P;3659
2525;FORCING4;;FREE;15-17H;irrégulier;;;;;;;0;;;;0;1T o 1P o 2C o 3K passe;;suit_length;P>=3;;;4P;3660
2526;FORCING4;;FREE;15-17H;irrégulier;;;;;;;0;;;;0;1K o 1P o 2C o 3T passe;;suit_length;P>=3;;;4P;3661
2527;FORCING4;;FREE;15-17H;irrégulier;;;;;;;0;;;;0;1T o 1C passe 2P passe 3K passe;;suit_length;C>=3;;;4C;3662
2528;FORCING4;;FREE;15-17H;irrégulier;;;;;;;0;;;;0;1K o 1C passe 2P passe 3T passe;;suit_length;C>=3;;;4C;3663
2529;FORCING4;;FREE;15-17H;irrégulier;;;;;;;0;;;;0;1K o 1C passe 3T passe 3P passe;;suit_length;C>=3;;;5C;3664
2530;FORCING4;;FREE;15-17H;irrégulier;;;;;;;0;;;;0;1K o 1P passe 3T passe 3C passe;;suit_length;P>=3;;;4P;3665
2531;FORCING4;;FREE;15-17H;irrégulier;;;;;;;0;;;;0;1C o 1P passe 3T passe 3K passe;;suit_length;P>=3;;;4P;3666
2532;FORCING4;;FREE;15-17H;irrégulier;;;;;;;0;;;;0;1C o 1P passe 3K passe 4T passe;;suit_length;P>=3;;;5P;3667
2533;FORCING4;;FREE;12-19H;régulier;;;;;;;0;;;;0;1K passe 1C passe 1P passe 2T passe;;suit_length;C>=3;;;2C;3668
2534;FORCING4;;FREE;12-19H;régulier;;;;;;;0;;;;0;1T passe 1C passe 1P passe 2K passe;;suit_length;C>=3;;;2C;3669
2535;FORCING4;;FREE;12-19H;régulier;;;;;;;0;;;;0;1T passe 1C passe 1P passe 3K passe;;suit_length;C>=3;;;3C;3670
2536;FORCING4;;FREE;12-19H;régulier;;;;;;;0;;;;0;1K passe 1C o 2T passe 2P passe;;suit_length;C>=3;;;3C;3671
2537;FORCING4;;FREE;12-19H;régulier;;;;;;;0;;;;0;1K o 1P o 2T passe 2C passe;;suit_length;P>=3;;;2P;3672
2538;FORCING4;;FREE;12-19H;régulier;;;;;;;0;;;;0;1C passe 1P o 2T o 2K passe;;suit_length;P>=3;;;2P;3673
2539;FORCING4;;FREE;12-19H;régulier;;;;;;;0;;;;0;1C passe 1P o 2K o 3T passe;;suit_length;P>=3;;;3P;3674
2540;FORCING4;;FREE;12-19H;régulier;;;;;;;0;;;;0;1T o 1C o 2K o 2P passe;;suit_length;C>=3;;;3C;3675
2541;FORCING4;;FREE;12-19H;régulier;;;;;;;0;;;;0;1T o 1P o 2K o 2C passe;;suit_length;P>=3;;;2P;3676
2542;FORCING4;;FREE;12-19H;régulier;;;;;;;0;;;;0;1T o 1P o 2C o 3K passe;;suit_length;P>=3;;;3P;3677
2543;FORCING4;;FREE;12-19H;régulier;;;;;;;0;;;;0;1K o 1P o 2C o 3T passe;;suit_length;P>=3;;;3P;3678
2544;FORCING4;;FREE;12-19H;régulier;;;;;;;0;;;;0;1T o 1C passe 2P passe 3K passe;;suit_length;C>=3;;;3C;3679
2545;FORCING4;;FREE;12-19H;régulier;;;;;;;0;;;;0;1K o 1C passe 2P passe 3T passe;;suit_length;C>=3;;;3C;3680
2546;FORCING4;;FREE;12-19H;régulier;;;;;;;0;;;;0;1K o 1C passe 3T passe 3P passe;;suit_length;C>=3;;;4C;3681
2547;FORCING4;;FREE;12-19H;régulier;;;;;;;0;;;;0;1K o 1P passe 3T passe 3C passe;;suit_length;P>=3;;;3P;3682
2548;FORCING4;;FREE;12-19H;régulier;;;;;;;0;;;;0;1C o 1P passe 3T passe 3K passe;;suit_length;P>=3;;;3P;3683
2549;FORCING4;;FREE;12-19H;régulier;;;;;;;0;;;;0;1C o 1P passe 3K passe 4T passe;;suit_length;P>=3;;;4P;3684
2550;FORCING4;;FREE;;;;;;;;;0;;;;0;1K passe 1C passe 1P passe 2T passe;;suit_length;K>=6;;;2K;3685
2551;FORCING4;;FREE;;;;;;;;;0;;;;0;1T passe 1C passe 1P passe 2K passe;;suit_length;T>=6;;;3T;3686
2552;FORCING4;;FREE;;;;;;;;;0;;;;0;1T passe 1K passe 1P passe 2C passe;;suit_length;T>=6;;;3T;3687
2553;FORCING4;;FREE;;;;;;;;;0;;;;0;1T passe 1K passe 1C passe 2P passe;;suit_length;T>=6;;;3T;3688
2554;FORCING4;;FREE;;;;;;;;;0;;;;0;1T passe 1C passe 1P passe 3K passe;;suit_length;T>=6;;;4T;3689
2555;FORCING4;;FREE;;;;;;;;;0;;;;0;1T passe 1K passe 1P passe 3C passe;;suit_length;T>=6;;;4T;3690
2556;FORCING4;;FREE;;;;;;;;;0;;;;0;1K passe 1C o 2T passe 2P passe;;suit_length;K>=6;;;3K;3691
2557;FORCING4;;FREE;;;;;;;;;0;;;;0;1K o 1P o 2T passe 2C passe;;suit_length;K>=6;;;3K;3692
2558;FORCING4;;FREE;;;;;;;;;0;;;;0;1C passe 1P o 2T o 2K passe;;suit_length;C>=6;;;2C;3693
2559;FORCING4;;FREE;;;;;;;;;0;;;;0;1C passe 1P o 2K o 3T passe;;suit_length;C>=6;;;3C;3694
2560;FORCING4;;FREE;;;;;;;;;0;;;;0;1C passe 2T passe 2K o 2P passe;;suit_length;C>=6;;;3C;3695
2561;FORCING4;;FREE;;;;;;;;;0;;;;0;1P passe 2T passe 2K o 2C passe;;suit_length;P>=6;;;2P;3696
2562;FORCING4;;FREE;;;;;;;;;0;;;;0;1C passe 2T passe 2K o 3P passe;;suit_length;C>=6;;;4C;3697
2563;FORCING4;;FREE;;;;;;;;;0;;;;0;1P passe 2T passe 2K o 3C passe;;suit_length;P>=6;;;3P;3698
2564;FORCING4;;FREE;;;;;;;;;0;;;;0;1P passe 2T o 2C o 3K passe;;suit_length;P>=6;;;3P;3699
2565;FORCING4;;FREE;;;;;;;;;0;;;;0;1P passe 2K o 2C o 3T passe;;suit_length;P>=6;;;3P;3700
2566;FORCING4;;FREE;;;;;;;;;0;;;;0;1T o 1C o 2K o 2P passe;;suit_length;T>=6;;;3T;3701
2567;FORCING4;;FREE;;;;;;;;;0;;;;0;1T o 1P o 2K o 2C passe;;suit_length;T>=6;;;3T;3702
2568;FORCING4;;FREE;;;;;;;;;0;;;;0;1T o 1P o 2C o 3K passe;;suit_length;T>=6;;;4T;3703
2569;FORCING4;;FREE;;;;;;;;;0;;;;0;1K o 1P o 2C o 3T passe;;suit_length;K>=6;;;3K;3704
2570;FORCING4;;FREE;;;;;;;;;0;;;;0;1K o 2T o 2C o 2P passe;;suit_length;K>=6;;;3K;3705
2571;FORCING4;;FREE;;;;;;;;;0;;;;0;1K o 2T o 2P o 3C passe;;suit_length;K>=6;;;4K;3706
2572;FORCING4;;FREE;;;;;;;;;0;;;;0;1C o 2T o 2P o 3K passe;;suit_length;C>=6;;;3C;3707
2573;FORCING4;;FREE;;;;;;;;;0;;;;0;1C o 2K o 2P o 3T passe;;suit_length;C>=6;;;3C;3708
2574;FORCING4;;FREE;;;;;;;;;0;;;;0;1T o 1K passe 2C passe 2P passe;;suit_length;T>=6;;;3T;3709
2575;FORCING4;;FREE;;;;;;;;;0;;;;0;1T o 1K passe 2P passe 3C passe;;suit_length;T>=6;;;4T;3710
2576;FORCING4;;FREE;;;;;;;;;0;;;;0;1T o 1C passe 2P passe 3K passe;;suit_length;T>=6;;;4T;3711
2577;FORCING4;;FREE;;;;;;;;;0;;;;0;1K o 1C passe 2P passe 3T passe;;suit_length;K>=6;;;3K;3712
2578;FORCING4;;FREE;;;;;;;;;0;;;;0;1K o 1C passe 3T passe 3P passe;;suit_length;K>=6;;;4K;3713
2579;FORCING4;;FREE;;;;;;;;;0;;;;0;1K o 1P passe 3T passe 3C passe;;suit_length;K>=6;;;4K;3714
2580;FORCING4;;FREE;;;;;;;;;0;;;;0;1C o 1P passe 3T passe 3K passe;;suit_length;C>=6;;;3C;3715
2581;FORCING4;;FREE;;;;;;;;;0;;;;0;1C o 1P passe 3K passe 4T passe;;suit_length;C>=6;;;4C;3716
2582;FORCING4;;FREE;;;;;;;;;0;;;;0;1C o 2T passe 3K passe 3P passe;;suit_length;C>=6;;;4C;3717
2583;FORCING4;;FREE;;;;;;;;;0;;;;0;1P o 2T passe 3K passe 3C passe;;suit_length;P>=6;;;3P;3718
2584;FORCING4;;FREE;;;;;;;;;0;;;;0;1P o 2T passe 3C passe 4K passe;;suit_length;P>=6;;;4P;3719
2585;FORCING4;;FREE;;;;;;;;;0;;;;0;1P o 2K passe 3C passe 4T passe;;suit_length;P>=6;;;4P;3720
2586;FORCING4;;FREE;;;;;;;;;0;;;;0;1K passe 1C passe 1P passe 2T passe;;suit_length;P>=5;;;2P;3721
2587;FORCING4;;FREE;;;;;;;;;0;;;;0;1T passe 1C passe 1P passe 2K passe;;suit_length;P>=5;;;2P;3722
2588;FORCING4;;FREE;;;;;;;;;0;;;;0;1T passe 1K passe 1P passe 2C passe;;suit_length;P>=5;;;2P;3723
2589;FORCING4;;FREE;;;;;;;;;0;;;;0;1T passe 1K passe 1C passe 2P passe;;suit_length;C>=5;;;3C;3724
2590;FORCING4;;FREE;;;;;;;;;0;;;;0;1T passe 1C passe 1P passe 3K passe;;suit_length;P>=5;;;3P;3725
2591;FORCING4;;FREE;;;;;;;;;0;;;;0;1T passe 1K passe 1P passe 3C passe;;suit_length;P>=5;;;3P;3726
2592;FORCING4;;FREE;;;;;;;;;0;;;;0;1K passe 1C o 2T passe 2P passe;;suit_length;T>=5;;;3T;3727
2593;FORCING4;;FREE;;;;;;;;;0;;;;0;1K o 1P o 2T passe 2C passe;;suit_length;T>=5;;;3T;3728
2594;FORCING4;;FREE;;;;;;;;;0;;;;0;1C passe 1P o 2T o 2K passe;;suit_length;T>=5;;;3T;3729
2595;FORCING4;;FREE;;;;;;;;;0;;;;0;1C passe 1P o 2K o 3T passe;;suit_length;K>=5;;;3K;3730
2596;FORCING4;;FREE;;;;;;;;;0;;;;0;1C passe 2T passe 2K o 2P passe;;suit_length;K>=5;;;3K;3731
2597;FORCING4;;FREE;;;;;;;;;0;;;;0;1P passe 2T passe 2K o 2C passe;;suit_length;K>=5;;;3K;3732
2598;FORCING4;;FREE;;;;;;;;;0;;;;0;1C passe 2T passe 2K o 3P passe;;suit_length;K>=5;;;4K;3733
2599;FORCING4;;FREE;;;;;;;;;0;;;;0;1P passe 2T passe 2K o 3C passe;;suit_length;K>=5;;;4K;3734
2600;FORCING4;;FREE;;;;;;;;;0;;;;0;1P passe 2T o 2C o 3K passe;;suit_length;C>=5;;;3C;3735
2601;FORCING4;;FREE;;;;;;;;;0;;;;0;1P passe 2K o 2C o 3T passe;;suit_length;C>=5;;;3C;3736
2602;FORCING4;;FREE;;;;;;;;;0;;;;0;1T o 1C o 2K o 2P passe;;suit_length;K>=5;;;3K;3737
2603;FORCING4;;FREE;;;;;;;;;0;;;;0;1T o 1P o 2K o 2C passe;;suit_length;K>=5;;;3K;3738
2604;FORCING4;;FREE;;;;;;;;;0;;;;0;1T o 1P o 2C o 3K passe;;suit_length;C>=5;;;3C;3739
2605;FORCING4;;FREE;;;;;;;;;0;;;;0;1K o 1P o 2C o 3T passe;;suit_length;C>=5;;;3C;3740
2606;FORCING4;;FREE;;;;;;;;;0;;;;0;1K o 2T o 2C o 2P passe;;suit_length;C>=5;;;3C;3741
2607;FORCING4;;FREE;;;;;;;;;0;;;;0;1K o 2T o 2P o 3C passe;;suit_length;P>=5;;;3P;3742
2608;FORCING4;;FREE;;;;;;;;;0;;;;0;1C o 2T o 2P o 3K passe;;suit_length;P>=5;;;3P;3743
2609;FORCING4;;FREE;;;;;;;;;0;;;;0;1C o 2K o 2P o 3T passe;;suit_length;P>=5;;;3P;3744
2610;FORCING4;;FREE;;;;;;;;;0;;;;0;1T o 1K passe 2C passe 2P passe;;suit_length;C>=5;;;3C;3745
2611;FORCING4;;FREE;;;;;;;;;0;;;;0;1T o 1K passe 2P passe 3C passe;;suit_length;P>=5;;;3P;3746
2612;FORCING4;;FREE;;;;;;;;;0;;;;0;1T o 1C passe 2P passe 3K passe;;suit_length;P>=5;;;3P;3747
2613;FORCING4;;FREE;;;;;;;;;0;;;;0;1K o 1C passe 2P passe 3T passe;;suit_length;P>=5;;;3P;3748
2614;FORCING4;;FREE;;;;;;;;;0;;;;0;1K o 1C passe 3T passe 3P passe;;suit_length;T>=5;;;4T;3749
2615;FORCING4;;FREE;;;;;;;;;0;;;;0;1K o 1P passe 3T passe 3C passe;;suit_length;T>=5;;;4T;3750
2616;FORCING4;;FREE;;;;;;;;;0;;;;0;1C o 1P passe 3T passe 3K passe;;suit_length;T>=5;;;4T;3751
2617;FORCING4;;FREE;;;;;;;;;0;;;;0;1C o 1P passe 3K passe 4T passe;;suit_length;K>=5;;;4K;3752
2618;FORCING4;;FREE;;;;;;;;;0;;;;0;1C o 2T passe 3K passe 3P passe;;suit_length;K>=5;;;4K;3753
2619;FORCING4;;FREE;;;;;;;;;0;;;;0;1P o 2T passe 3K passe 3C passe;;suit_length;K>=5;;;4K;3754
2620;FORCING4;;FREE;;;;;;;;;0;;;;0;1P o 2T passe 3C passe 4K passe;;suit_length;C>=5;;;4C;3755
2621;FORCING4;;FREE;;;;;;;;;0;;;;0;1P o 2K passe 3C passe 4T passe;;suit_length;C>=5;;;4C;3756
2622;FORCING4;;FREE;>=14H;;;;;;;;0;;;;0;2T passe;;ace;T3;;;3T;3757
2623;FORCING4;;FREE;>=14H;;;;;;;;0;;;;0;2K passe;;ace;K3;;;3K;3758
2624;FORCING4;;FREE;;;;;;;;;0;;;;0;2C passe;;suit_length;C>=4;;;3C;3759
2625;FORCING4;;FREE;;;;;;;;;0;;;;0;2P passe;;suit_length;P>=4;;;3P;3760
2626;FORCING4;;FREE;>=14H;;;;;;;;0;;;;0;3T passe;;ace;T3;;;4T;3761
2627;FORCING4;;FREE;>=14H;;;;;;;;0;;;;0;3K passe;;ace;K3;;;4K;3762
2628;FORCING4;;FREE;;;;;;;;;0;;;;0;3C passe;;suit_length;C>=4;;;4C;3763
2629;FORCING4;;FREE;;;;;;;;;0;;;;0;3P passe;;suit_length;P>=4;;;4P;3764
2630;FORCING4;;FREE;>=14H;;;;;;;;0;;;;0;4T passe;;ace;T3;;;5T;3765
2631;FORCING4;;FREE;>=14H;;;;;;;;0;;;;0;4K passe;;ace;K3;;;5K;3766
2632;FORCING4;;FREE;>=8HL;;;;;;;;0;;;;0;1T o 1M o 2K o 2E passe;stop_unnamed_suits;;;;;3SA;3767
2633;FORCING4;;FREE;;;;;;;;;0;;;;0;1T o 1M o 2K o 2E passe;stop_unnamed_suits;;;;;2SA;3768
2634;FORCING4;;FREE;>=8HL;;;;;;;;0;;;;0;1m o 1P o 2C 3E passe;stop_unnamed_suits;;;;;3SA;3769
2635;FORCING4;;FREE;;;;;;;;;0;;;;0;1K o 2T o 2C o 2P passe;stop_unnamed_suits;;;;;3SA;3770
2636;FORCING4;;FREE;;;;;;;;;0;;;;0;1K o 2T o 2P o 3C passe;stop_unnamed_suits;;;;;3SA;3771
2637;FORCING4;;FREE;;;;;;;;;0;;;;0;1C o 2m o 2P o 3E passe;stop_unnamed_suits;;;;;3SA;3772
2638;FORCING4;;FREE;>=8HL;;;;;;;;0;;;;0;1T o 1K passe 2C passe 2P passe;stop_unnamed_suits;;;;;3SA;3773
2639;FORCING4;;FREE;;;;;;;;;0;;;;0;1T o 1K passe 2C passe 2P passe;stop_unnamed_suits;;;;;2SA;3774
2640;FORCING4;;FREE;>=8HL;;;;;;;;0;;;;0;1T o 1K passe 2P passe 3C passe;stop_unnamed_suits;;;;;3SA;3775
2641;FORCING4;;FREE;>=8HL;;;;;;;;0;;;;0;1m o 1C passe 2P passe 3E passe;stop_unnamed_suits;;;;;3SA;3776
2642;FORCING4;;FREE;>=8HL;;;;;;;;0;;;;0;1K o 1M passe 3T passe 3E passe;stop_unnamed_suits;;;;;3SA;3777
2643;FORCING4;;FREE;>=8HL;;;;;;;;0;;;;0;1C o 1P passe 3T passe 3K passe;stop_unnamed_suits;;;;;3SA;3778
2644;FORCING4;;FREE;;;;;;;;;0;;;;0;1M o 2T passe 3K passe 3E passe;stop_unnamed_suits;;;;;3SA;3779
2645;FORCING4;;FREE;>=13HL;;;;;;;;0;;;;0;2E passe;stop_unnamed_suits;;;;;3SA;3780
2646;FORCING4;;FREE;>=11Hl;;;;;;;;0;;;;0;2E passe;stop_unnamed_suits;;;;;2SA;3781
2647;FORCING4;;FREE;>=13HL;;;;;;;;0;;;;0;3E passe;stop_unnamed_suits;;;;;3SA;3782
2648;FORCING4;;FREE;;;;;;;;;0;;;;0;1K passe 1C passe 1P passe 2T passe;;;;;;2K;3783
2649;FORCING4;;FREE;;;;;;;;;0;;;;0;1T passe 1C passe 1P passe 2K passe;;;;;;3T;3784
2650;FORCING4;;FREE;;;;;;;;;0;;;;0;1T passe 1K passe 1P passe 2C passe;;;;;;3T;3785
2651;FORCING4;;FREE;;;;;;;;;0;;;;0;1T passe 1K passe 1C passe 2P passe;;;;;;3T;3786
2652;FORCING4;;FREE;;;;;;;;;0;;;;0;1T passe 1C passe 1P passe 3K passe;;;;;;4T;3787
2653;FORCING4;;FREE;;;;;;;;;0;;;;0;1T passe 1K passe 1P passe 3C passe;;;;;;4T;3788
2654;FORCING4;;FREE;;;;;;;;;0;;;;0;1K passe 1C o 2T passe 2P passe;;;;;;3K;3789
2655;FORCING4;;FREE;;;;;;;;;0;;;;0;1K o 1P o 2T passe 2C passe;;;;;;3K;3790
2656;FORCING4;;FREE;;;;;;;;;0;;;;0;1C passe 1P o 2T o 2K passe;;;;;;2C;3791
2657;FORCING4;;FREE;;;;;;;;;0;;;;0;1C passe 1P o 2K o 3T passe;;;;;;3C;3792
2658;FORCING4;;FREE;;;;;;;;;0;;;;0;1C passe 2T passe 2K o 2P passe;;;;;;3C;3793
2659;FORCING4;;FREE;;;;;;;;;0;;;;0;1P passe 2T passe 2K o 2C passe;;;;;;2P;3794
2660;FORCING4;;FREE;;;;;;;;;0;;;;0;1C passe 2T passe 2K o 3P passe;;;;;;4C;3795
2661;FORCING4;;FREE;;;;;;;;;0;;;;0;1P passe 2T passe 2K o 3C passe;;;;;;3P;3796
2662;FORCING4;;FREE;;;;;;;;;0;;;;0;1P passe 2T o 2C o 3K passe;;;;;;3P;3797
2663;FORCING4;;FREE;;;;;;;;;0;;;;0;1P passe 2K o 2C o 3T passe;;;;;;3P;3798
2664;FORCING4;;FREE;;;;;;;;;0;;;;0;1T o 1C o 2K o 2P passe;;;;;;3T;3799
2665;FORCING4;;FREE;;;;;;;;;0;;;;0;1T o 1P o 2K o 2C passe;;;;;;3T;3800
2666;FORCING4;;FREE;;;;;;;;;0;;;;0;1T o 1P o 2C o 3K passe;;;;;;4T;3801
2667;FORCING4;;FREE;;;;;;;;;0;;;;0;1K o 1P o 2C o 3T passe;;;;;;3K;3802
2668;FORCING4;;FREE;;;;;;;;;0;;;;0;1K o 2T o 2C o 2P passe;;;;;;3K;3803
2669;FORCING4;;FREE;;;;;;;;;0;;;;0;1K o 2T o 2P o 3C passe;;;;;;4K;3804
2670;FORCING4;;FREE;;;;;;;;;0;;;;0;1C o 2T o 2P o 3K passe;;;;;;3C;3805
2671;FORCING4;;FREE;;;;;;;;;0;;;;0;1C o 2K o 2P o 3T passe;;;;;;3C;3806
2672;FORCING4;;FREE;;;;;;;;;0;;;;0;1T o 1K passe 2C passe 2P passe;;;;;;3T;3807
2673;FORCING4;;FREE;;;;;;;;;0;;;;0;1T o 1K passe 2P passe 3C passe;;;;;;4T;3808
2674;FORCING4;;FREE;;;;;;;;;0;;;;0;1T o 1C passe 2P passe 3K passe;;;;;;4T;3809
2675;FORCING4;;FREE;;;;;;;;;0;;;;0;1K o 1C passe 2P passe 3T passe;;;;;;3K;3810
2676;FORCING4;;FREE;;;;;;;;;0;;;;0;1K o 1C passe 3T passe 3P passe;;;;;;4K;3811
2677;FORCING4;;FREE;;;;;;;;;0;;;;0;1K o 1P passe 3T passe 3C passe;;;;;;4K;3812
2678;FORCING4;;FREE;;;;;;;;;0;;;;0;1C o 1P passe 3T passe 3K passe;;;;;;3C;3813
2679;FORCING4;;FREE;;;;;;;;;0;;;;0;1C o 1P passe 3K passe 4T passe;;;;;;4C;3814
2680;FORCING4;;FREE;;;;;;;;;0;;;;0;1C o 2T passe 3K passe 3P passe;;;;;;4C;3815
2681;FORCING4;;FREE;;;;;;;;;0;;;;0;1P o 2T passe 3K passe 3C passe;;;;;;3P;3816
2682;FORCING4;;FREE;;;;;;;;;0;;;;0;1P o 2T passe 3C passe 4K passe;;;;;;4P;3817
2683;FORCING3;;FREE;11-13H;;;;;;;;0;;;;0;1T o 1C o 2T o 2K passe;;suit_length;C>=3;;;2C;3851
2684;FORCING3;;FREE;11-13H;;;;;;;;0;;;;0;1T o 1P o 2T o 2K passe;;suit_length;P>=3;;;2P;3852
2685;FORCING3;;FREE;11-13H;;;;;;;;0;;;;0;1K o 1P o 2K o 2C passe;;suit_length;P>=3;;;2P;3853
2686;FORCING3;;FREE;14-16H;;;;;;;;0;;;;0;1T o 1C o 2T o 2K passe;;suit_length;C>=3;;;3C;3854
2687;FORCING3;;FREE;14-16H;;;;;;;;0;;;;0;1T o 1P o 2T o 2K passe;;suit_length;P>=3;;;3P;3855
2688;FORCING3;;FREE;14-16H;;;;;;;;0;;;;0;1K o 1P o 2K o 2C passe;;suit_length;P>=3;;;3P;3856
2689;FORCING3;;FREE;11-13H;;;;;;;;0;;;;0;1T o 1M o 2T o 2K passe;stop_unnamed_suits;;;;;2SA;3857
2690;FORCING3;;FREE;11-13H;;;;;;;;0;;;;0;1K o 1P o 2K o 2C passe;stop_unnamed_suits;;;;;2SA;3858
2691;FORCING3;;FREE;14-16H;;;;;;;;0;;;;0;1T o 1M o 2T o 2K passe;stop_unnamed_suits;;;;;3SA;3859
2692;FORCING3;;FREE;14-16H;;;;;;;;0;;;;0;1K o 1P o 2K o 2C passe;stop_unnamed_suits;;;;;3SA;3860
2693;FORCING3;;FREE;14-16H;;;;;;;;0;;;;0;1T o 1M o 2T o 2K passe;;suit_length;K>=4;;;3K;3861
2694;FORCING3;;FREE;11-16H;;;;;;;;0;;;;0;1K o 1P o 2K o 2C passe;;suit_length;C>=4;;;3C;3862
2695;FORCING3;;FREE;11-13H;;;;>=6;;;;0;;;;0;1T o 1M o 2T o 2K passe;;;;;;3T;3863
2696;FORCING3;;FREE;11-13H;;;;>=6;;;;0;;;;0;1K o 1P o 2K o 2C passe;;;;;;3K;3864
2697;FORCING3;;FREE;;;;;;;;;0;;;;0;1T o 1C o 2T o 2K passe;;;;;;2P;3865
2698;FORCING3;;FREE;;;;;;;;;0;;;;0;1T o 1P o 2T o 2K passe;;;;;;2C;3866
2699;FORCING3;;FREE;;;;;;;;;0;;;;0;1K o 1P o 2K o 2C passe;;;;;;3T;3867
2700;OUV_2K;;OUV_2K;;;;;;;;;0;;;;0;2K passe;;aces_count;=0;;;2C;4000
2701;OUV_2K;;OUV_2K;;;;;;;;;0;;;;0;2K passe;one_major_ace;;;;;2P;4001
2702;OUV_2K;;OUV_2K;;;;;;;;;0;;;;0;2K passe;;aces_count;2;;;2SA;4002
2703;OUV_2K;;OUV_2K;;;;;;;;;0;;;;0;2K passe;;ace;T1;;;3T;4003
2704;OUV_2K;;OUV_2K;;;;;;;;;0;;;;0;2K passe;;ace;K1;;;3K;4004
2705;OUV_2K;;FREE;;;;pique;>=5;;;;0;;;;0;2K 2C;;points_H;P>=3;;;2P;4005
2706;OUV_2K;;FREE;;;;;>=6;;;;0;;;;0;2K 2P;;long_color_points_H;>=3;long_suit;3CL1;;4006
2707;OUV_2K;;FREE;;;;carreau;>=6;;;;0;;;;0;2K 3T;;points_H;K>=3;;;3K;4007
2708;OUV_2K;;FREE;;;;Majeure;>=6;;;;0;;;;0;2K 3m;;long_color_points_H;>=3;long_suit;3CL1;;4007
2709;OUV_2K;;FREE;>=3H;régulier;;;;;;;0;;;;0;2K 2M;stop_opponents_suits;;;;;2SA;4008
2710;OUV_2K;;FREE;>=5H;régulier;;;;;;;0;;;;0;2K 3m;stop_opponents_suits;;;;;3SA;4009
2711;OUV_2K;;FREE;>=3H;;;;;;;;0;;;;0;2K 2M;;;;;;X;4010
2712;OUV_2K;;FREE;>=5H;;;;;;;;0;;;;0;2K 3m;;;;;;X;4011
2713;OUV_2K;;FREE;;;;Majeure;>=5;;;;0;;;;0;2K X;;long_color_points_H;>=3;long_suit;2CL1;;4012
2714;OUV_2K;;FREE;;;;mineure;>=6;;;;0;;;;0;2K X;;long_color_points_H;>=3;long_suit;3CL1;;4013
2715;OUV_2K;;FREE;>=3H;régulier;;;;;;;0;;;;0;2K X;;;;;;2SA;4014
2716;OUV_2K;;FREE;>=3H;;;;;;;;0;;;;0;2K X;;;;;;XX;4015
2717;OUV_2K;;PASS;;;;Majeure;>=6;;;;0;;;;0;2K passe 2C passe;;aces_count;2;long_suit;4CL1;;4016
2718;OUV_2K;;PASS;;régulier;;;;;;;0;;;;0;2K passe 2C passe;;aces_count;2;;;3SA;4017
2719;OUV_2K;;OUV_2K;;;;;>=5;;;;0;;;;0;2K passe 2C passe;;;;;;2P;4018
2720;OUV_2K;;OUV_2K;;semi-régulier;;;;;;;0;;;;0;2K passe 2M passe;;;;;;2SA;4019
2721;OUV_2K;;OUV_2K;;;;;>=6;;;;0;;;;0;2K passe 2M passe;;;;long_suit;3CL1;;4020
2722;OUV_2K;;OUV_2K;;irrégulier;;;>=5;;;;0;;;;0;2K passe 2M passe;;long_color_points_H;>=6;long_suit;3CL1;;4020
2723;OUV_2K;;OUV_2K;;;;Majeure;>=6;;;;0;;;;0;2K passe 3m passe;;;;long_suit;3CL1;;4021
2724;OUV_2K;;OUV_2K;;irrégulier;;Majeure;>=5;;;;0;;;;0;2K passe 3m passe;;long_color_points_H;>=6;long_suit;3CL1;;4021
2725;OUV_2K;;OUV_2K;;;;carreau;>=6;;;;0;;;;0;2K passe 3T passe;;;;;;3K;4022
2726;OUV_2K;;OUV_2K;;irrégulier;;carreau;>=5;;;;0;;;;0;2K passe 3T passe;;long_color_points_H;>=6;;;3K;4022
2727;OUV_2K;;OUV_2K;;;;;>=6;;;;0;;;;0;2K passe 2SA passe;;;;long_suit;3CL1;;4023
2728;OUV_2K;;OUV_2K;;irrégulier;;;>=5;;;;0;;;;0;2K passe 2SA passe;;long_color_points_H;>=6;long_suit;3CL1;;4023
2729;OUV_2K;;OUV_2K;;semi-régulier;;;;;;;0;;;;0;2K passe 2SA passe;;;;;;3SA;4024
2730;OUV_2K;;OUV_2K;;semi-régulier;;;;;;;0;;;;0;2K passe 3m passe;;;;;;3SA;4025
2731;OUV_2K;;OUV_2K;;;;trèfle;>=6;;;;0;;;;0;2K passe 3T passe;;;;;;4T;4026
2732;OUV_2K;;OUV_2K;;;;mineure;>=6;;;;0;;;;0;2K passe 3K passe;;;;long_suit;4CL1;;4027
2733;OUV_2K;;FREE;>=6HLD;;;;;;;;0;;;>=3;0;2K passe 2C passe 2P passe;;;;;;3P;4028
2734;OUV_2K;;PASS;<6HLD;;;;;;;;0;;;>=3;0;2K passe 2C passe 2P passe;;;;;;4P;4029
2735;OUV_2K;;FREE;;;;;>=5;;;;0;;;<3;0;2K passe 2C passe 2P passe;;long_color_points_H;>=3;long_suit;3CL1;;4030
2736;OUV_2K;;FREE;;;;;>=6;;;;0;;;<3;0;2K passe 2C passe 2P passe;;;;long_suit;3CL1;;4030
2737;OUV_2K;;OUV_2K;;;;;;;;;0;;;;0;2K passe 2C passe 2P passe;;;;;;2SA;4031
2738;OUV_2K;;PASS;;;;pique;>=6;;;;0;;;;0;2K passe 2C passe 2P passe 2SA passe;;;;;;4P;4032
2739;OUV_2K;;OUV_2K;;;;;;;>=4;;0;;;;0;2K passe 2C passe 2P passe 2SA passe;;;;long_suit;3CL2;;4033
2740;OUV_2K;;PASS;;semi-régulier;;;;;;;0;;;;0;2K passe 2C passe 2P passe 2SA passe;;;;;;3SA;4034
2741;OUV_2K;;PASS;;;;;;;;;0;;;>=4;0;2K passe 2C passe 2P passe 2SA passe 3m passe;;;;support;5;;4035
2742;OUV_2K;;PASS;;;;;;;;;0;;;>=4;0;2K passe 2C passe 2P passe 2SA passe 3C passe;;;;;;4C;4036
2743;OUV_2K;;PASS;;;;;;;;;0;;;;0;2K passe 2C passe 2P passe 2SA passe 3E passe;;suit_length;P>=3;;;4P;4037
2744;OUV_2K;;PASS;;;;;;;;;0;;;;0;2K passe 2C passe 2P passe 2SA passe 3E passe;;;;;;3SA;4038
2745;OUV_2K;;PASS;<6HL;;;;;;;;0;;;;0;2K passe 2M passe 2SA passe;;;;;;3SA;4039
2746;OUV_2K;;OUV_2K;>=6HL;;;;;;;;0;;;;0;2K passe 2M passe 2SA passe;;;;;;4SA;4040
2747;OUV_2K;;PASS;<27HL;;;;;;;;0;;;;0;4SA passe;;;;;;passe;none
2748;OUV_2K;;PASS;>=27HL;;;;;;;;0;;;;0;4SA passe;;;;;;6SA;4041
2749;OUV_2K;;OUV_2K;;;;;;;;;0;;;;0;2K passe 2M passe 2SA passe;major_4;;;;;3T;4042
2750;OUV_2K;;OUV_2K;;;;;;;;;0;;;;0;2K passe 2M passe 2SA passe 3T passe;;majors_at_least_4;=0;;;3K;4043
2751;OUV_2K;;OUV_2K;;;;;;;;;0;;;;0;2K passe 2M passe 2SA passe 3T passe;;majors_at_least_4;1;best_major;3;;4044
2752;OUV_2K;;OUV_2K;;;;;;;;;0;;;;0;2K passe 2M passe 2SA passe 3T passe;;majors_at_least_4;2;;;3SA;4045
2753;OUV_2K;;FREE;>=6HL;;;mineure;>=6;;;;0;;;;0;2K passe 2M passe 2SA passe 3T passe 3K passe;;;;long_suit;4CL1;;4046
2754;OUV_2K;;PASS;<6HL;régulier;;;;;;;0;;;;0;2K passe 2M passe 2SA passe 3T passe 3K passe;;;;;;3SA;4047
2755;OUV_2K;;OUV_2K;>=6HL;régulier;;;;;;;0;;;;0;2K passe 2M passe 2SA passe 3T passe 3K passe;;;;;;4SA;4048
2756;OUV_2K;;OUV_2K;>=3HL;;;pique;>=5;coeur;4;;0;;;;0;2K passe 2M passe 2SA passe 3T passe 3K passe;;;;;;3C;4049
2757;OUV_2K;;OUV_2K;>=3HL;;;coeur;>=5;pique;4;;0;;;;0;2K passe 2M passe 2SA passe 3T passe 3K passe;;;;;;3P;4050
2758;OUV_2K;;PASS;<6HLD;;;;;;;;0;;;>=4;0;2K passe 2M passe 2SA passe 3T passe 3M passe;;;;support;4;;4051
2759;OUV_2K;;FREE;>=6HLD;;;;;;;;0;;;;0;2K passe 2M passe 2SA passe 3T passe 3C passe;;suit_length;C>=4;;;3P;4052
2760;OUV_2K;;FREE;>=6HLD;;;;;;;;0;;;;0;2K passe 2M passe 2SA passe 3T passe 3P passe;;suit_length;P>=4;;;4C;4053
2761;OUV_2K;;FREE;>=6HL;;;mineure;>=6;;;;0;;;;0;2K passe 2M passe 2SA passe 3T passe 3M passe;;;;long_suit;4CL1;;4054
2762;OUV_2K;;OUV_2K;>=6HLD;;;;;;;;0;;;;0;2K passe 2M passe 2SA passe 3T passe 3SA passe;;suit_length;C>=4;;;4T;4055
2763;OUV_2K;;OUV_2K;>=6HLD;;;;;;;;0;;;;0;2K passe 2M passe 2SA passe 3T passe 3SA passe;;suit_length;P>=4;;;4K;4056
2764;OUV_2K;;PASS;<6HLD;;;;;;;;0;;;;0;2K passe 2M passe 2SA passe 3T passe 3SA passe;;suit_length;C>=4;;;4C;4057
2765;OUV_2K;;PASS;<6HLD;;;;;;;;0;;;;0;2K passe 2M passe 2SA passe 3T passe 3SA passe;;suit_length;P>=4;;;4P;4058
2766;OUV_2K;;FREE;>=6HLD;;;;;;;;0;;;;0;2K passe 2M passe 2SA passe 3T passe 3K passe 3C passe;;suit_length;P>=3;;;3P;4059
2767;OUV_2K;;FREE;>=6HLD;;;;;;;;0;;;;0;2K passe 2M passe 2SA passe 3T passe 3K passe 3P passe;;suit_length;C>=3;;;3C;4060
2768;OUV_2K;;PASS;<6HLD;;;;;;;;0;;;;0;2K passe 2M passe 2SA passe 3T passe 3K passe 3C passe;;suit_length;P>=3;;;4P;4061
2769;OUV_2K;;PASS;<6HLD;;;;;;;;0;;;;0;2K passe 2M passe 2SA passe 3T passe 3K passe 3P passe;;suit_length;C>=3;;;4C;4062
2770;OUV_2K;;FREE;;;;;;;;;0;;;;0;2K passe 2M passe 2SA passe 3T passe 3SA passe 4T passe;;;;;;4C;4063
2771;OUV_2K;;FREE;;;;;;;;;0;;;;0;2K passe 2M passe 2SA passe 3T passe 3SA passe 4K passe;;;;;;4P;4064
2772;OUV_2K;;OUV_2K;;;;coeur;>=5;;;;0;;;;0;2K passe 2M passe 2SA passe;;;;;;3K;4065
2773;OUV_2K;;OUV_2K;;;;pique;>=5;;;;0;;;;0;2K passe 2M passe 2SA passe;;;;;;3C;4066
2774;OUV_2K;;OUV_2K;;;;trèfle;>=6;;;;0;;;;0;2K passe 2M passe 2SA passe;;;;;;3P;4067
2775;OUV_2K;;OUV_2K;;;;carreau;>=6;;;;0;;;;0;2K passe 2M passe 2SA passe;;;;;;4T;4068
2776;OUV_2K;;OUV_2K;;bicolore 5/5;pique,coeur;;;;;;0;;;;0;2K passe 2M passe 2SA passe;;;;;;4K;4069
2777;OUV_2K;;FREE;;;;;;;;;0;;;;0;2K passe 2M passe 2SA passe 3K passe;;suit_length;C>=3;;;3C;4070
2778;OUV_2K;;FREE;;;;;;;;;0;;;;0;2K passe 2M passe 2SA passe 3C passe;;suit_length;P>=3;;;3P;4071
2779;OUV_2K;;FREE;;;;;;;;;0;;;;0;2K passe 2M passe 2SA passe 3P passe;;suit_length;T>=3;;;4T;4072
2780;OUV_2K;;FREE;;;;;;;;;0;;;;0;2K passe 2M passe 2SA passe 4T passe;;suit_length;K>=3;;;4K;4073
2781;OUV_2K;;FREE;;;;;;;;;0;;;;0;2K passe 2M passe 2SA passe 4K passe;;suit_length;C>=3;;;4C;4074
2782;OUV_2K;;FREE;;;;;;;;;0;;;;0;2K passe 2M passe 2SA passe 4K passe;;suit_length;P>=3;;;4P;4075
2783;OUV_2K;;PASS;;;;;;;;;0;;;;0;2K passe 2M passe 2SA passe 3P passe;;points_H;T>=3;;;5T;4076
2784;OUV_2K;;PASS;;;;;;;;;0;;;;0;2K passe 2M passe 2SA passe 4T passe;;points_H;K>=3;;;5K;4077
2785;OUV_2K;;FREE;;;;;;;;;0;;;;0;2K passe 2M passe 2SA passe 3K passe;;;;;;3SA;4078
2786;OUV_2K;;FREE;;;;;;;;;0;;;;0;2K passe 2M passe 2SA passe 3C passe;;;;;;3SA;4079
2787;OUV_2K;;PASS;;;;;;;;;0;;;;0;2K passe 2M passe 2SA passe 3P passe;;;;;;passe;none
2788;OUV_2K;;PASS;;;;;;;;;0;;;;0;2K passe 2M passe 2SA passe 4T passe;;;;;;passe;none
2789;OUV_2K;;FREE;;;;;;;;;0;;;;0;2K passe 2M passe 2SA passe 4K passe;;;;;;4SA;4080
2790;OUV_2K;;FREE;>=6HLD;;;;;;;;0;;;>=3;0;2K passe 2M passe 3m passe;;;;support;4;;4081
2791;OUV_2K;;PASS;<6HLD;;;;;;;;0;;;>=3;0;2K passe 2M passe 3m passe;;;;support;5;;4082
2792;OUV_2K;;FREE;;;;Majeure;>=5;;;;0;;;<3;0;2K passe 2M passe 3m passe;;;;long_suit;3CL1;;4083
2793;OUV_2K;;FREE;;;;;;;;;0;;;<3;0;2K passe 2M passe 3m passe;;;;;;3SA;4084
2794;OUV_2K;;FREE;>=6HLD;;;;;;;;0;;;>=3;0;2K passe 2M passe 3C passe;;;;first_control;;;4085
2795;OUV_2K;;PASS;<6HLD;;;;;;;;0;;;>=3;0;2K passe 2M passe 3C passe;;;;;;4C;4086
2796;OUV_2K;;FREE;;;;;;;;;0;;;<3;0;2K passe 2M passe 3C passe;;;;;;3SA;4087
2797;OUV_2K;;FREE;>=6HLD;;;;;;;;0;;;>=3;0;2K passe 2M passe 3P passe;;;;first_control;;;4088
2798;OUV_2K;;PASS;<6HLD;;;;;;;;0;;;>=3;0;2K passe 2M passe 3P passe;;;;;;4P;4089
2799;OUV_2K;;FREE;;;;;;;;;0;;;<3;0;2K passe 2M passe 3P passe;;;;;;3SA;4090
2800;OUV_2K;;FREE;>=6HLD;;;;;;;;0;;;>=3;0;2K passe 3m passe 3C passe;;;;first_control;;;4091
2801;OUV_2K;;PASS;<6HLD;;;;;;;;0;;;>=3;0;2K passe 3m passe 3C passe;;;;;;4C;4092
2802;OUV_2K;;FREE;;;;;;;;;0;;;<3;0;2K passe 3m passe 3C passe;;;;;;3SA;4093
2803;OUV_2K;;FREE;>=6HLD;;;;;;;;0;;;>=3;0;2K passe 3m passe 3P passe;;;;first_control;;;4094
2804;OUV_2K;;PASS;<6HLD;;;;;;;;0;;;>=3;0;2K passe 3m passe 3P passe;;;;;;4P;4095
2805;OUV_2K;;FREE;;;;;;;;;0;;;<3;0;2K passe 3m passe 3P passe;;;;;;3SA;4096
2806;OUV_2K;;FREE;>=6HLD;;;;;;;;0;;;>=3;0;2K passe 3T passe 3K passe;;;;;;4K;4097
2807;OUV_2K;;PASS;<6HLD;;;;;;;;0;;;>=3;0;2K passe 3T passe 3K passe;;;;;;5K;4098
2808;OUV_2K;;FREE;;;;Majeure;>=5;;;;0;;;<3;0;2K passe 3T passe 3K passe;;;;long_suit;3CL1;;4099
2809;OUV_2K;;FREE;;;;;;;;;0;;;<3;0;2K passe 3T passe 3K passe;;;;;;3SA;4100
2810;OUV_2K;;FREE;;;;;;;;;0;;;>=3;0;2K passe 2SA passe 3m passe;;;;support;4;;4101
2811;OUV_2K;;FREE;;;;Majeure;>=5;;;;0;;;<3;0;2K passe 2SA passe 3m passe;;;;long_suit;3CL1;;4102
2812;OUV_2K;;FREE;;;;;;;;;0;;;<3;0;2K passe 2SA passe 3m passe;;;;;;3SA;4103
2813;OUV_2K;;FREE;;;;;;;;;0;;;>=3;0;2K passe 2SA passe 3M passe;;;;first_control;;;4104
2814;OUV_2K;;FREE;;;;;;;;;0;;;<3;0;2K passe 2SA passe 3M passe;;;;;;3SA;4105
2815;OUV_2K;;OUV_2K;;;;;;;;;0;;;;0;2K passe 2SA passe 3SA passe;major_4;;;;;4T;4106
2816;OUV_2K;;OUV_2K;;;;;;;;;0;;;;0;2K passe 2SA passe 3SA passe 4T passe;;majors_at_least_4;=0;;;4K;4107
2817;OUV_2K;;OUV_2K;;;;;;;;;0;;;;0;2K passe 2SA passe 3SA passe 4T passe;;majors_at_least_4;1;best_major;4;;4108
2818;OUV_2K;;OUV_2K;;;;;;;;;0;;;;0;2K passe 2SA passe 3SA passe 4T passe;;majors_at_least_4;2;;;4SA;4109
2819;OUV_2K;;FREE;;;;;;;;;0;;;;0;2K passe 2SA passe 3SA passe 4T passe 4K passe;;;;;;6SA;4110
2820;OUV_2K;;FREE;;;;;;;;;0;;;>=4;0;2K passe 2SA passe 3SA passe 4T passe 4M passe;;;;support;6;;4111
2821;OUV_2K;;FREE;;;;;;;;;0;;;<4;0;2K passe 2SA passe 3SA passe 4T passe 4M passe;;;;;;6SA;4112
2822;OUV_2K;;FREE;;;;;;;;;0;;;;0;2K passe 2SA passe 3SA passe 4T passe 4SA passe;;suit_length;C>=4;;;6C;4113
2823;OUV_2K;;FREE;;;;;;;;;0;;;;0;2K passe 2SA passe 3SA passe 4T passe 4SA passe;;suit_length;P>=4;;;6P;4114
2824;OUV_2K;;FREE;;;;;;;;;0;;;;0;2K passe 2SA passe 3SA passe 4T passe 4SA passe;;;;;;6SA;4115
2825;OUV_2K;;OUV_2K;;;;coeur;>=5;;;;0;;;;0;2K passe 2SA passe 3SA passe;;;;;;4K;4116
2826;OUV_2K;;OUV_2K;;;;pique;>=5;;;;0;;;;0;2K passe 2SA passe 3SA passe;;;;;;4C;4117
2827;OUV_2K;;OUV_2K;;;;trèfle;>=6;;;;0;;;;0;2K passe 2SA passe 3SA passe;;;;;;4P;4118
2828;OUV_2K;;OUV_2K;;;;carreau;>=6;;;;0;;;;0;2K passe 2SA passe 3SA passe;;;;;;5T;4119
2829;OUV_2K;;PASS;>=28HLD;;;;;;;;0;;;;0;2K passe 2SA passe 3SA passe 4K passe;;suit_length;C>=3;;;7C;4120
2830;OUV_2K;;PASS;>=28HLD;;;;;;;;0;;;;0;2K passe 2SA passe 3SA passe 4C passe;;suit_length;P>=3;;;7P;4121
2831;OUV_2K;;PASS;>=28HLD;;;;;;;;0;;;;0;2K passe 2SA passe 3SA passe 4P passe;;suit_length;T>=3;;;7T;4122
2832;OUV_2K;;PASS;>=28HLD;;;;;;;;0;;;;0;2K passe 2SA passe 3SA passe 5T passe;;suit_length;K>=3;;;7K;4123
2833;OUV_2K;;FREE;;;;;;;;;0;;;;0;2K passe 2SA passe 3SA passe 4K passe;;suit_length;C>=3;;;6C;4124
2834;OUV_2K;;FREE;;;;;;;;;0;;;;0;2K passe 2SA passe 3SA passe 4C passe;;suit_length;P>=3;;;6P;4125
2835;OUV_2K;;FREE;;;;;;;;;0;;;;0;2K passe 2SA passe 3SA passe 4P passe;;suit_length;T>=3;;;6T;4126
2836;OUV_2K;;FREE;;;;;;;;;0;;;;0;2K passe 2SA passe 3SA passe 5T passe;;suit_length;K>=3;;;6K;4127
2837;OUV_2K;;FREE;;;;;;;;;0;;;;0;2K passe 2SA passe 3SA passe 4K passe;;;;;;6SA;4128
2838;OUV_2K;;FREE;;;;;;;;;0;;;;0;2K passe 2SA passe 3SA passe 4C passe;;;;;;6SA;4129
2839;OUV_2K;;FREE;;;;;;;;;0;;;;0;2K passe 2SA passe 3SA passe 4P passe;;;;;;6SA;4130
2840;OUV_2K;;FREE;;;;;;;;;0;;;;0;2K passe 2SA passe 3SA passe 5T passe;;;;;;6SA;4131
2841;OUV_2K;;OUV_2K;;;;;;;;;0;;;;0;2K passe 3m passe 3SA passe;major_4;;;;;4T;4132
2842;OUV_2K;;OUV_2K;;;;;;;;;0;;;;0;2K passe 3m passe 3SA passe 4T passe;;majors_at_least_4;=0;;;4K;4133
2843;OUV_2K;;OUV_2K;;;;;;;;;0;;;;0;2K passe 3m passe 3SA passe 4T passe;;majors_at_least_4;1;best_major;4;;4134
2844;OUV_2K;;OUV_2K;;;;;;;;;0;;;;0;2K passe 3m passe 3SA passe 4T passe;;majors_at_least_4;2;;;4SA;4135
2845;OUV_2K;;FREE;>=9HL;régulier;;;;;;;0;;;;0;2K passe 3m passe 3SA passe 4T passe 4K passe;;;;;;6SA;4136
2846;OUV_2K;;FREE;;;;Majeure;>=5;;;;0;;;;0;2K passe 3m passe 3SA passe 4T passe 4K passe;;;;long_suit;4CL1;;4137
2847;OUV_2K;;FREE;;;;mineure;>=6;;;;0;;;;0;2K passe 3m passe 3SA passe 4T passe 4K passe;;;;long_suit;5CL1;;4138
2848;OUV_2K;;FREE;;;;;;;;;0;;;;0;2K passe 3m passe 3SA passe 4T passe 4K passe;;;;;;4SA;4139
2849;OUV_2K;;FREE;>=9HLD;;;;;;;;0;;;>=4;0;2K passe 3m passe 3SA passe 4T passe 4M passe;;;;support;6;;4140
2850;OUV_2K;;PASS;;;;;;;;;0;;;>=4;0;2K passe 3m passe 3SA passe 4T passe 4M passe;;;;;;passe;none
2851;OUV_2K;;PASS;;;;;;;;;0;;;<4;0;2K passe 3m passe 3SA passe 4T passe 4M passe;;;;;;4SA;4141
2852;OUV_2K;;FREE;>=9HLD;;;;;;;;0;;;;0;2K passe 3m passe 3SA passe 4T passe 4SA passe;;suit_length;C>=4;;;6C;4142
2853;OUV_2K;;FREE;>=9HLD;;;;;;;;0;;;;0;2K passe 3m passe 3SA passe 4T passe 4SA passe;;suit_length;P>=4;;;6P;4143
2854;OUV_2K;;FREE;>=9HL;régulier;;;;;;;0;;;;0;2K passe 3m passe 3SA passe 4T passe 4SA passe;;;;;;6SA;4144
2855;OUV_2K;;FREE;<9HLD;;;;;;;;0;;;;0;2K passe 3m passe 3SA passe 4T passe 4SA passe;;suit_length;C>=4;;;5C;4145
2856;OUV_2K;;FREE;<9HLD;;;;;;;;0;;;;0;2K passe 3m passe 3SA passe 4T passe 4SA passe;;suit_length;P>=4;;;5P;4146
2857;OUV_2K;;PASS;<9HLD;;;;;;;;0;;;;0;2K passe 3m passe 3SA passe 4T passe 4SA passe;;;;;;passe;none
2858;OUV_2K;;OUV_2K;;;;coeur;>=5;;;;0;;;;0;2K passe 3m passe 3SA passe;;;;;;4K;4147
2859;OUV_2K;;OUV_2K;;;;pique;>=5;;;;0;;;;0;2K passe 3m passe 3SA passe;;;;;;4C;4148
2860;OUV_2K;;OUV_2K;;;;trèfle;>=6;;;;0;;;;0;2K passe 3m passe 3SA passe;;;;;;4P;4149
2861;OUV_2K;;OUV_2K;;;;carreau;>=6;;;;0;;;;0;2K passe 3m passe 3SA passe;;;;;;5T;4150
2862;OUV_2K;;FREE;>=29HLD;;;;;;;;0;;;;0;2K passe 3m passe 3SA passe 4K passe;;suit_length;C>=3;;;6C;4151
2863;OUV_2K;;FREE;>=29HLD;;;;;;;;0;;;;0;2K passe 3m passe 3SA passe 4C passe;;suit_length;P>=3;;;6P;4152
2864;OUV_2K;;FREE;>=29HLD;;;;;;;;0;;;;0;2K passe 3m passe 3SA passe 4P passe;;suit_length;T>=3;;;6T;4153
2865;OUV_2K;;FREE;>=29HLD;;;;;;;;0;;;;0;2K passe 3m passe 3SA passe 5T passe;;suit_length;K>=3;;;6K;4154
2866;OUV_2K;;FREE;<29HLD;;;;;;;;0;;;;0;2K passe 3m passe 3SA passe 4K passe;;suit_length;C>=3;;;4C;4155
2867;OUV_2K;;FREE;<29HLD;;;;;;;;0;;;;0;2K passe 3m passe 3SA passe 4C passe;;suit_length;P>=3;;;4P;4156
2868;OUV_2K;;FREE;<29HLD;;;;;;;;0;;;;0;2K passe 3m passe 3SA passe 4P passe;;suit_length;T>=3;;;5T;4157
2869;OUV_2K;;FREE;<29HLD;;;;;;;;0;;;;0;2K passe 3m passe 3SA passe 5T passe;;suit_length;K>=3;;;5K;4158
2870;OUV_2K;;FREE;;;;;;;;;0;;;;0;2K passe 3m passe 3SA passe 4K passe;;;;;;4SA;4159
2871;OUV_2K;;FREE;;;;;;;;;0;;;;0;2K passe 3m passe 3SA passe 4C passe;;;;;;4SA;4160
2872;OUV_2K;;FREE;;;;;;;;;0;;;;0;2K passe 3m passe 3SA passe 4P passe;;;;;;4SA;4161
2873;OUV_2K;;FREE;;;;;;;;;0;;;;0;2K passe 3m passe 3SA passe 5T passe;;;;;;passe;4162
2874;OUV_2K;;FREE;>=8HLD;;;;;;;;0;;;>=2;0;2K passe 3T passe 4T passe;;;;;;6T;4163
2875;OUV_2K;;FREE;;;;;;;;;0;;;>=2;0;2K passe 3T passe 4T passe;;;;;;5T;4164
2876;OUV_2K;;FREE;;;;Majeure;>=5;;;;0;;;<2;0;2K passe 3T passe 4T passe;;;;long_suit;4CL1;;4165
2877;OUV_2K;;FREE;;;;;;;;;0;;;<2;0;2K passe 3T passe 4T passe;;;;;;4SA;4166
2878;OUV_2K;;FREE;>=8HLD;;;;;;;;0;;;>=2;0;2K passe 3K passe 4m passe;;;;support;6;;4167
2879;OUV_2K;;FREE;;;;;;;;;0;;;>=2;0;2K passe 3K passe 4m passe;;;;support;5;;4168
2880;OUV_2K;;FREE;;;;Majeure;>=5;;;;0;;;<2;0;2K passe 3K passe 4m passe;;;;long_suit;4CL1;;4169
2881;OUV_2K;;FREE;;;;;;;;;0;;;<2;0;2K passe 3K passe 4m passe;;;;;;4SA;4170
2882;OUV_2T;;OUV_2T;;;;;;;;;0;;;;0;2T passe;;;;;;2K;4500
2883;OUV_2T;;FREE;>=5H;;;Majeure;>=5;;;;0;;;;0;2T 2K;;long_color_points_H;>=3;long_suit;2CL1;;4501
2884;OUV_2T;;FREE;>=5H;;;pique;>=5;;;;0;;;;0;2T 2C;;long_color_points_H;>=3;;;2P;4502
2885;OUV_2T;;FREE;>=5H;;;trèfle;>=6;;;;0;;;;0;2T 2K;;long_color_points_H;>=3;;;3T;4503
2886;OUV_2T;;FREE;>=5H;;;mineure;>=6;;;;0;;;;0;2T 2M;;long_color_points_H;>=3;long_suit;3CL1;;4504
2887;OUV_2T;;FREE;>=5H;;;coeur;>=6;;;;0;;;;0;2T 2P;;long_color_points_H;>=3;;;3C;4505
2888;OUV_2T;;FREE;>=5H;;;;;;;;0;;;;0;2T 2E;;;;;;X;4506
2889;OUV_2T;;FREE;>=5H;;;;;;;;0;;;;0;2T 3E;;;;;;X;4507
2890;OUV_2T;;FREE;>=5H;;;trèfle;>=6;;;;0;;;;0;2T X;;long_color_points_H;>=3;;;3T;4508
2891;OUV_2T;;FREE;>=5H;;;;>=5;;;;0;;;;0;2T X;;long_color_points_H;>=3;long_suit;2CL1;;4509
2892;OUV_2T;;FREE;>=5H;;;;;;;;0;;;;0;2T X;;;;;;XX;4510
2893;OUV_2T;;OUV_2T;20-23HL;;;Majeure;6;;;;8.25;>=2;;;0;2T passe 2K passe;;;;long_suit;2CL1;;4511
2894;OUV_2T;;OUV_2T;21-23HL;;;Majeure;5;;;;0;;;;0;2T passe 2K passe;;;;long_suit;2CL1;;4511
2895;OUV_2T;;OUV_2T;22-23HL;semi-régulier;;;;;;;0;;;;0;2T passe 2K passe;;;;;;2SA;4512
2896;OUV_2T;;OUV_2T;20-23HL;;;mineure;>=7;;;;9;;;;0;2T passe 2K passe;;long_color_points_H;>=8;long_suit;3CL1;;4513
2897;OUV_2T;;OUV_2T;20-23HL;;;Majeure;>=7;;;;8.25;;;;0;2T passe 2K passe;;long_color_points_H;>=8;long_suit;3CL1;;4513
2898;OUV_2T;;FREE;17H-23HL;bicolore 5/5;;Majeure;5;Majeure;5;;0;;3;;0;2T passe 2K passe;;;;;;3SA;4514
2899;OUV_2T;;FREE;17H-23HL;bicolore 6/5;;coeur;>=6;pique;5;;0;;3;;0;2T passe 2K passe;;;;;;4T;4515
2900;OUV_2T;;FREE;17H-23HL;bicolore 6/5;;pique;>=6;coeur;5;;0;;3;;0;2T passe 2K passe;;;;;;4K;4516
2901;OUV_2T;;PASS;;semi-régulier;;;;;;;0;;;;0;2T passe 2K 2C;;suit_length;C>=5;;;X;4517
2902;OUV_2T;;PASS;;semi-régulier;;;;;;;0;;;;0;2T passe 2K 2P;;suit_length;P>=5;;;X;4518
2903;OUV_2T;;FREE;;;;pique;>=5;;;;0;;;;0;2T passe 2K 2C;;;;;;2P;4519
2904;OUV_2T;;FREE;;;;mineure;>=6;;;;0;;;;0;2T passe 2K 2M;;;;;;3m;4520
2905;OUV_2T;;FREE;;;;coeur;>=6;;;;0;;;;0;2T passe 2K 2P;;;;;;3C;4521
2906;OUV_2T;;OUV_2T;;;;;;;;;0;;;;0;2T passe 2K 2M;;;;;;passe;4522
2907;OUV_2T;;PASS;;semi-régulier;;;;;;;0;;;;0;2T passe 2K 3T;;suit_length;T>=4;;;X;4523
2908;OUV_2T;;PASS;;semi-régulier;;;;;;;0;;;;0;2T passe 2K 3K;;suit_length;K>=4;;;X;4524
2909;OUV_2T;;FREE;;;;carreau;>=6;;;;0;;;;0;2T passe 2K 3T;;;;;;3K;4525
2910;OUV_2T;;FREE;;;;Majeure;>=6;;;;0;;;;0;2T passe 2K 3m;;;;long_suit;3CL1;;4526
2911;OUV_2T;;OUV_2T;;;;;;;;;0;;;;0;2T passe 2K 3m;;;;;;passe;4527
2912;OUV_2T;;PASS;;semi-régulier;;;;;;;0;;;;0;2T passe 2K 3C;;suit_length;C>=4;;;X;4528
2913;OUV_2T;;PASS;;semi-régulier;;;;;;;0;;;;0;2T passe 2K 3P;;suit_length;P>=4;;;X;4529
2914;OUV_2T;;FREE;;;;pique;>=6;;;;0;;;;0;2T passe 2K 3C;;;;;;3P;4530
2915;OUV_2T;;FREE;;;;coeur;>=6;;;;0;;;;0;2T passe 2K 3P;;long_color_points_H;>=7;;;4C;4531
2916;OUV_2T;;OUV_2T;;;;;;;;;0;;;;0;2T passe 2K 3M;;;;;;passe;4532
2917;OUV_2T;;FREE;;;;carreau;>=6;;;;0;;;;0;2T passe 2K X;;;;;;XX;4533
2918;OUV_2T;;FREE;>=4H;;;pique;>=5;;;;0;;;;0;2T passe 2K passe 2C passe;;;;;;2P;4534
2919;OUV_2T;;FREE;>=7H;;;mineure;>=5;;;;0;;;;0;2T passe 2K passe 2C passe;;;;long_suit;3CL1;;4535
2920;OUV_2T;;FREE;>=7H;;;coeur;>=5;;;;0;;;;0;2T passe 2K passe 2P passe;;;;;;3C;4536
2921;OUV_2T;;PASS;6-9HLD;;;;;;;;0;;;>=3;0;2T passe 2K passe 2M passe;;;;support;4;;4537
2922;OUV_2T;;FREE;;;;;;;;;0;;;>=4;0;2T passe 2K passe 2C passe;;suit_length;P<=1;;;3P;4538
2923;OUV_2T;;FREE;;;;;;;;;0;;;>=4;0;2T passe 2K passe 2M passe;;suit_length;T<=1;;;4T;4539
2924;OUV_2T;;FREE;;;;;;;;;0;;;>=4;0;2T passe 2K passe 2M passe;;suit_length;K<=1;;;4K;4540
2925;OUV_2T;;FREE;>=10HLD;;;;;;;;0;;;>=3;0;2T passe 2K passe 2M passe;;;;support;3;;4541
2926;OUV_2T;;FREE;>=5H;;;;;;;;0;;;<3;0;2T passe 2K passe 2M passe;;;;;;2SA;4542
2927;OUV_2T;;FREE;>=5H;;;;;;;;0;;;;0;2T passe 2K passe 3T passe;;points_H;K>=4;;;3K;4543
2928;OUV_2T;;FREE;>=5H;;;;;;;;0;;;;0;2T passe 2K passe 3m passe;;points_H;C>=4;;;3C;4544
2929;OUV_2T;;FREE;>=5H;;;;;;;;0;;;;0;2T passe 2K passe 3m passe;;points_H;P>=4;;;3P;4544
2930;OUV_2T;;FREE;>=10HLD;;;;;;;;0;;;>=3;0;2T passe 2K passe 3m passe;;;;support;4;;4545
2931;OUV_2T;;PASS;6-9HLD;;;;;;;;0;;;>=3;0;2T passe 2K passe 3M passe;;;;support;4;;4546
2932;OUV_2T;;FREE;>=10HLD;;;;;;;;0;;;>=3;0;2T passe 2K passe 3M passe;;;;first_control;;;4547
2933;OUV_2T;;PASS;;;;;;;;;0;;;;0;2T passe 2K 2M passe;stop_opponents_suits;;;;;2SA;4548
2934;OUV_2T;;PASS;>=5H;;;;;;;;0;;;;0;2T passe 2K 2M passe;stop_opponents_suits;;;;;3SA;4549
2935;OUV_2T;;FREE;>=4H;;;pique;>=5;;;;0;;;;0;2T passe 2K 2C passe;;;;;;2P;4550
2936;OUV_2T;;FREE;>=7H;;;;>=6;;;;0;;;;0;2T passe 2K 2M passe;;;;long_suit;3CL1;;4551
2937;OUV_2T;;PASS;;;;;;;;;0;;;;0;2T passe 2K 2M passe;;;;;;passe;none
2938;OUV_2T;;PASS;>=5H;;;;;;;;0;;;;0;2T passe 2K 3m passe;stop_opponents_suits;;;;;3SA;4552
2939;OUV_2T;;FREE;>=7H;;;carreau;>=6;;;;0;;;;0;2T passe 2K 3T passe;;;;;;3K;4553
2940;OUV_2T;;FREE;>=7H;;;Majeure;>=6;;;;0;;;;0;2T passe 2K 3m passe;;;;long_suit;3CL1;;4554
2941;OUV_2T;;PASS;;;;;;;;;0;;;;0;2T passe 2K 3m passe;;;;;;passe;none
2942;OUV_2T;;PASS;>=5H;;;;;;;;0;;;;0;2T passe 2K 3M passe;stop_opponents_suits;;;;;3SA;4555
2943;OUV_2T;;FREE;>=7H;;;pique;>=6;;;;0;;;;0;2T passe 2K 3C passe;;;;;;3P;4556
2944;OUV_2T;;PASS;;;;;;;;;0;;;;0;2T passe 2K 3M passe;;;;;;passe;none
2945;OUV_2T;;PASS;7-10HL;;;Majeure;>=6;;;;0;;;;0;2T passe 2K passe 2SA passe;;long_color_points_H;>=4;long_suit;4CL1;;4557
2946;OUV_2T;;OUV_2T;>=3HL;;;;;;;;0;;;;0;2T passe 2K passe 2SA passe;major_4;;;;;3T;4558
2947;OUV_2T;;OUV_2T;;;;coeur;>=5;;;;0;;;;0;2T passe 2K passe 2SA passe;;;;;;3K;4559
2948;OUV_2T;;OUV_2T;;;;pique;>=5;;;;0;;;;0;2T passe 2K passe 2SA passe;;;;;;3C;4560
2949;OUV_2T;;OUV_2T;>=5HL;;;trèfle;>=6;;;;0;;;;0;2T passe 2K passe 2SA passe;;;;;;3P;4561
2950;OUV_2T;;OUV_2T;>=5HL;;;carreau;>=6;;;;0;;;;0;2T passe 2K passe 2SA passe;;;;;;4T;4562
2951;OUV_2T;;OUV_2T;;bicolore 5/5;pique,coeur;;;;;;0;;;;0;2T passe 2K passe 2SA passe;;;;;;4K;4563
2952;OUV_2T;;OUV_2T;10HL;régulier;;;;;;;0;;;;0;2T passe 2K passe 2SA passe;;;;;;4SA;4564
2953;OUV_2T;;OUV_2T;14HL;régulier;;;;;;;0;;;;0;2T passe 2K passe 2SA passe;;;;;;5SA;4565
2954;OUV_2T;;PASS;11-13HL;régulier;;;;;;;0;;;;0;2T passe 2K passe 2SA passe;;;;;;6SA;4566
2955;OUV_2T;;OUV_2T;;;;;;;;;0;;;;0;2T passe 2K passe 2SA passe 3T passe;;majors_at_least_4;=0;;;3K;4567
2956;OUV_2T;;OUV_2T;;;;;;;;;0;;;;0;2T passe 2K passe 2SA passe 3T passe;;majors_at_least_4;1;best_major;3;;4568
2957;OUV_2T;;OUV_2T;;;;;;;;;0;;;;0;2T passe 2K passe 2SA passe 3T passe;;majors_at_least_4;2;;;3SA;4569
2958;OUV_2T;;FREE;>=10HL;;;mineure;>=6;;;;0;;;;0;2T passe 2K passe 2SA passe 3T passe 3K passe;;;;long_suit;4CL1;;4570
2959;OUV_2T;;PASS;<10HL;régulier;;;;;;;0;;;;0;2T passe 2K passe 2SA passe 3T passe 3K passe;;;;;;3SA;4571
2960;OUV_2T;;OUV_2T;10HL;régulier;;;;;;;0;;;;0;2T passe 2K passe 2SA passe 3T passe 3K passe;;;;;;4SA;4572
2961;OUV_2T;;PASS;11-13HL;régulier;;;;;;;0;;;;0;2T passe 2K passe 2SA passe 3T passe 3K passe;;;;;;6SA;4573
2962;OUV_2T;;OUV_2T;14HL;régulier;;;;;;;0;;;;0;2T passe 2K passe 2SA passe 3T passe 3K passe;;;;;;5SA;4574
2963;OUV_2T;;OUV_2T;>=5HL;;;pique;>=5;coeur;4;;0;;;;0;2T passe 2K passe 2SA passe 3T passe 3K passe;;;;;;3C;4575
2964;OUV_2T;;OUV_2T;>=5HL;;;coeur;>=5;pique;4;;0;;;;0;2T passe 2K passe 2SA passe 3T passe 3K passe;;;;;;3P;4576
2965;OUV_2T;;PASS;<10HLD;;;;;;;;0;;;>=4;0;2T passe 2K passe 2SA passe 3T passe 3M passe;;;;support;4;;4577
2966;OUV_2T;;FREE;>=10HLD;;;;;;;;0;;;;0;2T passe 2K passe 2SA passe 3T passe 3C passe;;suit_length;C>=4;;;3P;4578
2967;OUV_2T;;FREE;>=10HLD;;;;;;;;0;;;;0;2T passe 2K passe 2SA passe 3T passe 3P passe;;suit_length;P>=4;;;4C;4579
2968;OUV_2T;;FREE;>=10HL;;;mineure;>=6;;;;0;;;;0;2T passe 2K passe 2SA passe 3T passe 3M passe;;;;long_suit;4CL1;;4580
2969;OUV_2T;;OUV_2T;>=10HLD;;;;;;;;0;;;;0;2T passe 2K passe 2SA passe 3T passe 3SA passe;;suit_length;C>=4;;;4T;4581
2970;OUV_2T;;OUV_2T;>=10HLD;;;;;;;;0;;;;0;2T passe 2K passe 2SA passe 3T passe 3SA passe;;suit_length;P>=4;;;4K;4582
2971;OUV_2T;;PASS;<10HLD;;;;;;;;0;;;;0;2T passe 2K passe 2SA passe 3T passe 3SA passe;;suit_length;C>=4;;;4C;4583
2972;OUV_2T;;PASS;<10HLD;;;;;;;;0;;;;0;2T passe 2K passe 2SA passe 3T passe 3SA passe;;suit_length;P>=4;;;4P;4584
2973;OUV_2T;;FREE;>=10HLD;;;;;;;;0;;;;0;2T passe 2K passe 2SA passe 3T passe 3K passe 3C passe;;suit_length;P>=3;;;3P;4585
2974;OUV_2T;;FREE;>=10HLD;;;;;;;;0;;;;0;2T passe 2K passe 2SA passe 3T passe 3K passe 3P passe;;suit_length;C>=3;;;3C;4586
2975;OUV_2T;;PASS;<10HLD;;;;;;;;0;;;;0;2T passe 2K passe 2SA passe 3T passe 3K passe 3C passe;;suit_length;P>=3;;;4P;4587
2976;OUV_2T;;PASS;<10HLD;;;;;;;;0;;;;0;2T passe 2K passe 2SA passe 3T passe 3K passe 3P passe;;suit_length;C>=3;;;4C;4588
2977;OUV_2T;;FREE;;;;;;;;;0;;;;0;2T passe 2K passe 2SA passe 3T passe 3SA passe 4T passe;;;;;;4C;4589
2978;OUV_2T;;FREE;;;;;;;;;0;;;;0;2T passe 2K passe 2SA passe 3T passe 3SA passe 4K passe;;;;;;4P;4590
2979;OUV_2T;;PASS;>=23HL;;;;;;;;0;;;;0;4SA passe;;;;;;6SA;4591
2980;OUV_2T;;PASS;>=23HL;;;;;;;;0;;;;0;5SA passe;;;;;;7SA;4592
2981;OUV_2T;;FREE;;;;;;;;;0;;;;0;2T passe 2K passe 2SA passe 3K passe;;suit_length;C>=3;;;3C;4593
2982;OUV_2T;;FREE;;;;;;;;;0;;;;0;2T passe 2K passe 2SA passe 3C passe;;suit_length;P>=3;;;3P;4594
2983;OUV_2T;;FREE;;;;;;;;;0;;;;0;2T passe 2K passe 2SA passe 3P passe;;suit_length;T>=3;;;4T;4595
2984;OUV_2T;;FREE;;;;;;;;;0;;;;0;2T passe 2K passe 2SA passe 4T passe;;suit_length;K>=3;;;4K;4596
2985;OUV_2T;;FREE;;;;;;;;;0;;;;0;2T passe 2K passe 2SA passe 4K passe;;suit_length;C>=3;;;4C;4597
2986;OUV_2T;;FREE;;;;;;;;;0;;;;0;2T passe 2K passe 2SA passe 4K passe;;suit_length;P>=3;;;4P;4598
2987;OUV_2T;;PASS;;;;;;;;;0;;;;0;2T passe 2K passe 2SA passe 3K passe;;;;;;3SA;4599
2988;OUV_2T;;PASS;;;;;;;;;0;;;;0;2T passe 2K passe 2SA passe 3C passe;;;;;;3SA;4600
2989;OUV_2T;;PASS;;;;;;;;;0;;;;0;2T passe 2K passe 2SA passe 3P passe;;;;;;3SA;4601
2990;OUV_2T;;FREE;;;;;;;;;0;;;;0;2T passe 2K passe 2SA passe 4T passe;;;;;;4SA;4602
2991;OUV_2T;;FREE;;;;;;;;;0;;;;0;2T passe 2K passe 2SA passe 4K passe;;;;;;4SA;4603
2992;OUV_2SA;;OUV_2SA;>=4HL;;;;;;;;0;;;;0;2SA passe;major_4;;;;;3T;5001
2993;OUV_2SA;;PASS;5-8HLD;;;Majeure;>=6;;;;0;;;;0;2SA passe;;;;long_suit;4CL1;;5002
2994;OUV_2SA;;OUV_2SA;;;;coeur;>=5;;;;0;;;;0;2SA passe;;;;;;3K;5003
2995;OUV_2SA;;OUV_2SA;;;;pique;>=5;;;;0;;;;0;2SA passe;;;;;;3C;5004
2996;OUV_2SA;;OUV_2SA;>=7HL;;;trèfle;>=6;;;;0;;;;0;2SA passe;;;;;;3P;5005
2997;OUV_2SA;;OUV_2SA;>=7HL;;;carreau;>=6;;;;0;;;;0;2SA passe;;;;;;4T;5006
2998;OUV_2SA;;OUV_2SA;;bicolore 5/5;pique,coeur;;;;;;0;;;;0;2SA passe;;;;;;4K;5007
2999;OUV_2SA;;PASS;<=11HL;;;;;;;;0;;;;0;2SA passe;;;;;;3SA;5008
3000;OUV_2SA;;OUV_2SA;12HL;régulier;;;;;;;0;;;;0;2SA passe;;;;;;4SA;5009
3001;OUV_2SA;;PASS;13-15HL;régulier;;;;;;;0;;;;0;2SA passe;;;;;;6SA;5010
3002;OUV_2SA;;OUV_2SA;16HL;régulier;;;;;;;0;;;;0;2SA passe;;;;;;5SA;5011
3003;OUV_2SA;;PASS;>=17HL;régulier;;;;;;;0;;;;0;2SA passe;;;;;;7SA;5012
3004;OUV_2SA;;OUV_2SA;;;;;;;;;0;;;;0;2SA passe 3T passe;;majors_at_least_4;=0;;;3K;5013
3005;OUV_2SA;;OUV_2SA;;;;;;;;;0;;;;0;2SA passe 3T passe;;majors_at_least_4;1;best_major;3;;5014
3006;OUV_2SA;;OUV_2SA;;;;;;;;;0;;;;0;2SA passe 3T passe;;majors_at_least_4;2;;;3SA;5015
3007;OUV_2SA;;FREE;>=12HL;;;mineure;>=6;;;;0;;;;0;2SA passe 3T passe 3K passe;;;;long_suit;4CL1;;5016
3008;OUV_2SA;;PASS;<=11HL;régulier;;;;;;;0;;;;0;2SA passe 3T passe 3K passe;;;;;;3SA;5017
3009;OUV_2SA;;OUV_2SA;12HL;régulier;;;;;;;0;;;;0;2SA passe 3T passe 3K passe;;;;;;4SA;5018
3010;OUV_2SA;;PASS;13-15HL;régulier;;;;;;;0;;;;0;2SA passe 3T passe 3K passe;;;;;;6SA;5019
3011;OUV_2SA;;OUV_2SA;16HL;régulier;;;;;;;0;;;;0;2SA passe 3T passe 3K passe;;;;;;5SA;5020
3012;OUV_2SA;;PASS;>=17HL;régulier;;;;;;;0;;;;0;2SA passe 3T passe 3K passe;;;;;;7SA;5021
3013;OUV_2SA;;OUV_2SA;>=7HL;;;pique;>=5;coeur;4;;0;;;;0;2SA passe 3T passe 3K passe;;;;;;3C;5022
3014;OUV_2SA;;OUV_2SA;>=7HL;;;coeur;>=5;pique;4;;0;;;;0;2SA passe 3T passe 3K passe;;;;;;3P;5023
3015;OUV_2SA;;PASS;<12HLD;;;;;;;;0;;;>=4;0;2SA passe 3T passe 3M passe;;;;support;4;;5024
3016;OUV_2SA;;FREE;>=12HLD;;;;;;;;0;;;;0;2SA passe 3T passe 3C passe;;suit_length;C>=4;;;3P;5025
3017;OUV_2SA;;FREE;>=12HLD;;;;;;;;0;;;;0;2SA passe 3T passe 3P passe;;suit_length;P>=4;;;4C;5026
3018;OUV_2SA;;FREE;>=12HL;;;mineure;>=6;;;;0;;;;0;2SA passe 3T passe 3M passe;;;;long_suit;4CL1;;5027
3019;OUV_2SA;;OUV_2SA;>=12HLD;;;;;;;;0;;;;0;2SA passe 3T passe 3SA passe;;suit_length;C>=4;;;4T;5028
3020;OUV_2SA;;OUV_2SA;>=12HLD;;;;;;;;0;;;;0;2SA passe 3T passe 3SA passe;;suit_length;P>=4;;;4K;5029
3021;OUV_2SA;;PASS;<12HLD;;;;;;;;0;;;;0;2SA passe 3T passe 3SA passe;;suit_length;C>=4;;;4C;5030
3022;OUV_2SA;;PASS;<12HLD;;;;;;;;0;;;;0;2SA passe 3T passe 3SA passe;;suit_length;P>=4;;;4P;5031
3023;OUV_2SA;;FREE;>=12HLD;;;;;;;;0;;;;0;2SA passe 3T passe 3K passe 3C passe;;suit_length;P>=3;;;3P;5032
3024;OUV_2SA;;FREE;>=12HLD;;;;;;;;0;;;;0;2SA passe 3T passe 3K passe 3P passe;;suit_length;C>=3;;;3C;5033
3025;OUV_2SA;;PASS;<12HLD;;;;;;;;0;;;;0;2SA passe 3T passe 3K passe 3C passe;;suit_length;P>=3;;;4P;5034
3026;OUV_2SA;;PASS;<12HLD;;;;;;;;0;;;;0;2SA passe 3T passe 3K passe 3P passe;;suit_length;C>=3;;;4C;5035
3027;OUV_2SA;;FREE;;;;;;;;;0;;;;0;2SA passe 3T passe 3SA passe 4T passe;;;;;;4C;5036
3028;OUV_2SA;;FREE;;;;;;;;;0;;;;0;2SA passe 3T passe 3SA passe 4K passe;;;;;;4P;5037
3029;OUV_2SA;;PASS;>=21HL;;;;;;;;0;;;;0;4SA passe;;;;;;6SA;5038
3030;OUV_2SA;;PASS;>=21HL;;;;;;;;0;;;;0;5SA passe;;;;;;7SA;5039
3031;OUV_2SA;;FREE;;;;;;;;;0;;;;0;2SA passe 3K passe;;suit_length;C>=3;;;3C;5040
3032;OUV_2SA;;FREE;;;;;;;;;0;;;;0;2SA passe 3C passe;;suit_length;P>=3;;;3P;5041
3033;OUV_2SA;;FREE;;;;;;;;;0;;;;0;2SA passe 3P passe;;suit_length;T>=3;;;4T;5042
3034;OUV_2SA;;FREE;;;;;;;;;0;;;;0;2SA passe 4T passe;;suit_length;K>=3;;;4K;5043
3035;OUV_2SA;;FREE;;;;;;;;;0;;;;0;2SA passe 4K passe;;suit_length;C>=3;;;4C;5044
3036;OUV_2SA;;FREE;;;;;;;;;0;;;;0;2SA passe 4K passe;;suit_length;P>=3;;;4P;5045
3037;OUV_2SA;;FREE;;;;;;;;;0;;;;0;2SA passe 3K passe;;;;;;3SA;5046
3038;OUV_2SA;;FREE;;;;;;;;;0;;;;0;2SA passe 3C passe;;;;;;3SA;5047
3039;OUV_2SA;;PASS;;;;;;;;;0;;;;0;2SA passe 3P passe;;;;;;3SA;5048
3040;OUV_2SA;;FREE;;;;;;;;;0;;;;0;2SA passe 4T passe;;;;;;4SA;5049
3041;OUV_2SA;;PASS;<=12HLD;;;;;;;;0;;;;0;2SA passe 4K passe;;;;;;4SA;5050
3042;OUV_2SA;;PASS;13-15HL;;;;;;;;0;;;;0;2SA passe 3T passe 3K passe;;;;;;6SA;5051
3043;WAKE;;RI_OSPE;5-12H;irrégulier;;mineure;>=5;Majeure;4;;0;;;;0;1SA passe passe;;;;;;X;0
3044;WAKE;;RI_OSPE;5-12H;;;Majeure;>=5;;;;0;;;;0;1SA passe passe;;majors_at_least_4;2;;;2T;0
3045;WAKE;;FREE;5-12H;irrégulier;;carreau;>=5;;;;0;;;;0;1SA passe passe;;long_color_points_H;>=4;;;2K;0
3046;WAKE;;FREE;5-12H;irrégulier;;coeur;>=5;mineure;>=4;;0;;;;0;1SA passe passe;;long_color_points_H;>=4;;;2C;0
3047;WAKE;;FREE;5-12H;irrégulier;;pique;>=5;mineure;>=4;;0;;;;0;1SA passe passe;;long_color_points_H;>=4;;;2P;0
3048;WAKE;;FREE;5-12H;bicolore 5/5;carreau,trèfle;;;;;;0;;;;0;1SA passe passe;honors_in_bicolors;;;;;2SA;0
3049;WAKE;;FREE;5-12H;irrégulier;;trèfle;>=6;;;;0;;;;0;1SA passe passe;;long_color_points_H;>=4;;;3T;0
